id_consulta,id_paciente,id_medico,id_especialidade,data_hora,motivo_visita,status_consulta,sala_atendimento,valor_cobrado,nome_medico,cpf,data_nascimento,genero,endereco,telefone,email,plano_saude,nome_completo_medico,crm,nome_especialidade,tempo_medio_consulta_min
1,10,11,11,2025-01-01 09:45:00,Falta de ar e sibilos noturnos,Realizada,Sala 207,229.6,Camila Farias Albuquerque,246.371.242-41,2005-11-15,Feminino,"Rua Esperança, 2404 - Altiplano, João Pessoa/PB",(83) 99525-9830,camila.farias.a@email.com,Amil,Dr. André Luiz Barreto,6789/PB,Pneumologia,35
134,84,11,11,2025-02-15 08:00:00,Acompanhamento de bronquite,Realizada,Sala 207,252.0,Fernanda Machado Machado,567.115.839-28,2011-02-17,Feminino,"Rua Bancários, 1095 - Tambaú, João Pessoa/PB",(83) 98839-3529,fernanda.machad@email.com,Unimed,Dr. André Luiz Barreto,6789/PB,Pneumologia,35
343,84,11,11,2025-05-02 15:30:00,Falta de ar e sibilos noturnos,Realizada,Sala 207,252.0,Fernanda Machado Machado,567.115.839-28,2011-02-17,Feminino,"Rua Bancários, 1095 - Tambaú, João Pessoa/PB",(83) 98839-3529,fernanda.machad@email.com,Unimed,Dr. André Luiz Barreto,6789/PB,Pneumologia,35
1182,84,11,11,2026-02-19 14:45:00,Manejo de asma moderada,Cancelada,Sala 207,252.0,Fernanda Machado Machado,567.115.839-28,2011-02-17,Feminino,"Rua Bancários, 1095 - Tambaú, João Pessoa/PB",(83) 98839-3529,fernanda.machad@email.com,Unimed,Dr. André Luiz Barreto,6789/PB,Pneumologia,35
1600,84,11,11,2026-07-21 11:30:00,Tosse crônica persistente,Realizada,Sala 207,252.0,Fernanda Machado Machado,567.115.839-28,2011-02-17,Feminino,"Rua Bancários, 1095 - Tambaú, João Pessoa/PB",(83) 98839-3529,fernanda.machad@email.com,Unimed,Dr. André Luiz Barreto,6789/PB,Pneumologia,35
232,104,11,11,2025-03-25 12:00:00,Manejo de asma moderada,Realizada,Sala 207,246.4,Fernanda Lopes Nascimento,429.722.251-18,2011-02-03,Feminino,"Rua Esperança, 2407 - Jaguaribe, João Pessoa/PB",(83) 98258-5505,fernanda.lopes.@email.com,Bradesco Saúde,Dr. André Luiz Barreto,6789/PB,Pneumologia,35
1301,104,11,11,2026-04-09 14:45:00,Falta de ar e sibilos noturnos,Realizada,Sala 207,246.4,Fernanda Lopes Nascimento,429.722.251-18,2011-02-03,Feminino,"Rua Esperança, 2407 - Jaguaribe, João Pessoa/PB",(83) 98258-5505,fernanda.lopes.@email.com,Bradesco Saúde,Dr. André Luiz Barreto,6789/PB,Pneumologia,35
1015,57,11,11,2025-12-20 08:00:00,Falta de ar e sibilos noturnos,Realizada,Sala 207,252.0,Marcelo Nascimento Lima,721.865.835-24,2002-03-20,Masculino,"Rua Principal, 2380 - Altiplano, João Pessoa/PB",(83) 99592-3683,marcelo.nascime@email.com,Unimed,Dr. André Luiz Barreto,6789/PB,Pneumologia,35
1038,57,11,11,2025-12-29 17:00:00,Tosse crônica persistente,Realizada,Sala 207,252.0,Marcelo Nascimento Lima,721.865.835-24,2002-03-20,Masculino,"Rua Principal, 2380 - Altiplano, João Pessoa/PB",(83) 99592-3683,marcelo.nascime@email.com,Unimed,Dr. André Luiz Barreto,6789/PB,Pneumologia,35
1668,57,11,11,2026-08-12 11:15:00,Tosse crônica persistente,Não Compareceu,Sala 207,252.0,Marcelo Nascimento Lima,721.865.835-24,2002-03-20,Masculino,"Rua Principal, 2380 - Altiplano, João Pessoa/PB",(83) 99592-3683,marcelo.nascime@email.com,Unimed,Dr. André Luiz Barreto,6789/PB,Pneumologia,35
709,87,11,11,2025-09-08 09:45:00,Manejo de asma moderada,Cancelada,Sala 207,229.6,Pedro Costa Nunes,483.541.249-41,1962-05-12,Masculino,"Rua Esperança, 747 - Jaguaribe, João Pessoa/PB",(83) 99087-7751,pedro.costa.nun@email.com,Amil,Dr. André Luiz Barreto,6789/PB,Pneumologia,35
6,72,11,11,2025-01-02 14:30:00,Tosse crônica persistente,Realizada,Sala 207,252.0,Débora Oliveira Dias,910.740.703-94,1984-05-26,Feminino,"Rua Principal, 2240 - Bancários, João Pessoa/PB",(83) 99646-4241,débora.oliveira@email.com,Unimed,Dr. André Luiz Barreto,6789/PB,Pneumologia,35
298,72,11,11,2025-04-17 17:30:00,Falta de ar e sibilos noturnos,Realizada,Sala 207,252.0,Débora Oliveira Dias,910.740.703-94,1984-05-26,Feminino,"Rua Principal, 2240 - Bancários, João Pessoa/PB",(83) 99646-4241,débora.oliveira@email.com,Unimed,Dr. André Luiz Barreto,6789/PB,Pneumologia,35
489,72,11,11,2025-06-23 13:45:00,Falta de ar e sibilos noturnos,Realizada,Sala 207,252.0,Débora Oliveira Dias,910.740.703-94,1984-05-26,Feminino,"Rua Principal, 2240 - Bancários, João Pessoa/PB",(83) 99646-4241,débora.oliveira@email.com,Unimed,Dr. André Luiz Barreto,6789/PB,Pneumologia,35
7,75,11,11,2025-01-02 10:30:00,Acompanhamento de bronquite,Realizada,Sala 207,229.6,Diego Vieira Santos,767.552.384-33,1977-08-17,Masculino,"Rua Principal, 1935 - Centro, João Pessoa/PB",(83) 99198-8141,diego.vieira.sa@email.com,Amil,Dr. André Luiz Barreto,6789/PB,Pneumologia,35
1148,75,11,11,2026-02-05 14:15:00,Acompanhamento de bronquite,Realizada,Sala 207,229.6,Diego Vieira Santos,767.552.384-33,1977-08-17,Masculino,"Rua Principal, 1935 - Centro, João Pessoa/PB",(83) 99198-8141,diego.vieira.sa@email.com,Amil,Dr. André Luiz Barreto,6789/PB,Pneumologia,35
1537,75,11,11,2026-07-01 14:45:00,Falta de ar e sibilos noturnos,Realizada,Sala 207,229.6,Diego Vieira Santos,767.552.384-33,1977-08-17,Masculino,"Rua Principal, 1935 - Centro, João Pessoa/PB",(83) 99198-8141,diego.vieira.sa@email.com,Amil,Dr. André Luiz Barreto,6789/PB,Pneumologia,35
9,83,11,11,2025-01-03 14:30:00,Manejo de asma moderada,Não Compareceu,Sala 207,252.0,André Vieira Martins,425.862.584-58,1984-07-02,Masculino,"Rua Principal, 527 - Centro, João Pessoa/PB",(83) 98790-3492,andré.vieira.ma@email.com,Unimed,Dr. André Luiz Barreto,6789/PB,Pneumologia,35
796,83,11,11,2025-10-03 10:45:00,Tosse crônica persistente,Realizada,Sala 207,252.0,André Vieira Martins,425.862.584-58,1984-07-02,Masculino,"Rua Principal, 527 - Centro, João Pessoa/PB",(83) 98790-3492,andré.vieira.ma@email.com,Unimed,Dr. André Luiz Barreto,6789/PB,Pneumologia,35
1685,83,11,11,2026-08-20 09:30:00,Falta de ar e sibilos noturnos,Realizada,Sala 207,252.0,André Vieira Martins,425.862.584-58,1984-07-02,Masculino,"Rua Principal, 527 - Centro, João Pessoa/PB",(83) 98790-3492,andré.vieira.ma@email.com,Unimed,Dr. André Luiz Barreto,6789/PB,Pneumologia,35
155,24,11,11,2025-02-25 16:00:00,Acompanhamento de bronquite,Realizada,Sala 207,246.4,Isabela Duarte Correia,294.649.559-27,1968-04-07,Feminino,"Rua Bancários, 1033 - Altiplano, João Pessoa/PB",(83) 98864-4006,isabela.duarte.@email.com,Bradesco Saúde,Dr. André Luiz Barreto,6789/PB,Pneumologia,35
1374,24,11,11,2026-05-06 16:45:00,Falta de ar e sibilos noturnos,Realizada,Sala 207,246.4,Isabela Duarte Correia,294.649.559-27,1968-04-07,Feminino,"Rua Bancários, 1033 - Altiplano, João Pessoa/PB",(83) 98864-4006,isabela.duarte.@email.com,Bradesco Saúde,Dr. André Luiz Barreto,6789/PB,Pneumologia,35
1131,31,11,11,2026-01-30 12:15:00,Falta de ar e sibilos noturnos,Realizada,Sala 207,238.0,Guilherme Sampaio Neves,505.234.787-92,1995-04-09,Masculino,"Rua Principal, 48 - Mangabeira, João Pessoa/PB",(83) 98614-8491,guilherme.sampa@email.com,SulAmérica,Dr. André Luiz Barreto,6789/PB,Pneumologia,35
53,65,11,11,2025-01-20 10:15:00,Manejo de asma moderada,Cancelada,Sala 207,252.0,Amanda Nascimento Almeida,336.223.838-34,1989-05-09,Feminino,"Rua Esperança, 768 - Torre, João Pessoa/PB",(83) 98646-2958,amanda.nascimen@email.com,Unimed,Dr. André Luiz Barreto,6789/PB,Pneumologia,35
761,98,11,11,2025-09-23 13:45:00,Manejo de asma moderada,Não Compareceu,Sala 207,246.4,Fernanda Marques Lopes,806.479.322-66,2007-05-02,Feminino,"Rua Principal, 1514 - Mangabeira, João Pessoa/PB",(83) 98910-4868,fernanda.marque@email.com,Bradesco Saúde,Dr. André Luiz Barreto,6789/PB,Pneumologia,35
1207,98,11,11,2026-03-02 14:30:00,Tosse crônica persistente,Realizada,Sala 207,246.4,Fernanda Marques Lopes,806.479.322-66,2007-05-02,Feminino,"Rua Principal, 1514 - Mangabeira, João Pessoa/PB",(83) 98910-4868,fernanda.marque@email.com,Bradesco Saúde,Dr. André Luiz Barreto,6789/PB,Pneumologia,35
1588,98,11,11,2026-07-17 12:30:00,Tosse crônica persistente,Realizada,Sala 207,246.4,Fernanda Marques Lopes,806.479.322-66,2007-05-02,Feminino,"Rua Principal, 1514 - Mangabeira, João Pessoa/PB",(83) 98910-4868,fernanda.marque@email.com,Bradesco Saúde,Dr. André Luiz Barreto,6789/PB,Pneumologia,35
986,117,11,11,2025-12-10 10:00:00,Falta de ar e sibilos noturnos,Realizada,Sala 207,229.6,Rodrigo Vieira Martins,417.863.447-38,1965-07-28,Masculino,"Rua Epitácio Pessoa, 477 - Tambaú, João Pessoa/PB",(83) 98682-3754,rodrigo.vieira.@email.com,Amil,Dr. André Luiz Barreto,6789/PB,Pneumologia,35
1014,117,11,11,2025-12-19 11:15:00,Acompanhamento de bronquite,Realizada,Sala 207,229.6,Rodrigo Vieira Martins,417.863.447-38,1965-07-28,Masculino,"Rua Epitácio Pessoa, 477 - Tambaú, João Pessoa/PB",(83) 98682-3754,rodrigo.vieira.@email.com,Amil,Dr. André Luiz Barreto,6789/PB,Pneumologia,35
1328,120,11,11,2026-04-21 15:30:00,Tosse crônica persistente,Realizada,Sala 207,246.4,Débora Rocha Gomes,460.619.175-49,1990-10-02,Feminino,"Rua Principal, 1520 - Manaíra, João Pessoa/PB",(83) 98945-8404,débora.rocha.go@email.com,Bradesco Saúde,Dr. André Luiz Barreto,6789/PB,Pneumologia,35
1198,118,11,11,2026-02-26 10:45:00,Manejo de asma moderada,Realizada,Sala 207,252.0,Bruno Ribeiro Andrade,249.362.302-32,1973-04-04,Masculino,"Rua das Flores, 2033 - Tambaú, João Pessoa/PB",(83) 99233-3504,bruno.ribeiro.a@email.com,Unimed,Dr. André Luiz Barreto,6789/PB,Pneumologia,35
923,33,11,11,2025-11-17 16:45:00,Acompanhamento de bronquite,Não Compareceu,Sala 207,252.0,Bruno Gomes Ferreira,409.726.926-93,2011-09-23,Masculino,"Rua dos Ipês, 434 - Torre, João Pessoa/PB",(83) 99083-1128,bruno.gomes.fer@email.com,Unimed,Dr. André Luiz Barreto,6789/PB,Pneumologia,35
1087,33,11,11,2026-01-15 14:15:00,Falta de ar e sibilos noturnos,Realizada,Sala 207,252.0,Bruno Gomes Ferreira,409.726.926-93,2011-09-23,Masculino,"Rua dos Ipês, 434 - Torre, João Pessoa/PB",(83) 99083-1128,bruno.gomes.fer@email.com,Unimed,Dr. André Luiz Barreto,6789/PB,Pneumologia,35
635,77,11,11,2025-08-12 09:00:00,Tosse crônica persistente,Não Compareceu,Sala 207,229.6,Felipe Lima Costa,626.944.101-94,1969-07-28,Masculino,"Rua Bancários, 232 - Centro, João Pessoa/PB",(83) 99780-9889,felipe.lima.cos@email.com,Amil,Dr. André Luiz Barreto,6789/PB,Pneumologia,35
1524,77,11,11,2026-06-26 13:00:00,Falta de ar e sibilos noturnos,Realizada,Sala 207,229.6,Felipe Lima Costa,626.944.101-94,1969-07-28,Masculino,"Rua Bancários, 232 - Centro, João Pessoa/PB",(83) 99780-9889,felipe.lima.cos@email.com,Amil,Dr. André Luiz Barreto,6789/PB,Pneumologia,35
389,79,11,11,2025-05-19 12:15:00,Manejo de asma moderada,Realizada,Sala 207,246.4,João Rocha Barbosa,418.664.114-80,1985-12-06,Masculino,"Rua Principal, 1900 - Bessa, João Pessoa/PB",(83) 98835-2527,joão.rocha.barb@email.com,Bradesco Saúde,Dr. André Luiz Barreto,6789/PB,Pneumologia,35
565,79,11,11,2025-07-17 17:15:00,Manejo de asma moderada,Realizada,Sala 207,246.4,João Rocha Barbosa,418.664.114-80,1985-12-06,Masculino,"Rua Principal, 1900 - Bessa, João Pessoa/PB",(83) 98835-2527,joão.rocha.barb@email.com,Bradesco Saúde,Dr. André Luiz Barreto,6789/PB,Pneumologia,35
1621,79,11,11,2026-07-29 09:45:00,Tosse crônica persistente,Realizada,Sala 207,246.4,João Rocha Barbosa,418.664.114-80,1985-12-06,Masculino,"Rua Principal, 1900 - Bessa, João Pessoa/PB",(83) 98835-2527,joão.rocha.barb@email.com,Bradesco Saúde,Dr. André Luiz Barreto,6789/PB,Pneumologia,35
692,48,11,11,2025-09-01 09:15:00,Acompanhamento de bronquite,Realizada,Sala 207,246.4,Ana Fernandes Pereira,920.575.783-77,1970-08-05,Feminino,"Rua Epitácio Pessoa, 2077 - Centro, João Pessoa/PB",(83) 99144-6198,ana.fernandes.p@email.com,Bradesco Saúde,Dr. André Luiz Barreto,6789/PB,Pneumologia,35
587,99,11,11,2025-07-24 12:00:00,Manejo de asma moderada,Realizada,Sala 207,252.0,Ana Martins Lima,943.565.193-94,1979-02-28,Feminino,"Rua dos Ipês, 1007 - Manaíra, João Pessoa/PB",(83) 98434-1349,ana.martins.lim@email.com,Unimed,Dr. André Luiz Barreto,6789/PB,Pneumologia,35
725,99,11,11,2025-09-11 10:00:00,Tosse crônica persistente,Realizada,Sala 207,252.0,Ana Martins Lima,943.565.193-94,1979-02-28,Feminino,"Rua dos Ipês, 1007 - Manaíra, João Pessoa/PB",(83) 98434-1349,ana.martins.lim@email.com,Unimed,Dr. André Luiz Barreto,6789/PB,Pneumologia,35
1112,99,11,11,2026-01-23 12:15:00,Manejo de asma moderada,Realizada,Sala 207,252.0,Ana Martins Lima,943.565.193-94,1979-02-28,Feminino,"Rua dos Ipês, 1007 - Manaíra, João Pessoa/PB",(83) 98434-1349,ana.martins.lim@email.com,Unimed,Dr. André Luiz Barreto,6789/PB,Pneumologia,35
29,107,11,11,2025-01-10 15:45:00,Tosse crônica persistente,Realizada,Sala 207,246.4,Lucas Marques Oliveira,862.856.481-26,1966-07-04,Masculino,"Rua Epitácio Pessoa, 2310 - Jaguaribe, João Pessoa/PB",(83) 99139-1982,lucas.marques.o@email.com,Bradesco Saúde,Dr. André Luiz Barreto,6789/PB,Pneumologia,35
1466,5,11,11,2026-06-08 12:45:00,Manejo de asma moderada,Realizada,Sala 207,252.0,Roberto Alves Monteiro,649.227.487-20,1960-12-15,Masculino,"Rua dos Ipês, 2374 - Jaguaribe, João Pessoa/PB",(83) 99130-5803,roberto.alves.m@email.com,Unimed,Dr. André Luiz Barreto,6789/PB,Pneumologia,35
32,111,11,11,2025-01-11 13:30:00,Manejo de asma moderada,Cancelada,Sala 207,252.0,Fernando Alves Martins,261.478.419-51,2008-08-11,Masculino,"Rua das Flores, 654 - Manaíra, João Pessoa/PB",(83) 99590-2391,fernando.alves.@email.com,Unimed,Dr. André Luiz Barreto,6789/PB,Pneumologia,35
869,114,11,11,2025-10-28 16:30:00,Manejo de asma moderada,Realizada,Sala 207,229.6,Gabriel Moreira Lima,107.609.864-65,1992-06-04,Masculino,"Rua Epitácio Pessoa, 952 - Bancários, João Pessoa/PB",(83) 98359-3116,gabriel.moreira@email.com,Amil,Dr. André Luiz Barreto,6789/PB,Pneumologia,35
726,106,11,11,2025-09-12 12:30:00,Manejo de asma moderada,Realizada,Sala 207,252.0,Aline Marques Almeida,197.420.537-50,2006-07-24,Feminino,"Rua das Flores, 1952 - Mangabeira, João Pessoa/PB",(83) 99362-5176,aline.marques.a@email.com,Unimed,Dr. André Luiz Barreto,6789/PB,Pneumologia,35
804,106,11,11,2025-10-07 15:00:00,Tosse crônica persistente,Realizada,Sala 207,252.0,Aline Marques Almeida,197.420.537-50,2006-07-24,Feminino,"Rua das Flores, 1952 - Mangabeira, João Pessoa/PB",(83) 99362-5176,aline.marques.a@email.com,Unimed,Dr. André Luiz Barreto,6789/PB,Pneumologia,35
211,40,11,11,2025-03-18 10:00:00,Tosse crônica persistente,Não Compareceu,Sala 207,246.4,João Dias Alves,985.171.891-45,2006-06-09,Masculino,"Rua Esperança, 2206 - Bancários, João Pessoa/PB",(83) 98719-9346,joão.dias.alves@email.com,Bradesco Saúde,Dr. André Luiz Barreto,6789/PB,Pneumologia,35
1452,45,11,11,2026-06-03 08:15:00,Acompanhamento de bronquite,Realizada,Sala 207,252.0,Débora Almeida Almeida,912.915.853-31,1982-09-16,Feminino,"Rua Epitácio Pessoa, 1382 - Altiplano, João Pessoa/PB",(83) 99349-2389,débora.almeida.@email.com,Unimed,Dr. André Luiz Barreto,6789/PB,Pneumologia,35
1556,45,11,11,2026-07-07 10:30:00,Acompanhamento de bronquite,Realizada,Sala 207,252.0,Débora Almeida Almeida,912.915.853-31,1982-09-16,Feminino,"Rua Epitácio Pessoa, 1382 - Altiplano, João Pessoa/PB",(83) 99349-2389,débora.almeida.@email.com,Unimed,Dr. André Luiz Barreto,6789/PB,Pneumologia,35
38,86,11,11,2025-01-14 14:30:00,Tosse crônica persistente,Realizada,Sala 207,252.0,André Rocha Dias,192.544.200-91,1991-04-24,Masculino,"Rua das Flores, 1236 - Centro, João Pessoa/PB",(83) 99441-2646,andré.rocha.dia@email.com,Unimed,Dr. André Luiz Barreto,6789/PB,Pneumologia,35
428,109,11,11,2025-05-31 16:30:00,Tosse crônica persistente,Cancelada,Sala 207,252.0,Mateus Ribeiro Machado,385.687.331-64,2002-02-25,Masculino,"Rua Esperança, 1105 - Jaguaribe, João Pessoa/PB",(83) 99730-1430,mateus.ribeiro.@email.com,Unimed,Dr. André Luiz Barreto,6789/PB,Pneumologia,35
73,34,11,11,2025-01-25 17:15:00,Acompanhamento de bronquite,Realizada,Sala 207,280.0,Diego Souza Mendes,259.378.388-87,1968-12-18,Masculino,"Rua Esperança, 1091 - Bessa, João Pessoa/PB",(83) 98431-6617,diego.souza.men@email.com,Particular,Dr. André Luiz Barreto,6789/PB,Pneumologia,35
1293,34,11,11,2026-04-07 13:30:00,Acompanhamento de bronquite,Realizada,Sala 207,280.0,Diego Souza Mendes,259.378.388-87,1968-12-18,Masculino,"Rua Esperança, 1091 - Bessa, João Pessoa/PB",(83) 98431-6617,diego.souza.men@email.com,Particular,Dr. André Luiz Barreto,6789/PB,Pneumologia,35
391,18,11,11,2025-05-19 13:45:00,Manejo de asma moderada,Realizada,Sala 207,246.4,Clarice Lispector Cunha,993.721.533-37,1976-05-17,Feminino,"Rua Esperança, 1286 - Bessa, João Pessoa/PB",(83) 99902-9835,clarice.lispect@email.com,Bradesco Saúde,Dr. André Luiz Barreto,6789/PB,Pneumologia,35
452,18,11,11,2025-06-10 16:30:00,Manejo de asma moderada,Realizada,Sala 207,246.4,Clarice Lispector Cunha,993.721.533-37,1976-05-17,Feminino,"Rua Esperança, 1286 - Bessa, João Pessoa/PB",(83) 99902-9835,clarice.lispect@email.com,Bradesco Saúde,Dr. André Luiz Barreto,6789/PB,Pneumologia,35
1168,18,11,11,2026-02-13 11:45:00,Acompanhamento de bronquite,Realizada,Sala 207,246.4,Clarice Lispector Cunha,993.721.533-37,1976-05-17,Feminino,"Rua Esperança, 1286 - Bessa, João Pessoa/PB",(83) 99902-9835,clarice.lispect@email.com,Bradesco Saúde,Dr. André Luiz Barreto,6789/PB,Pneumologia,35
561,76,11,11,2025-07-15 15:45:00,Falta de ar e sibilos noturnos,Realizada,Sala 207,229.6,Carolina Costa Costa,521.810.607-46,1968-03-11,Feminino,"Rua Principal, 1872 - Torre, João Pessoa/PB",(83) 99356-7561,carolina.costa.@email.com,Amil,Dr. André Luiz Barreto,6789/PB,Pneumologia,35
643,20,11,11,2025-08-14 08:00:00,Manejo de asma moderada,Realizada,Sala 207,252.0,Luciana Guedes Nogueira,335.702.325-10,1957-10-18,Feminino,"Rua Principal, 138 - Bessa, João Pessoa/PB",(83) 98145-1964,luciana.guedes.@email.com,Unimed,Dr. André Luiz Barreto,6789/PB,Pneumologia,35
1190,20,11,11,2026-02-23 15:00:00,Falta de ar e sibilos noturnos,Realizada,Sala 207,252.0,Luciana Guedes Nogueira,335.702.325-10,1957-10-18,Feminino,"Rua Principal, 138 - Bessa, João Pessoa/PB",(83) 98145-1964,luciana.guedes.@email.com,Unimed,Dr. André Luiz Barreto,6789/PB,Pneumologia,35
844,62,11,11,2025-10-20 10:15:00,Tosse crônica persistente,Realizada,Sala 207,252.0,Aline Silva Lopes,317.463.916-43,1996-03-16,Feminino,"Rua Esperança, 1141 - Jaguaribe, João Pessoa/PB",(83) 98697-5581,aline.silva.lop@email.com,Unimed,Dr. André Luiz Barreto,6789/PB,Pneumologia,35
1353,62,11,11,2026-04-30 09:00:00,Tosse crônica persistente,Não Compareceu,Sala 207,252.0,Aline Silva Lopes,317.463.916-43,1996-03-16,Feminino,"Rua Esperança, 1141 - Jaguaribe, João Pessoa/PB",(83) 98697-5581,aline.silva.lop@email.com,Unimed,Dr. André Luiz Barreto,6789/PB,Pneumologia,35
724,54,11,11,2025-09-11 13:00:00,Falta de ar e sibilos noturnos,Realizada,Sala 207,280.0,Leonardo Vieira Vieira,538.238.987-69,1958-02-21,Masculino,"Rua Bancários, 1350 - Altiplano, João Pessoa/PB",(83) 98372-1823,leonardo.vieira@email.com,Particular,Dr. André Luiz Barreto,6789/PB,Pneumologia,35
438,52,11,11,2025-06-05 13:00:00,Tosse crônica persistente,Realizada,Sala 207,229.6,Bruno Gomes Moreira,865.852.659-87,2004-07-18,Masculino,"Rua das Flores, 1127 - Centro, João Pessoa/PB",(83) 99838-4613,bruno.gomes.mor@email.com,Amil,Dr. André Luiz Barreto,6789/PB,Pneumologia,35
1003,52,11,11,2025-12-17 13:00:00,Acompanhamento de bronquite,Realizada,Sala 207,229.6,Bruno Gomes Moreira,865.852.659-87,2004-07-18,Masculino,"Rua das Flores, 1127 - Centro, João Pessoa/PB",(83) 99838-4613,bruno.gomes.mor@email.com,Amil,Dr. André Luiz Barreto,6789/PB,Pneumologia,35
377,58,11,11,2025-05-15 14:45:00,Acompanhamento de bronquite,Realizada,Sala 207,252.0,Thiago Vieira Dias,303.177.706-98,2003-07-23,Masculino,"Rua Esperança, 1245 - Tambaú, João Pessoa/PB",(83) 99701-4978,thiago.vieira.d@email.com,Unimed,Dr. André Luiz Barreto,6789/PB,Pneumologia,35
306,7,11,11,2025-04-21 17:00:00,Tosse crônica persistente,Realizada,Sala 207,252.0,Gabriel Martins Ferreira,473.266.479-55,2013-11-27,Masculino,"Rua Epitácio Pessoa, 710 - Tambaú, João Pessoa/PB",(83) 98429-5374,gabriel.martins@email.com,Unimed,Dr. André Luiz Barreto,6789/PB,Pneumologia,35
325,2,11,11,2025-04-26 09:00:00,Acompanhamento de bronquite,Realizada,Sala 207,224.0,Mariana Souza Lima,195.323.338-74,2009-01-01,Feminino,"Rua das Flores, 2242 - Torre, João Pessoa/PB",(83) 99232-1434,mariana.souza.l@email.com,Cassi,Dr. André Luiz Barreto,6789/PB,Pneumologia,35
1643,2,11,11,2026-08-05 09:30:00,Acompanhamento de bronquite,Realizada,Sala 207,224.0,Mariana Souza Lima,195.323.338-74,2009-01-01,Feminino,"Rua das Flores, 2242 - Torre, João Pessoa/PB",(83) 99232-1434,mariana.souza.l@email.com,Cassi,Dr. André Luiz Barreto,6789/PB,Pneumologia,35
826,103,11,11,2025-10-14 12:30:00,Falta de ar e sibilos noturnos,Realizada,Sala 207,252.0,Eduarda Pereira Barbosa,987.774.633-48,1960-12-26,Feminino,"Rua Bancários, 1655 - Manaíra, João Pessoa/PB",(83) 98938-1510,eduarda.pereira@email.com,Unimed,Dr. André Luiz Barreto,6789/PB,Pneumologia,35
1000,103,11,11,2025-12-16 10:15:00,Falta de ar e sibilos noturnos,Não Compareceu,Sala 207,252.0,Eduarda Pereira Barbosa,987.774.633-48,1960-12-26,Feminino,"Rua Bancários, 1655 - Manaíra, João Pessoa/PB",(83) 98938-1510,eduarda.pereira@email.com,Unimed,Dr. André Luiz Barreto,6789/PB,Pneumologia,35
456,42,11,11,2025-06-12 16:45:00,Acompanhamento de bronquite,Realizada,Sala 207,246.4,Leonardo Mendes Vieira,825.546.101-76,1979-05-02,Masculino,"Rua dos Ipês, 1776 - Bessa, João Pessoa/PB",(83) 99895-9821,leonardo.mendes@email.com,Bradesco Saúde,Dr. André Luiz Barreto,6789/PB,Pneumologia,35
72,43,11,11,2025-01-25 09:45:00,Falta de ar e sibilos noturnos,Realizada,Sala 207,252.0,Felipe Barbosa Costa,619.416.782-62,1970-12-10,Masculino,"Rua Epitácio Pessoa, 531 - Altiplano, João Pessoa/PB",(83) 98668-7592,felipe.barbosa.@email.com,Unimed,Dr. André Luiz Barreto,6789/PB,Pneumologia,35
646,43,11,11,2025-08-15 12:45:00,Falta de ar e sibilos noturnos,Não Compareceu,Sala 207,252.0,Felipe Barbosa Costa,619.416.782-62,1970-12-10,Masculino,"Rua Epitácio Pessoa, 531 - Altiplano, João Pessoa/PB",(83) 98668-7592,felipe.barbosa.@email.com,Unimed,Dr. André Luiz Barreto,6789/PB,Pneumologia,35
74,19,11,11,2025-01-27 11:00:00,Falta de ar e sibilos noturnos,Realizada,Sala 207,246.4,Otávio Mesquita Barros,482.548.629-67,2006-11-21,Masculino,"Rua Principal, 1394 - Bessa, João Pessoa/PB",(83) 98247-5061,otávio.mesquita@email.com,Bradesco Saúde,Dr. André Luiz Barreto,6789/PB,Pneumologia,35
663,19,11,11,2025-08-21 12:45:00,Tosse crônica persistente,Realizada,Sala 207,246.4,Otávio Mesquita Barros,482.548.629-67,2006-11-21,Masculino,"Rua Principal, 1394 - Bessa, João Pessoa/PB",(83) 98247-5061,otávio.mesquita@email.com,Bradesco Saúde,Dr. André Luiz Barreto,6789/PB,Pneumologia,35
329,85,11,11,2025-04-29 10:30:00,Acompanhamento de bronquite,Realizada,Sala 207,252.0,Isabela Nascimento Martins,790.979.646-58,1965-06-28,Feminino,"Rua Epitácio Pessoa, 157 - Centro, João Pessoa/PB",(83) 99954-6188,isabela.nascime@email.com,Unimed,Dr. André Luiz Barreto,6789/PB,Pneumologia,35
337,85,11,11,2025-04-30 14:15:00,Falta de ar e sibilos noturnos,Realizada,Sala 207,252.0,Isabela Nascimento Martins,790.979.646-58,1965-06-28,Feminino,"Rua Epitácio Pessoa, 157 - Centro, João Pessoa/PB",(83) 99954-6188,isabela.nascime@email.com,Unimed,Dr. André Luiz Barreto,6789/PB,Pneumologia,35
1695,85,11,11,2026-08-24 13:45:00,Tosse crônica persistente,Realizada,Sala 207,252.0,Isabela Nascimento Martins,790.979.646-58,1965-06-28,Feminino,"Rua Epitácio Pessoa, 157 - Centro, João Pessoa/PB",(83) 99954-6188,isabela.nascime@email.com,Unimed,Dr. André Luiz Barreto,6789/PB,Pneumologia,35
697,44,11,11,2025-09-03 13:45:00,Acompanhamento de bronquite,Realizada,Sala 207,280.0,Rodrigo Dias Martins,408.515.661-10,1977-10-19,Masculino,"Rua Bancários, 2385 - Bessa, João Pessoa/PB",(83) 98622-5700,rodrigo.dias.ma@email.com,Particular,Dr. André Luiz Barreto,6789/PB,Pneumologia,35
1160,29,11,11,2026-02-10 14:00:00,Falta de ar e sibilos noturnos,Realizada,Sala 207,238.0,Vinicius Albuquerque Luz,182.971.290-18,1975-01-17,Masculino,"Rua Bancários, 501 - Bessa, João Pessoa/PB",(83) 99218-2113,vinicius.albuqu@email.com,SulAmérica,Dr. André Luiz Barreto,6789/PB,Pneumologia,35
576,119,11,11,2025-07-21 15:45:00,Tosse crônica persistente,Realizada,Sala 207,280.0,Helena Moreira Vieira,758.750.739-51,2012-11-19,Feminino,"Rua Bancários, 289 - Cabo Branco, João Pessoa/PB",(83) 99769-6179,helena.moreira.@email.com,Particular,Dr. André Luiz Barreto,6789/PB,Pneumologia,35
1304,119,11,11,2026-04-10 15:15:00,Acompanhamento de bronquite,Realizada,Sala 207,280.0,Helena Moreira Vieira,758.750.739-51,2012-11-19,Feminino,"Rua Bancários, 289 - Cabo Branco, João Pessoa/PB",(83) 99769-6179,helena.moreira.@email.com,Particular,Dr. André Luiz Barreto,6789/PB,Pneumologia,35
1343,119,11,11,2026-04-25 08:15:00,Falta de ar e sibilos noturnos,Realizada,Sala 207,280.0,Helena Moreira Vieira,758.750.739-51,2012-11-19,Feminino,"Rua Bancários, 289 - Cabo Branco, João Pessoa/PB",(83) 99769-6179,helena.moreira.@email.com,Particular,Dr. André Luiz Barreto,6789/PB,Pneumologia,35
192,113,11,11,2025-03-11 12:15:00,Manejo de asma moderada,Realizada,Sala 207,280.0,Thiago Dias Dias,415.146.325-60,2017-09-22,Masculino,"Rua das Flores, 1244 - Manaíra, João Pessoa/PB",(83) 99227-1897,thiago.dias.dia@email.com,Particular,Dr. André Luiz Barreto,6789/PB,Pneumologia,35
1707,113,11,11,2026-09-01 12:00:00,Retorno de rotina programado,Agendada,Sala 207,280.0,Thiago Dias Dias,415.146.325-60,2017-09-22,Masculino,"Rua das Flores, 1244 - Manaíra, João Pessoa/PB",(83) 99227-1897,thiago.dias.dia@email.com,Particular,Dr. André Luiz Barreto,6789/PB,Pneumologia,35
942,25,11,11,2025-11-25 15:45:00,Manejo de asma moderada,Realizada,Sala 207,246.4,Wagner Mendonça Filho,982.976.663-22,1964-08-26,Masculino,"Rua Principal, 978 - Manaíra, João Pessoa/PB",(83) 98103-9856,wagner.mendonça@email.com,Bradesco Saúde,Dr. André Luiz Barreto,6789/PB,Pneumologia,35
95,8,11,11,2025-02-03 09:45:00,Acompanhamento de bronquite,Realizada,Sala 207,280.0,Beatriz Nogueira Mendes,488.376.755-98,1986-03-15,Feminino,"Rua Principal, 948 - Mangabeira, João Pessoa/PB",(83) 99140-4598,beatriz.nogueir@email.com,Particular,Dr. André Luiz Barreto,6789/PB,Pneumologia,35
563,8,11,11,2025-07-16 13:00:00,Falta de ar e sibilos noturnos,Cancelada,Sala 207,280.0,Beatriz Nogueira Mendes,488.376.755-98,1986-03-15,Feminino,"Rua Principal, 948 - Mangabeira, João Pessoa/PB",(83) 99140-4598,beatriz.nogueir@email.com,Particular,Dr. André Luiz Barreto,6789/PB,Pneumologia,35
1178,8,11,11,2026-02-18 08:15:00,Falta de ar e sibilos noturnos,Realizada,Sala 207,280.0,Beatriz Nogueira Mendes,488.376.755-98,1986-03-15,Feminino,"Rua Principal, 948 - Mangabeira, João Pessoa/PB",(83) 99140-4598,beatriz.nogueir@email.com,Particular,Dr. André Luiz Barreto,6789/PB,Pneumologia,35
555,89,11,11,2025-07-14 10:00:00,Acompanhamento de bronquite,Não Compareceu,Sala 207,280.0,Marcelo Mendes Gomes,453.701.406-91,1975-02-15,Masculino,"Rua Bancários, 1247 - Altiplano, João Pessoa/PB",(83) 99970-7951,marcelo.mendes.@email.com,Particular,Dr. André Luiz Barreto,6789/PB,Pneumologia,35
842,89,11,11,2025-10-20 14:30:00,Tosse crônica persistente,Não Compareceu,Sala 207,280.0,Marcelo Mendes Gomes,453.701.406-91,1975-02-15,Masculino,"Rua Bancários, 1247 - Altiplano, João Pessoa/PB",(83) 99970-7951,marcelo.mendes.@email.com,Particular,Dr. André Luiz Barreto,6789/PB,Pneumologia,35
423,110,11,11,2025-05-29 09:15:00,Tosse crônica persistente,Realizada,Sala 207,252.0,Carlos Lima Nascimento,106.285.990-28,1994-06-12,Masculino,"Rua das Flores, 135 - Tambaú, João Pessoa/PB",(83) 99159-7566,carlos.lima.nas@email.com,Unimed,Dr. André Luiz Barreto,6789/PB,Pneumologia,35
363,23,11,11,2025-05-10 09:15:00,Falta de ar e sibilos noturnos,Realizada,Sala 207,252.0,Henrique Fagundes Moura,846.155.789-93,2007-08-28,Masculino,"Rua Bancários, 1399 - Manaíra, João Pessoa/PB",(83) 99323-2612,henrique.fagund@email.com,Unimed,Dr. André Luiz Barreto,6789/PB,Pneumologia,35
1323,23,11,11,2026-04-18 10:30:00,Manejo de asma moderada,Realizada,Sala 207,252.0,Henrique Fagundes Moura,846.155.789-93,2007-08-28,Masculino,"Rua Bancários, 1399 - Manaíra, João Pessoa/PB",(83) 99323-2612,henrique.fagund@email.com,Unimed,Dr. André Luiz Barreto,6789/PB,Pneumologia,35
1050,39,11,11,2026-01-02 16:45:00,Acompanhamento de bronquite,Cancelada,Sala 207,238.0,Camila Nunes Nascimento,139.979.581-38,1968-07-28,Feminino,"Rua dos Ipês, 942 - Mangabeira, João Pessoa/PB",(83) 98408-8541,camila.nunes.na@email.com,SulAmérica,Dr. André Luiz Barreto,6789/PB,Pneumologia,35
1064,39,11,11,2026-01-07 10:00:00,Manejo de asma moderada,Realizada,Sala 207,238.0,Camila Nunes Nascimento,139.979.581-38,1968-07-28,Feminino,"Rua dos Ipês, 942 - Mangabeira, João Pessoa/PB",(83) 98408-8541,camila.nunes.na@email.com,SulAmérica,Dr. André Luiz Barreto,6789/PB,Pneumologia,35
1312,39,11,11,2026-04-15 12:00:00,Tosse crônica persistente,Realizada,Sala 207,238.0,Camila Nunes Nascimento,139.979.581-38,1968-07-28,Feminino,"Rua dos Ipês, 942 - Mangabeira, João Pessoa/PB",(83) 98408-8541,camila.nunes.na@email.com,SulAmérica,Dr. André Luiz Barreto,6789/PB,Pneumologia,35
1253,74,11,11,2026-03-23 14:45:00,Manejo de asma moderada,Realizada,Sala 207,229.6,Bruna Lima Soares,712.140.542-51,2018-08-03,Feminino,"Rua Principal, 947 - Manaíra, João Pessoa/PB",(83) 99236-5102,bruna.lima.soar@email.com,Amil,Dr. André Luiz Barreto,6789/PB,Pneumologia,35
899,53,11,11,2025-11-07 10:00:00,Manejo de asma moderada,Realizada,Sala 207,280.0,Daniela Silva Martins,917.514.841-31,1998-11-22,Feminino,"Rua Epitácio Pessoa, 2197 - Cabo Branco, João Pessoa/PB",(83) 99721-8657,daniela.silva.m@email.com,Particular,Dr. André Luiz Barreto,6789/PB,Pneumologia,35
904,53,11,11,2025-11-10 11:00:00,Falta de ar e sibilos noturnos,Realizada,Sala 207,280.0,Daniela Silva Martins,917.514.841-31,1998-11-22,Feminino,"Rua Epitácio Pessoa, 2197 - Cabo Branco, João Pessoa/PB",(83) 99721-8657,daniela.silva.m@email.com,Particular,Dr. André Luiz Barreto,6789/PB,Pneumologia,35
1379,53,11,11,2026-05-09 13:45:00,Manejo de asma moderada,Realizada,Sala 207,280.0,Daniela Silva Martins,917.514.841-31,1998-11-22,Feminino,"Rua Epitácio Pessoa, 2197 - Cabo Branco, João Pessoa/PB",(83) 99721-8657,daniela.silva.m@email.com,Particular,Dr. André Luiz Barreto,6789/PB,Pneumologia,35
239,49,11,11,2025-03-28 14:15:00,Tosse crônica persistente,Realizada,Sala 207,246.4,Gabriela Almeida Mendes,586.560.365-41,1975-12-28,Feminino,"Rua Bancários, 989 - Torre, João Pessoa/PB",(83) 99720-5543,gabriela.almeid@email.com,Bradesco Saúde,Dr. André Luiz Barreto,6789/PB,Pneumologia,35
636,49,11,11,2025-08-12 17:15:00,Tosse crônica persistente,Realizada,Sala 207,246.4,Gabriela Almeida Mendes,586.560.365-41,1975-12-28,Feminino,"Rua Bancários, 989 - Torre, João Pessoa/PB",(83) 99720-5543,gabriela.almeid@email.com,Bradesco Saúde,Dr. André Luiz Barreto,6789/PB,Pneumologia,35
824,59,11,11,2025-10-14 12:00:00,Falta de ar e sibilos noturnos,Realizada,Sala 207,252.0,Gustavo Nunes Santos,777.479.170-74,1999-09-14,Masculino,"Rua Bancários, 2017 - Manaíra, João Pessoa/PB",(83) 99326-6590,gustavo.nunes.s@email.com,Unimed,Dr. André Luiz Barreto,6789/PB,Pneumologia,35
172,11,11,11,2025-03-03 10:30:00,Manejo de asma moderada,Não Compareceu,Sala 207,252.0,Antônio Moreira Guimarães,470.324.241-75,2009-10-13,Masculino,"Rua Principal, 636 - Manaíra, João Pessoa/PB",(83) 99010-2489,antônio.moreira@email.com,Unimed,Dr. André Luiz Barreto,6789/PB,Pneumologia,35
273,11,11,11,2025-04-09 13:45:00,Tosse crônica persistente,Realizada,Sala 207,252.0,Antônio Moreira Guimarães,470.324.241-75,2009-10-13,Masculino,"Rua Principal, 636 - Manaíra, João Pessoa/PB",(83) 99010-2489,antônio.moreira@email.com,Unimed,Dr. André Luiz Barreto,6789/PB,Pneumologia,35
277,11,11,11,2025-04-10 14:15:00,Tosse crônica persistente,Realizada,Sala 207,252.0,Antônio Moreira Guimarães,470.324.241-75,2009-10-13,Masculino,"Rua Principal, 636 - Manaíra, João Pessoa/PB",(83) 99010-2489,antônio.moreira@email.com,Unimed,Dr. André Luiz Barreto,6789/PB,Pneumologia,35
1232,82,11,11,2026-03-12 13:15:00,Tosse crônica persistente,Realizada,Sala 207,238.0,Helena Vieira Dias,651.595.453-52,2017-03-15,Feminino,"Rua Bancários, 1328 - Bancários, João Pessoa/PB",(83) 99130-9903,helena.vieira.d@email.com,SulAmérica,Dr. André Luiz Barreto,6789/PB,Pneumologia,35
1410,82,11,11,2026-05-20 08:15:00,Acompanhamento de bronquite,Cancelada,Sala 207,238.0,Helena Vieira Dias,651.595.453-52,2017-03-15,Feminino,"Rua Bancários, 1328 - Bancários, João Pessoa/PB",(83) 99130-9903,helena.vieira.d@email.com,SulAmérica,Dr. André Luiz Barreto,6789/PB,Pneumologia,35
160,73,11,11,2025-02-27 14:30:00,Acompanhamento de bronquite,Realizada,Sala 207,252.0,Gabriel Freitas Lima,269.911.414-86,1973-02-02,Masculino,"Rua Principal, 1929 - Centro, João Pessoa/PB",(83) 99533-5728,gabriel.freitas@email.com,Unimed,Dr. André Luiz Barreto,6789/PB,Pneumologia,35
503,73,11,11,2025-06-26 10:45:00,Manejo de asma moderada,Realizada,Sala 207,252.0,Gabriel Freitas Lima,269.911.414-86,1973-02-02,Masculino,"Rua Principal, 1929 - Centro, João Pessoa/PB",(83) 99533-5728,gabriel.freitas@email.com,Unimed,Dr. André Luiz Barreto,6789/PB,Pneumologia,35
482,50,11,11,2025-06-20 12:30:00,Falta de ar e sibilos noturnos,Cancelada,Sala 207,252.0,Débora Oliveira Nascimento,443.427.653-20,1991-04-09,Feminino,"Rua Bancários, 635 - Bessa, João Pessoa/PB",(83) 98283-3471,débora.oliveira@email.com,Unimed,Dr. André Luiz Barreto,6789/PB,Pneumologia,35
530,50,11,11,2025-07-04 12:30:00,Falta de ar e sibilos noturnos,Realizada,Sala 207,252.0,Débora Oliveira Nascimento,443.427.653-20,1991-04-09,Feminino,"Rua Bancários, 635 - Bessa, João Pessoa/PB",(83) 98283-3471,débora.oliveira@email.com,Unimed,Dr. André Luiz Barreto,6789/PB,Pneumologia,35
152,56,11,11,2025-02-24 17:15:00,Tosse crônica persistente,Realizada,Sala 207,280.0,Lucas Moreira Rocha,304.959.120-89,1960-01-08,Masculino,"Rua Bancários, 478 - Cabo Branco, João Pessoa/PB",(83) 98312-4908,lucas.moreira.r@email.com,Particular,Dr. André Luiz Barreto,6789/PB,Pneumologia,35
772,56,11,11,2025-09-26 16:30:00,Acompanhamento de bronquite,Realizada,Sala 207,280.0,Lucas Moreira Rocha,304.959.120-89,1960-01-08,Masculino,"Rua Bancários, 478 - Cabo Branco, João Pessoa/PB",(83) 98312-4908,lucas.moreira.r@email.com,Particular,Dr. André Luiz Barreto,6789/PB,Pneumologia,35
294,35,11,11,2025-04-16 14:00:00,Falta de ar e sibilos noturnos,Realizada,Sala 207,224.0,Letícia Mendes Freitas,533.949.383-15,1961-02-21,Feminino,"Rua Esperança, 1082 - Cabo Branco, João Pessoa/PB",(83) 98007-6464,letícia.mendes.@email.com,Cassi,Dr. André Luiz Barreto,6789/PB,Pneumologia,35
487,12,11,11,2025-06-21 17:30:00,Falta de ar e sibilos noturnos,Realizada,Sala 207,224.0,Larissa Vasconcelos Brito,710.165.494-58,1975-11-14,Feminino,"Rua dos Ipês, 2276 - Torre, João Pessoa/PB",(83) 99220-8668,larissa.vasconc@email.com,Cassi,Dr. André Luiz Barreto,6789/PB,Pneumologia,35
534,46,11,11,2025-07-07 12:15:00,Manejo de asma moderada,Realizada,Sala 207,238.0,André Dias Gomes,125.147.350-70,1983-04-05,Masculino,"Rua Bancários, 2367 - Centro, João Pessoa/PB",(83) 99251-2193,andré.dias.gome@email.com,SulAmérica,Dr. André Luiz Barreto,6789/PB,Pneumologia,35
378,1,11,11,2025-05-15 17:00:00,Falta de ar e sibilos noturnos,Realizada,Sala 207,246.4,Carlos Eduardo Silva,381.350.328-27,1969-01-24,Masculino,"Rua Principal, 2428 - Torre, João Pessoa/PB",(83) 99508-2679,carlos.eduardo.@email.com,Bradesco Saúde,Dr. André Luiz Barreto,6789/PB,Pneumologia,35
185,36,11,11,2025-03-08 10:15:00,Manejo de asma moderada,Realizada,Sala 207,229.6,Marcelo Fernandes Nascimento,214.177.807-29,2009-09-01,Masculino,"Rua Epitácio Pessoa, 2273 - Mangabeira, João Pessoa/PB",(83) 99117-1590,marcelo.fernand@email.com,Amil,Dr. André Luiz Barreto,6789/PB,Pneumologia,35
987,36,11,11,2025-12-10 16:30:00,Falta de ar e sibilos noturnos,Realizada,Sala 207,229.6,Marcelo Fernandes Nascimento,214.177.807-29,2009-09-01,Masculino,"Rua Epitácio Pessoa, 2273 - Mangabeira, João Pessoa/PB",(83) 99117-1590,marcelo.fernand@email.com,Amil,Dr. André Luiz Barreto,6789/PB,Pneumologia,35
345,13,11,11,2025-05-02 11:00:00,Manejo de asma moderada,Realizada,Sala 207,229.6,Rodrigo Teixeira Santos,217.798.649-44,1956-11-24,Masculino,"Rua dos Ipês, 1790 - Tambaú, João Pessoa/PB",(83) 99574-6573,rodrigo.teixeir@email.com,Amil,Dr. André Luiz Barreto,6789/PB,Pneumologia,35
833,81,11,11,2025-10-16 16:00:00,Acompanhamento de bronquite,Realizada,Sala 207,280.0,Larissa Freitas Barbosa,891.908.974-63,1972-02-09,Feminino,"Rua Principal, 1168 - Altiplano, João Pessoa/PB",(83) 98696-9318,larissa.freitas@email.com,Particular,Dr. André Luiz Barreto,6789/PB,Pneumologia,35
473,55,11,11,2025-06-17 11:30:00,Manejo de asma moderada,Realizada,Sala 207,238.0,Marcelo Costa Costa,951.531.358-20,2003-05-25,Masculino,"Rua Principal, 1443 - Torre, João Pessoa/PB",(83) 98963-1317,marcelo.costa.c@email.com,SulAmérica,Dr. André Luiz Barreto,6789/PB,Pneumologia,35
953,55,11,11,2025-11-28 11:00:00,Tosse crônica persistente,Realizada,Sala 207,238.0,Marcelo Costa Costa,951.531.358-20,2003-05-25,Masculino,"Rua Principal, 1443 - Torre, João Pessoa/PB",(83) 98963-1317,marcelo.costa.c@email.com,SulAmérica,Dr. André Luiz Barreto,6789/PB,Pneumologia,35
1337,55,11,11,2026-04-22 14:00:00,Tosse crônica persistente,Realizada,Sala 207,238.0,Marcelo Costa Costa,951.531.358-20,2003-05-25,Masculino,"Rua Principal, 1443 - Torre, João Pessoa/PB",(83) 98963-1317,marcelo.costa.c@email.com,SulAmérica,Dr. André Luiz Barreto,6789/PB,Pneumologia,35
1012,41,11,11,2025-12-19 08:45:00,Manejo de asma moderada,Realizada,Sala 207,252.0,Maria Souza Mendes,371.139.211-86,1988-03-19,Feminino,"Rua Bancários, 2493 - Mangabeira, João Pessoa/PB",(83) 98889-6663,maria.souza.men@email.com,Unimed,Dr. André Luiz Barreto,6789/PB,Pneumologia,35
374,27,11,11,2025-05-14 11:45:00,Tosse crônica persistente,Realizada,Sala 207,252.0,Sérgio Ramos Peixoto,903.565.392-64,2004-05-26,Masculino,"Rua das Flores, 1225 - Cabo Branco, João Pessoa/PB",(83) 99426-8973,sérgio.ramos.pe@email.com,Unimed,Dr. André Luiz Barreto,6789/PB,Pneumologia,35
1581,27,11,11,2026-07-15 12:30:00,Falta de ar e sibilos noturnos,Realizada,Sala 207,252.0,Sérgio Ramos Peixoto,903.565.392-64,2004-05-26,Masculino,"Rua das Flores, 1225 - Cabo Branco, João Pessoa/PB",(83) 99426-8973,sérgio.ramos.pe@email.com,Unimed,Dr. André Luiz Barreto,6789/PB,Pneumologia,35
841,22,11,11,2025-10-18 15:45:00,Acompanhamento de bronquite,Realizada,Sala 207,252.0,Débora Silveira Campos,584.926.516-34,2015-04-26,Feminino,"Rua dos Ipês, 1744 - Bancários, João Pessoa/PB",(83) 98193-2588,débora.silveira@email.com,Unimed,Dr. André Luiz Barreto,6789/PB,Pneumologia,35
861,22,11,11,2025-10-24 09:15:00,Tosse crônica persistente,Realizada,Sala 207,252.0,Débora Silveira Campos,584.926.516-34,2015-04-26,Feminino,"Rua dos Ipês, 1744 - Bancários, João Pessoa/PB",(83) 98193-2588,débora.silveira@email.com,Unimed,Dr. André Luiz Barreto,6789/PB,Pneumologia,35
1285,22,11,11,2026-04-03 08:30:00,Falta de ar e sibilos noturnos,Realizada,Sala 207,252.0,Débora Silveira Campos,584.926.516-34,2015-04-26,Feminino,"Rua dos Ipês, 1744 - Bancários, João Pessoa/PB",(83) 98193-2588,débora.silveira@email.com,Unimed,Dr. André Luiz Barreto,6789/PB,Pneumologia,35
1499,105,11,11,2026-06-19 14:45:00,Manejo de asma moderada,Realizada,Sala 207,280.0,Bruna Barbosa Soares,719.540.201-99,1992-08-17,Feminino,"Rua Bancários, 945 - Bancários, João Pessoa/PB",(83) 98234-4522,bruna.barbosa.s@email.com,Particular,Dr. André Luiz Barreto,6789/PB,Pneumologia,35
393,94,11,11,2025-05-20 09:00:00,Falta de ar e sibilos noturnos,Realizada,Sala 207,238.0,Marcelo Oliveira Rodrigues,790.506.966-81,1983-11-24,Masculino,"Rua Principal, 1093 - Bancários, João Pessoa/PB",(83) 98749-2479,marcelo.oliveir@email.com,SulAmérica,Dr. André Luiz Barreto,6789/PB,Pneumologia,35
569,94,11,11,2025-07-18 16:00:00,Manejo de asma moderada,Realizada,Sala 207,238.0,Marcelo Oliveira Rodrigues,790.506.966-81,1983-11-24,Masculino,"Rua Principal, 1093 - Bancários, João Pessoa/PB",(83) 98749-2479,marcelo.oliveir@email.com,SulAmérica,Dr. André Luiz Barreto,6789/PB,Pneumologia,35
784,67,11,11,2025-09-30 17:30:00,Falta de ar e sibilos noturnos,Realizada,Sala 207,252.0,Thiago Silva Nascimento,155.666.399-99,1971-05-02,Masculino,"Rua Principal, 60 - Centro, João Pessoa/PB",(83) 99933-3068,thiago.silva.na@email.com,Unimed,Dr. André Luiz Barreto,6789/PB,Pneumologia,35
934,101,11,11,2025-11-21 17:00:00,Acompanhamento de bronquite,Realizada,Sala 207,252.0,Gabriel Fernandes Lima,987.126.234-11,1977-02-22,Masculino,"Rua dos Ipês, 74 - Jaguaribe, João Pessoa/PB",(83) 98733-4898,gabriel.fernand@email.com,Unimed,Dr. André Luiz Barreto,6789/PB,Pneumologia,35
1324,101,11,11,2026-04-20 12:45:00,Acompanhamento de bronquite,Não Compareceu,Sala 207,252.0,Gabriel Fernandes Lima,987.126.234-11,1977-02-22,Masculino,"Rua dos Ipês, 74 - Jaguaribe, João Pessoa/PB",(83) 98733-4898,gabriel.fernand@email.com,Unimed,Dr. André Luiz Barreto,6789/PB,Pneumologia,35
541,96,11,11,2025-07-09 12:15:00,Falta de ar e sibilos noturnos,Realizada,Sala 207,246.4,Isabela Pereira Rocha,575.817.409-93,1963-11-27,Feminino,"Rua Principal, 162 - Cabo Branco, João Pessoa/PB",(83) 98836-2911,isabela.pereira@email.com,Bradesco Saúde,Dr. André Luiz Barreto,6789/PB,Pneumologia,35
671,96,11,11,2025-08-26 13:15:00,Manejo de asma moderada,Realizada,Sala 207,246.4,Isabela Pereira Rocha,575.817.409-93,1963-11-27,Feminino,"Rua Principal, 162 - Cabo Branco, João Pessoa/PB",(83) 98836-2911,isabela.pereira@email.com,Bradesco Saúde,Dr. André Luiz Barreto,6789/PB,Pneumologia,35
543,30,11,11,2025-07-09 08:30:00,Acompanhamento de bronquite,Não Compareceu,Sala 207,252.0,Letícia Holanda Freire,140.734.183-63,1986-10-20,Feminino,"Rua dos Ipês, 846 - Mangabeira, João Pessoa/PB",(83) 99346-9565,letícia.holanda@email.com,Unimed,Dr. André Luiz Barreto,6789/PB,Pneumologia,35
386,60,11,11,2025-05-17 16:00:00,Falta de ar e sibilos noturnos,Realizada,Sala 207,252.0,Rodrigo Ribeiro Rocha,545.280.851-76,2013-12-05,Masculino,"Rua Epitácio Pessoa, 1990 - Jaguaribe, João Pessoa/PB",(83) 99977-5425,rodrigo.ribeiro@email.com,Unimed,Dr. André Luiz Barreto,6789/PB,Pneumologia,35
572,60,11,11,2025-07-19 09:15:00,Acompanhamento de bronquite,Realizada,Sala 207,252.0,Rodrigo Ribeiro Rocha,545.280.851-76,2013-12-05,Masculino,"Rua Epitácio Pessoa, 1990 - Jaguaribe, João Pessoa/PB",(83) 99977-5425,rodrigo.ribeiro@email.com,Unimed,Dr. André Luiz Barreto,6789/PB,Pneumologia,35
637,60,11,11,2025-08-12 09:45:00,Manejo de asma moderada,Realizada,Sala 207,252.0,Rodrigo Ribeiro Rocha,545.280.851-76,2013-12-05,Masculino,"Rua Epitácio Pessoa, 1990 - Jaguaribe, João Pessoa/PB",(83) 99977-5425,rodrigo.ribeiro@email.com,Unimed,Dr. André Luiz Barreto,6789/PB,Pneumologia,35
318,92,11,11,2025-04-24 08:45:00,Manejo de asma moderada,Realizada,Sala 207,229.6,Beatriz Rocha Souza,551.134.693-56,1960-05-26,Feminino,"Rua dos Ipês, 1348 - Tambaú, João Pessoa/PB",(83) 99499-3153,beatriz.rocha.s@email.com,Amil,Dr. André Luiz Barreto,6789/PB,Pneumologia,35
798,92,11,11,2025-10-04 10:45:00,Manejo de asma moderada,Realizada,Sala 207,229.6,Beatriz Rocha Souza,551.134.693-56,1960-05-26,Feminino,"Rua dos Ipês, 1348 - Tambaú, João Pessoa/PB",(83) 99499-3153,beatriz.rocha.s@email.com,Amil,Dr. André Luiz Barreto,6789/PB,Pneumologia,35
797,26,11,11,2025-10-03 12:30:00,Falta de ar e sibilos noturnos,Realizada,Sala 207,229.6,Renata Vasconcelos Paiva,592.318.985-61,1976-07-16,Feminino,"Rua Bancários, 18 - Cabo Branco, João Pessoa/PB",(83) 99848-1960,renata.vasconce@email.com,Amil,Dr. André Luiz Barreto,6789/PB,Pneumologia,35
894,16,11,11,2025-11-06 16:15:00,Manejo de asma moderada,Realizada,Sala 207,252.0,Aline Meireles Pontes,214.471.999-49,1996-08-01,Feminino,"Rua Epitácio Pessoa, 332 - Bessa, João Pessoa/PB",(83) 98490-1949,aline.meireles.@email.com,Unimed,Dr. André Luiz Barreto,6789/PB,Pneumologia,35
1229,16,11,11,2026-03-11 17:45:00,Manejo de asma moderada,Realizada,Sala 207,252.0,Aline Meireles Pontes,214.471.999-49,1996-08-01,Feminino,"Rua Epitácio Pessoa, 332 - Bessa, João Pessoa/PB",(83) 98490-1949,aline.meireles.@email.com,Unimed,Dr. André Luiz Barreto,6789/PB,Pneumologia,35
788,61,11,11,2025-10-01 11:30:00,Tosse crônica persistente,Realizada,Sala 207,246.4,Carolina Marques Andrade,351.950.188-45,1989-06-28,Feminino,"Rua Bancários, 2344 - Bessa, João Pessoa/PB",(83) 99805-8385,carolina.marque@email.com,Bradesco Saúde,Dr. André Luiz Barreto,6789/PB,Pneumologia,35
592,116,11,11,2025-07-26 08:00:00,Falta de ar e sibilos noturnos,Realizada,Sala 207,280.0,Fernanda Martins Silva,732.571.951-98,1996-03-26,Feminino,"Rua Bancários, 443 - Tambaú, João Pessoa/PB",(83) 99883-6928,fernanda.martin@email.com,Particular,Dr. André Luiz Barreto,6789/PB,Pneumologia,35
754,38,11,11,2025-09-20 15:45:00,Manejo de asma moderada,Realizada,Sala 207,252.0,Isabela Andrade Rodrigues,930.281.522-13,1985-03-26,Feminino,"Rua Esperança, 1026 - Bancários, João Pessoa/PB",(83) 98367-6442,isabela.andrade@email.com,Unimed,Dr. André Luiz Barreto,6789/PB,Pneumologia,35
1355,38,11,11,2026-04-30 11:30:00,Falta de ar e sibilos noturnos,Realizada,Sala 207,252.0,Isabela Andrade Rodrigues,930.281.522-13,1985-03-26,Feminino,"Rua Esperança, 1026 - Bancários, João Pessoa/PB",(83) 98367-6442,isabela.andrade@email.com,Unimed,Dr. André Luiz Barreto,6789/PB,Pneumologia,35
307,112,11,11,2025-04-21 14:30:00,Tosse crônica persistente,Realizada,Sala 207,252.0,Lucas Lima Almeida,552.524.379-37,2009-08-20,Masculino,"Rua dos Ipês, 1770 - Tambaú, João Pessoa/PB",(83) 99546-9394,lucas.lima.alme@email.com,Unimed,Dr. André Luiz Barreto,6789/PB,Pneumologia,35
840,112,11,11,2025-10-17 09:45:00,Falta de ar e sibilos noturnos,Realizada,Sala 207,252.0,Lucas Lima Almeida,552.524.379-37,2009-08-20,Masculino,"Rua dos Ipês, 1770 - Tambaú, João Pessoa/PB",(83) 99546-9394,lucas.lima.alme@email.com,Unimed,Dr. André Luiz Barreto,6789/PB,Pneumologia,35
1147,112,11,11,2026-02-04 17:15:00,Tosse crônica persistente,Realizada,Sala 207,252.0,Lucas Lima Almeida,552.524.379-37,2009-08-20,Masculino,"Rua dos Ipês, 1770 - Tambaú, João Pessoa/PB",(83) 99546-9394,lucas.lima.alme@email.com,Unimed,Dr. André Luiz Barreto,6789/PB,Pneumologia,35
1138,64,11,11,2026-02-02 16:00:00,Acompanhamento de bronquite,Cancelada,Sala 207,246.4,Thiago Pereira Martins,695.477.584-80,1986-05-22,Masculino,"Rua Esperança, 2264 - Bancários, João Pessoa/PB",(83) 99087-6632,thiago.pereira.@email.com,Bradesco Saúde,Dr. André Luiz Barreto,6789/PB,Pneumologia,35
358,37,11,11,2025-05-08 12:15:00,Manejo de asma moderada,Realizada,Sala 207,252.0,Rodrigo Rodrigues Santos,981.140.466-36,1994-06-26,Masculino,"Rua dos Ipês, 2303 - Tambaú, João Pessoa/PB",(83) 99396-5088,rodrigo.rodrigu@email.com,Unimed,Dr. André Luiz Barreto,6789/PB,Pneumologia,35
851,80,11,11,2025-10-22 13:45:00,Falta de ar e sibilos noturnos,Realizada,Sala 207,252.0,Gabriel Lopes Freitas,379.525.954-71,1992-09-23,Masculino,"Rua Epitácio Pessoa, 602 - Centro, João Pessoa/PB",(83) 98967-4993,gabriel.lopes.f@email.com,Unimed,Dr. André Luiz Barreto,6789/PB,Pneumologia,35
1046,80,11,11,2025-12-31 15:45:00,Falta de ar e sibilos noturnos,Realizada,Sala 207,252.0,Gabriel Lopes Freitas,379.525.954-71,1992-09-23,Masculino,"Rua Epitácio Pessoa, 602 - Centro, João Pessoa/PB",(83) 98967-4993,gabriel.lopes.f@email.com,Unimed,Dr. André Luiz Barreto,6789/PB,Pneumologia,35
774,28,11,11,2025-09-26 15:30:00,Acompanhamento de bronquite,Realizada,Sala 207,246.4,Tatiane Farias Medeiros,853.655.162-50,1982-01-19,Feminino,"Rua Bancários, 2069 - Jaguaribe, João Pessoa/PB",(83) 98117-1821,tatiane.farias.@email.com,Bradesco Saúde,Dr. André Luiz Barreto,6789/PB,Pneumologia,35
11,10,5,5,2025-01-04 09:00:00,Avaliação de tremor e tontura,Realizada,Sala 204,287.0,Camila Farias Albuquerque,246.371.242-41,2005-11-15,Feminino,"Rua Esperança, 2404 - Altiplano, João Pessoa/PB",(83) 99525-9830,camila.farias.a@email.com,Amil,Dr. Eduardo Fontes Medeiros,6543/PB,Neurologia,50
622,10,5,5,2025-08-07 12:15:00,Parestesia em membros superiores,Realizada,Sala 204,287.0,Camila Farias Albuquerque,246.371.242-41,2005-11-15,Feminino,"Rua Esperança, 2404 - Altiplano, João Pessoa/PB",(83) 99525-9830,camila.farias.a@email.com,Amil,Dr. Eduardo Fontes Medeiros,6543/PB,Neurologia,50
1639,10,5,5,2026-08-04 16:30:00,Enxaqueca com aura frequente,Realizada,Sala 204,287.0,Camila Farias Albuquerque,246.371.242-41,2005-11-15,Feminino,"Rua Esperança, 2404 - Altiplano, João Pessoa/PB",(83) 99525-9830,camila.farias.a@email.com,Amil,Dr. Eduardo Fontes Medeiros,6543/PB,Neurologia,50
1035,84,5,5,2025-12-29 14:15:00,Avaliação de tremor e tontura,Realizada,Sala 204,315.0,Fernanda Machado Machado,567.115.839-28,2011-02-17,Feminino,"Rua Bancários, 1095 - Tambaú, João Pessoa/PB",(83) 98839-3529,fernanda.machad@email.com,Unimed,Dr. Eduardo Fontes Medeiros,6543/PB,Neurologia,50
512,104,5,5,2025-06-28 09:45:00,Avaliação de tremor e tontura,Realizada,Sala 204,308.0,Fernanda Lopes Nascimento,429.722.251-18,2011-02-03,Feminino,"Rua Esperança, 2407 - Jaguaribe, João Pessoa/PB",(83) 98258-5505,fernanda.lopes.@email.com,Bradesco Saúde,Dr. Eduardo Fontes Medeiros,6543/PB,Neurologia,50
839,104,5,5,2025-10-17 13:15:00,Enxaqueca com aura frequente,Realizada,Sala 204,308.0,Fernanda Lopes Nascimento,429.722.251-18,2011-02-03,Feminino,"Rua Esperança, 2407 - Jaguaribe, João Pessoa/PB",(83) 98258-5505,fernanda.lopes.@email.com,Bradesco Saúde,Dr. Eduardo Fontes Medeiros,6543/PB,Neurologia,50
1573,87,5,5,2026-07-13 09:45:00,Avaliação de tremor e tontura,Realizada,Sala 204,287.0,Pedro Costa Nunes,483.541.249-41,1962-05-12,Masculino,"Rua Esperança, 747 - Jaguaribe, João Pessoa/PB",(83) 99087-7751,pedro.costa.nun@email.com,Amil,Dr. Eduardo Fontes Medeiros,6543/PB,Neurologia,50
1435,72,5,5,2026-05-27 15:30:00,Avaliação de tremor e tontura,Realizada,Sala 204,315.0,Débora Oliveira Dias,910.740.703-94,1984-05-26,Feminino,"Rua Principal, 2240 - Bancários, João Pessoa/PB",(83) 99646-4241,débora.oliveira@email.com,Unimed,Dr. Eduardo Fontes Medeiros,6543/PB,Neurologia,50
1320,75,5,5,2026-04-17 08:45:00,Parestesia em membros superiores,Não Compareceu,Sala 204,287.0,Diego Vieira Santos,767.552.384-33,1977-08-17,Masculino,"Rua Principal, 1935 - Centro, João Pessoa/PB",(83) 99198-8141,diego.vieira.sa@email.com,Amil,Dr. Eduardo Fontes Medeiros,6543/PB,Neurologia,50
1141,91,5,5,2026-02-03 16:00:00,Enxaqueca com aura frequente,Realizada,Sala 204,315.0,Maria Vieira Machado,608.952.393-39,1961-10-24,Feminino,"Rua Esperança, 788 - Bessa, João Pessoa/PB",(83) 99243-6772,maria.vieira.ma@email.com,Unimed,Dr. Eduardo Fontes Medeiros,6543/PB,Neurologia,50
14,31,5,5,2025-01-06 15:15:00,Perda de memória recente,Realizada,Sala 204,297.5,Guilherme Sampaio Neves,505.234.787-92,1995-04-09,Masculino,"Rua Principal, 48 - Mangabeira, João Pessoa/PB",(83) 98614-8491,guilherme.sampa@email.com,SulAmérica,Dr. Eduardo Fontes Medeiros,6543/PB,Neurologia,50
23,31,5,5,2025-01-08 09:00:00,Perda de memória recente,Realizada,Sala 204,297.5,Guilherme Sampaio Neves,505.234.787-92,1995-04-09,Masculino,"Rua Principal, 48 - Mangabeira, João Pessoa/PB",(83) 98614-8491,guilherme.sampa@email.com,SulAmérica,Dr. Eduardo Fontes Medeiros,6543/PB,Neurologia,50
157,31,5,5,2025-02-26 10:45:00,Enxaqueca com aura frequente,Realizada,Sala 204,297.5,Guilherme Sampaio Neves,505.234.787-92,1995-04-09,Masculino,"Rua Principal, 48 - Mangabeira, João Pessoa/PB",(83) 98614-8491,guilherme.sampa@email.com,SulAmérica,Dr. Eduardo Fontes Medeiros,6543/PB,Neurologia,50
228,31,5,5,2025-03-24 12:30:00,Perda de memória recente,Realizada,Sala 204,297.5,Guilherme Sampaio Neves,505.234.787-92,1995-04-09,Masculino,"Rua Principal, 48 - Mangabeira, João Pessoa/PB",(83) 98614-8491,guilherme.sampa@email.com,SulAmérica,Dr. Eduardo Fontes Medeiros,6543/PB,Neurologia,50
874,31,5,5,2025-10-30 14:00:00,Parestesia em membros superiores,Realizada,Sala 204,297.5,Guilherme Sampaio Neves,505.234.787-92,1995-04-09,Masculino,"Rua Principal, 48 - Mangabeira, João Pessoa/PB",(83) 98614-8491,guilherme.sampa@email.com,SulAmérica,Dr. Eduardo Fontes Medeiros,6543/PB,Neurologia,50
1081,65,5,5,2026-01-12 13:15:00,Enxaqueca com aura frequente,Realizada,Sala 204,315.0,Amanda Nascimento Almeida,336.223.838-34,1989-05-09,Feminino,"Rua Esperança, 768 - Torre, João Pessoa/PB",(83) 98646-2958,amanda.nascimen@email.com,Unimed,Dr. Eduardo Fontes Medeiros,6543/PB,Neurologia,50
1195,120,5,5,2026-02-25 10:00:00,Parestesia em membros superiores,Realizada,Sala 204,308.0,Débora Rocha Gomes,460.619.175-49,1990-10-02,Feminino,"Rua Principal, 1520 - Manaíra, João Pessoa/PB",(83) 98945-8404,débora.rocha.go@email.com,Bradesco Saúde,Dr. Eduardo Fontes Medeiros,6543/PB,Neurologia,50
1402,118,5,5,2026-05-18 17:00:00,Parestesia em membros superiores,Realizada,Sala 204,315.0,Bruno Ribeiro Andrade,249.362.302-32,1973-04-04,Masculino,"Rua das Flores, 2033 - Tambaú, João Pessoa/PB",(83) 99233-3504,bruno.ribeiro.a@email.com,Unimed,Dr. Eduardo Fontes Medeiros,6543/PB,Neurologia,50
447,79,5,5,2025-06-09 10:30:00,Perda de memória recente,Realizada,Sala 204,308.0,João Rocha Barbosa,418.664.114-80,1985-12-06,Masculino,"Rua Principal, 1900 - Bessa, João Pessoa/PB",(83) 98835-2527,joão.rocha.barb@email.com,Bradesco Saúde,Dr. Eduardo Fontes Medeiros,6543/PB,Neurologia,50
457,79,5,5,2025-06-12 15:15:00,Parestesia em membros superiores,Realizada,Sala 204,308.0,João Rocha Barbosa,418.664.114-80,1985-12-06,Masculino,"Rua Principal, 1900 - Bessa, João Pessoa/PB",(83) 98835-2527,joão.rocha.barb@email.com,Bradesco Saúde,Dr. Eduardo Fontes Medeiros,6543/PB,Neurologia,50
943,79,5,5,2025-11-26 14:30:00,Perda de memória recente,Realizada,Sala 204,308.0,João Rocha Barbosa,418.664.114-80,1985-12-06,Masculino,"Rua Principal, 1900 - Bessa, João Pessoa/PB",(83) 98835-2527,joão.rocha.barb@email.com,Bradesco Saúde,Dr. Eduardo Fontes Medeiros,6543/PB,Neurologia,50
1307,79,5,5,2026-04-11 11:30:00,Parestesia em membros superiores,Cancelada,Sala 204,308.0,João Rocha Barbosa,418.664.114-80,1985-12-06,Masculino,"Rua Principal, 1900 - Bessa, João Pessoa/PB",(83) 98835-2527,joão.rocha.barb@email.com,Bradesco Saúde,Dr. Eduardo Fontes Medeiros,6543/PB,Neurologia,50
1525,79,5,5,2026-06-27 17:45:00,Parestesia em membros superiores,Realizada,Sala 204,308.0,João Rocha Barbosa,418.664.114-80,1985-12-06,Masculino,"Rua Principal, 1900 - Bessa, João Pessoa/PB",(83) 98835-2527,joão.rocha.barb@email.com,Bradesco Saúde,Dr. Eduardo Fontes Medeiros,6543/PB,Neurologia,50
27,48,5,5,2025-01-09 08:30:00,Parestesia em membros superiores,Realizada,Sala 204,308.0,Ana Fernandes Pereira,920.575.783-77,1970-08-05,Feminino,"Rua Epitácio Pessoa, 2077 - Centro, João Pessoa/PB",(83) 99144-6198,ana.fernandes.p@email.com,Bradesco Saúde,Dr. Eduardo Fontes Medeiros,6543/PB,Neurologia,50
566,99,5,5,2025-07-17 13:30:00,Enxaqueca com aura frequente,Realizada,Sala 204,315.0,Ana Martins Lima,943.565.193-94,1979-02-28,Feminino,"Rua dos Ipês, 1007 - Manaíra, João Pessoa/PB",(83) 98434-1349,ana.martins.lim@email.com,Unimed,Dr. Eduardo Fontes Medeiros,6543/PB,Neurologia,50
1194,99,5,5,2026-02-25 16:00:00,Perda de memória recente,Realizada,Sala 204,315.0,Ana Martins Lima,943.565.193-94,1979-02-28,Feminino,"Rua dos Ipês, 1007 - Manaíra, João Pessoa/PB",(83) 98434-1349,ana.martins.lim@email.com,Unimed,Dr. Eduardo Fontes Medeiros,6543/PB,Neurologia,50
1372,99,5,5,2026-05-06 12:45:00,Avaliação de tremor e tontura,Cancelada,Sala 204,315.0,Ana Martins Lima,943.565.193-94,1979-02-28,Feminino,"Rua dos Ipês, 1007 - Manaíra, João Pessoa/PB",(83) 98434-1349,ana.martins.lim@email.com,Unimed,Dr. Eduardo Fontes Medeiros,6543/PB,Neurologia,50
30,5,5,5,2025-01-10 11:00:00,Enxaqueca com aura frequente,Realizada,Sala 204,315.0,Roberto Alves Monteiro,649.227.487-20,1960-12-15,Masculino,"Rua dos Ipês, 2374 - Jaguaribe, João Pessoa/PB",(83) 99130-5803,roberto.alves.m@email.com,Unimed,Dr. Eduardo Fontes Medeiros,6543/PB,Neurologia,50
104,5,5,5,2025-02-05 14:15:00,Perda de memória recente,Realizada,Sala 204,315.0,Roberto Alves Monteiro,649.227.487-20,1960-12-15,Masculino,"Rua dos Ipês, 2374 - Jaguaribe, João Pessoa/PB",(83) 99130-5803,roberto.alves.m@email.com,Unimed,Dr. Eduardo Fontes Medeiros,6543/PB,Neurologia,50
1124,5,5,5,2026-01-28 11:15:00,Avaliação de tremor e tontura,Realizada,Sala 204,315.0,Roberto Alves Monteiro,649.227.487-20,1960-12-15,Masculino,"Rua dos Ipês, 2374 - Jaguaribe, João Pessoa/PB",(83) 99130-5803,roberto.alves.m@email.com,Unimed,Dr. Eduardo Fontes Medeiros,6543/PB,Neurologia,50
1649,111,5,5,2026-08-06 12:30:00,Parestesia em membros superiores,Realizada,Sala 204,315.0,Fernando Alves Martins,261.478.419-51,2008-08-11,Masculino,"Rua das Flores, 654 - Manaíra, João Pessoa/PB",(83) 99590-2391,fernando.alves.@email.com,Unimed,Dr. Eduardo Fontes Medeiros,6543/PB,Neurologia,50
1310,106,5,5,2026-04-14 17:45:00,Enxaqueca com aura frequente,Realizada,Sala 204,315.0,Aline Marques Almeida,197.420.537-50,2006-07-24,Feminino,"Rua das Flores, 1952 - Mangabeira, João Pessoa/PB",(83) 99362-5176,aline.marques.a@email.com,Unimed,Dr. Eduardo Fontes Medeiros,6543/PB,Neurologia,50
1339,106,5,5,2026-04-23 12:45:00,Enxaqueca com aura frequente,Realizada,Sala 204,315.0,Aline Marques Almeida,197.420.537-50,2006-07-24,Feminino,"Rua das Flores, 1952 - Mangabeira, João Pessoa/PB",(83) 99362-5176,aline.marques.a@email.com,Unimed,Dr. Eduardo Fontes Medeiros,6543/PB,Neurologia,50
285,40,5,5,2025-04-12 15:00:00,Avaliação de tremor e tontura,Realizada,Sala 204,308.0,João Dias Alves,985.171.891-45,2006-06-09,Masculino,"Rua Esperança, 2206 - Bancários, João Pessoa/PB",(83) 98719-9346,joão.dias.alves@email.com,Bradesco Saúde,Dr. Eduardo Fontes Medeiros,6543/PB,Neurologia,50
574,40,5,5,2025-07-21 16:30:00,Enxaqueca com aura frequente,Realizada,Sala 204,308.0,João Dias Alves,985.171.891-45,2006-06-09,Masculino,"Rua Esperança, 2206 - Bancários, João Pessoa/PB",(83) 98719-9346,joão.dias.alves@email.com,Bradesco Saúde,Dr. Eduardo Fontes Medeiros,6543/PB,Neurologia,50
163,45,5,5,2025-02-28 13:45:00,Perda de memória recente,Realizada,Sala 204,315.0,Débora Almeida Almeida,912.915.853-31,1982-09-16,Feminino,"Rua Epitácio Pessoa, 1382 - Altiplano, João Pessoa/PB",(83) 99349-2389,débora.almeida.@email.com,Unimed,Dr. Eduardo Fontes Medeiros,6543/PB,Neurologia,50
1299,45,5,5,2026-04-09 16:15:00,Parestesia em membros superiores,Realizada,Sala 204,315.0,Débora Almeida Almeida,912.915.853-31,1982-09-16,Feminino,"Rua Epitácio Pessoa, 1382 - Altiplano, João Pessoa/PB",(83) 99349-2389,débora.almeida.@email.com,Unimed,Dr. Eduardo Fontes Medeiros,6543/PB,Neurologia,50
1209,86,5,5,2026-03-03 10:00:00,Perda de memória recente,Cancelada,Sala 204,315.0,André Rocha Dias,192.544.200-91,1991-04-24,Masculino,"Rua das Flores, 1236 - Centro, João Pessoa/PB",(83) 99441-2646,andré.rocha.dia@email.com,Unimed,Dr. Eduardo Fontes Medeiros,6543/PB,Neurologia,50
1657,109,5,5,2026-08-08 13:30:00,Avaliação de tremor e tontura,Realizada,Sala 204,315.0,Mateus Ribeiro Machado,385.687.331-64,2002-02-25,Masculino,"Rua Esperança, 1105 - Jaguaribe, João Pessoa/PB",(83) 99730-1430,mateus.ribeiro.@email.com,Unimed,Dr. Eduardo Fontes Medeiros,6543/PB,Neurologia,50
1127,47,5,5,2026-01-29 13:45:00,Enxaqueca com aura frequente,Realizada,Sala 204,315.0,Leonardo Lopes Martins,804.105.868-23,1986-03-21,Masculino,"Rua das Flores, 2131 - Bessa, João Pessoa/PB",(83) 99594-7965,leonardo.lopes.@email.com,Unimed,Dr. Eduardo Fontes Medeiros,6543/PB,Neurologia,50
201,32,5,5,2025-03-13 09:15:00,Parestesia em membros superiores,Realizada,Sala 204,315.0,Daniela Coutinho Lins,202.175.650-37,2013-10-19,Feminino,"Rua dos Ipês, 291 - Cabo Branco, João Pessoa/PB",(83) 99036-5345,daniela.coutinh@email.com,Unimed,Dr. Eduardo Fontes Medeiros,6543/PB,Neurologia,50
43,34,5,5,2025-01-15 15:15:00,Parestesia em membros superiores,Realizada,Sala 204,350.0,Diego Souza Mendes,259.378.388-87,1968-12-18,Masculino,"Rua Esperança, 1091 - Bessa, João Pessoa/PB",(83) 98431-6617,diego.souza.men@email.com,Particular,Dr. Eduardo Fontes Medeiros,6543/PB,Neurologia,50
148,18,5,5,2025-02-22 12:30:00,Enxaqueca com aura frequente,Realizada,Sala 204,308.0,Clarice Lispector Cunha,993.721.533-37,1976-05-17,Feminino,"Rua Esperança, 1286 - Bessa, João Pessoa/PB",(83) 99902-9835,clarice.lispect@email.com,Bradesco Saúde,Dr. Eduardo Fontes Medeiros,6543/PB,Neurologia,50
757,18,5,5,2025-09-23 14:45:00,Perda de memória recente,Realizada,Sala 204,308.0,Clarice Lispector Cunha,993.721.533-37,1976-05-17,Feminino,"Rua Esperança, 1286 - Bessa, João Pessoa/PB",(83) 99902-9835,clarice.lispect@email.com,Bradesco Saúde,Dr. Eduardo Fontes Medeiros,6543/PB,Neurologia,50
48,9,5,5,2025-01-17 14:45:00,Perda de memória recente,Realizada,Sala 204,297.5,Thiago Rocha Cavalcanti,374.167.316-82,1959-06-13,Masculino,"Rua Esperança, 2054 - Bessa, João Pessoa/PB",(83) 99794-6155,thiago.rocha.ca@email.com,SulAmérica,Dr. Eduardo Fontes Medeiros,6543/PB,Neurologia,50
214,9,5,5,2025-03-19 17:00:00,Parestesia em membros superiores,Realizada,Sala 204,297.5,Thiago Rocha Cavalcanti,374.167.316-82,1959-06-13,Masculino,"Rua Esperança, 2054 - Bessa, João Pessoa/PB",(83) 99794-6155,thiago.rocha.ca@email.com,SulAmérica,Dr. Eduardo Fontes Medeiros,6543/PB,Neurologia,50
567,9,5,5,2025-07-17 15:15:00,Parestesia em membros superiores,Cancelada,Sala 204,297.5,Thiago Rocha Cavalcanti,374.167.316-82,1959-06-13,Masculino,"Rua Esperança, 2054 - Bessa, João Pessoa/PB",(83) 99794-6155,thiago.rocha.ca@email.com,SulAmérica,Dr. Eduardo Fontes Medeiros,6543/PB,Neurologia,50
1208,9,5,5,2026-03-02 14:00:00,Perda de memória recente,Realizada,Sala 204,297.5,Thiago Rocha Cavalcanti,374.167.316-82,1959-06-13,Masculino,"Rua Esperança, 2054 - Bessa, João Pessoa/PB",(83) 99794-6155,thiago.rocha.ca@email.com,SulAmérica,Dr. Eduardo Fontes Medeiros,6543/PB,Neurologia,50
1398,76,5,5,2026-05-16 09:15:00,Parestesia em membros superiores,Realizada,Sala 204,287.0,Carolina Costa Costa,521.810.607-46,1968-03-11,Feminino,"Rua Principal, 1872 - Torre, João Pessoa/PB",(83) 99356-7561,carolina.costa.@email.com,Amil,Dr. Eduardo Fontes Medeiros,6543/PB,Neurologia,50
51,20,5,5,2025-01-18 10:15:00,Avaliação de tremor e tontura,Realizada,Sala 204,315.0,Luciana Guedes Nogueira,335.702.325-10,1957-10-18,Feminino,"Rua Principal, 138 - Bessa, João Pessoa/PB",(83) 98145-1964,luciana.guedes.@email.com,Unimed,Dr. Eduardo Fontes Medeiros,6543/PB,Neurologia,50
108,20,5,5,2025-02-07 11:00:00,Perda de memória recente,Não Compareceu,Sala 204,315.0,Luciana Guedes Nogueira,335.702.325-10,1957-10-18,Feminino,"Rua Principal, 138 - Bessa, João Pessoa/PB",(83) 98145-1964,luciana.guedes.@email.com,Unimed,Dr. Eduardo Fontes Medeiros,6543/PB,Neurologia,50
719,20,5,5,2025-09-10 12:45:00,Parestesia em membros superiores,Cancelada,Sala 204,315.0,Luciana Guedes Nogueira,335.702.325-10,1957-10-18,Feminino,"Rua Principal, 138 - Bessa, João Pessoa/PB",(83) 98145-1964,luciana.guedes.@email.com,Unimed,Dr. Eduardo Fontes Medeiros,6543/PB,Neurologia,50
753,20,5,5,2025-09-20 17:00:00,Perda de memória recente,Realizada,Sala 204,315.0,Luciana Guedes Nogueira,335.702.325-10,1957-10-18,Feminino,"Rua Principal, 138 - Bessa, João Pessoa/PB",(83) 98145-1964,luciana.guedes.@email.com,Unimed,Dr. Eduardo Fontes Medeiros,6543/PB,Neurologia,50
1503,20,5,5,2026-06-20 12:45:00,Perda de memória recente,Realizada,Sala 204,315.0,Luciana Guedes Nogueira,335.702.325-10,1957-10-18,Feminino,"Rua Principal, 138 - Bessa, João Pessoa/PB",(83) 98145-1964,luciana.guedes.@email.com,Unimed,Dr. Eduardo Fontes Medeiros,6543/PB,Neurologia,50
52,115,5,5,2025-01-18 09:30:00,Parestesia em membros superiores,Realizada,Sala 204,297.5,Juliana Martins Machado,570.179.982-50,1960-07-01,Feminino,"Rua Bancários, 1720 - Jaguaribe, João Pessoa/PB",(83) 99179-8033,juliana.martins@email.com,SulAmérica,Dr. Eduardo Fontes Medeiros,6543/PB,Neurologia,50
690,115,5,5,2025-09-01 16:45:00,Enxaqueca com aura frequente,Realizada,Sala 204,297.5,Juliana Martins Machado,570.179.982-50,1960-07-01,Feminino,"Rua Bancários, 1720 - Jaguaribe, João Pessoa/PB",(83) 99179-8033,juliana.martins@email.com,SulAmérica,Dr. Eduardo Fontes Medeiros,6543/PB,Neurologia,50
929,108,5,5,2025-11-19 11:00:00,Parestesia em membros superiores,Realizada,Sala 204,287.0,Fernanda Carvalho Ribeiro,394.714.419-55,2009-12-02,Feminino,"Rua das Flores, 1985 - Bessa, João Pessoa/PB",(83) 98212-9313,fernanda.carval@email.com,Amil,Dr. Eduardo Fontes Medeiros,6543/PB,Neurologia,50
149,54,5,5,2025-02-24 15:00:00,Avaliação de tremor e tontura,Realizada,Sala 204,350.0,Leonardo Vieira Vieira,538.238.987-69,1958-02-21,Masculino,"Rua Bancários, 1350 - Altiplano, João Pessoa/PB",(83) 98372-1823,leonardo.vieira@email.com,Particular,Dr. Eduardo Fontes Medeiros,6543/PB,Neurologia,50
1536,52,5,5,2026-07-01 08:30:00,Avaliação de tremor e tontura,Realizada,Sala 204,287.0,Bruno Gomes Moreira,865.852.659-87,2004-07-18,Masculino,"Rua das Flores, 1127 - Centro, João Pessoa/PB",(83) 99838-4613,bruno.gomes.mor@email.com,Amil,Dr. Eduardo Fontes Medeiros,6543/PB,Neurologia,50
94,58,5,5,2025-02-01 13:30:00,Enxaqueca com aura frequente,Realizada,Sala 204,315.0,Thiago Vieira Dias,303.177.706-98,2003-07-23,Masculino,"Rua Esperança, 1245 - Tambaú, João Pessoa/PB",(83) 99701-4978,thiago.vieira.d@email.com,Unimed,Dr. Eduardo Fontes Medeiros,6543/PB,Neurologia,50
582,58,5,5,2025-07-23 11:30:00,Parestesia em membros superiores,Realizada,Sala 204,315.0,Thiago Vieira Dias,303.177.706-98,2003-07-23,Masculino,"Rua Esperança, 1245 - Tambaú, João Pessoa/PB",(83) 99701-4978,thiago.vieira.d@email.com,Unimed,Dr. Eduardo Fontes Medeiros,6543/PB,Neurologia,50
1053,93,5,5,2026-01-03 15:00:00,Perda de memória recente,Realizada,Sala 204,287.0,Camila Alves Rodrigues,379.950.268-42,2001-09-17,Feminino,"Rua Esperança, 1397 - Altiplano, João Pessoa/PB",(83) 99871-8894,camila.alves.ro@email.com,Amil,Dr. Eduardo Fontes Medeiros,6543/PB,Neurologia,50
88,2,5,5,2025-01-30 17:00:00,Parestesia em membros superiores,Realizada,Sala 204,280.0,Mariana Souza Lima,195.323.338-74,2009-01-01,Feminino,"Rua das Flores, 2242 - Torre, João Pessoa/PB",(83) 99232-1434,mariana.souza.l@email.com,Cassi,Dr. Eduardo Fontes Medeiros,6543/PB,Neurologia,50
629,2,5,5,2025-08-11 15:45:00,Enxaqueca com aura frequente,Realizada,Sala 204,280.0,Mariana Souza Lima,195.323.338-74,2009-01-01,Feminino,"Rua das Flores, 2242 - Torre, João Pessoa/PB",(83) 99232-1434,mariana.souza.l@email.com,Cassi,Dr. Eduardo Fontes Medeiros,6543/PB,Neurologia,50
1185,2,5,5,2026-02-20 11:15:00,Enxaqueca com aura frequente,Realizada,Sala 204,280.0,Mariana Souza Lima,195.323.338-74,2009-01-01,Feminino,"Rua das Flores, 2242 - Torre, João Pessoa/PB",(83) 99232-1434,mariana.souza.l@email.com,Cassi,Dr. Eduardo Fontes Medeiros,6543/PB,Neurologia,50
1474,6,5,5,2026-06-11 17:15:00,Perda de memória recente,Realizada,Sala 204,315.0,Juliana Barbosa Dias,146.777.333-47,1979-12-03,Feminino,"Rua Bancários, 1148 - Tambaú, João Pessoa/PB",(83) 98163-4814,juliana.barbosa@email.com,Unimed,Dr. Eduardo Fontes Medeiros,6543/PB,Neurologia,50
800,103,5,5,2025-10-04 11:00:00,Avaliação de tremor e tontura,Realizada,Sala 204,315.0,Eduarda Pereira Barbosa,987.774.633-48,1960-12-26,Feminino,"Rua Bancários, 1655 - Manaíra, João Pessoa/PB",(83) 98938-1510,eduarda.pereira@email.com,Unimed,Dr. Eduardo Fontes Medeiros,6543/PB,Neurologia,50
1578,19,5,5,2026-07-15 13:30:00,Parestesia em membros superiores,Realizada,Sala 204,308.0,Otávio Mesquita Barros,482.548.629-67,2006-11-21,Masculino,"Rua Principal, 1394 - Bessa, João Pessoa/PB",(83) 98247-5061,otávio.mesquita@email.com,Bradesco Saúde,Dr. Eduardo Fontes Medeiros,6543/PB,Neurologia,50
1004,85,5,5,2025-12-17 17:30:00,Avaliação de tremor e tontura,Não Compareceu,Sala 204,315.0,Isabela Nascimento Martins,790.979.646-58,1965-06-28,Feminino,"Rua Epitácio Pessoa, 157 - Centro, João Pessoa/PB",(83) 99954-6188,isabela.nascime@email.com,Unimed,Dr. Eduardo Fontes Medeiros,6543/PB,Neurologia,50
1614,85,5,5,2026-07-25 13:45:00,Perda de memória recente,Realizada,Sala 204,315.0,Isabela Nascimento Martins,790.979.646-58,1965-06-28,Feminino,"Rua Epitácio Pessoa, 157 - Centro, João Pessoa/PB",(83) 99954-6188,isabela.nascime@email.com,Unimed,Dr. Eduardo Fontes Medeiros,6543/PB,Neurologia,50
253,44,5,5,2025-04-02 13:15:00,Perda de memória recente,Realizada,Sala 204,350.0,Rodrigo Dias Martins,408.515.661-10,1977-10-19,Masculino,"Rua Bancários, 2385 - Bessa, João Pessoa/PB",(83) 98622-5700,rodrigo.dias.ma@email.com,Particular,Dr. Eduardo Fontes Medeiros,6543/PB,Neurologia,50
299,44,5,5,2025-04-17 13:30:00,Parestesia em membros superiores,Realizada,Sala 204,350.0,Rodrigo Dias Martins,408.515.661-10,1977-10-19,Masculino,"Rua Bancários, 2385 - Bessa, João Pessoa/PB",(83) 98622-5700,rodrigo.dias.ma@email.com,Particular,Dr. Eduardo Fontes Medeiros,6543/PB,Neurologia,50
1210,44,5,5,2026-03-03 10:15:00,Perda de memória recente,Realizada,Sala 204,350.0,Rodrigo Dias Martins,408.515.661-10,1977-10-19,Masculino,"Rua Bancários, 2385 - Bessa, João Pessoa/PB",(83) 98622-5700,rodrigo.dias.ma@email.com,Particular,Dr. Eduardo Fontes Medeiros,6543/PB,Neurologia,50
79,29,5,5,2025-01-28 12:15:00,Perda de memória recente,Realizada,Sala 204,297.5,Vinicius Albuquerque Luz,182.971.290-18,1975-01-17,Masculino,"Rua Bancários, 501 - Bessa, João Pessoa/PB",(83) 99218-2113,vinicius.albuqu@email.com,SulAmérica,Dr. Eduardo Fontes Medeiros,6543/PB,Neurologia,50
677,29,5,5,2025-08-27 17:15:00,Avaliação de tremor e tontura,Realizada,Sala 204,297.5,Vinicius Albuquerque Luz,182.971.290-18,1975-01-17,Masculino,"Rua Bancários, 501 - Bessa, João Pessoa/PB",(83) 99218-2113,vinicius.albuqu@email.com,SulAmérica,Dr. Eduardo Fontes Medeiros,6543/PB,Neurologia,50
708,29,5,5,2025-09-08 11:00:00,Perda de memória recente,Cancelada,Sala 204,297.5,Vinicius Albuquerque Luz,182.971.290-18,1975-01-17,Masculino,"Rua Bancários, 501 - Bessa, João Pessoa/PB",(83) 99218-2113,vinicius.albuqu@email.com,SulAmérica,Dr. Eduardo Fontes Medeiros,6543/PB,Neurologia,50
792,119,5,5,2025-10-01 12:00:00,Avaliação de tremor e tontura,Realizada,Sala 204,350.0,Helena Moreira Vieira,758.750.739-51,2012-11-19,Feminino,"Rua Bancários, 289 - Cabo Branco, João Pessoa/PB",(83) 99769-6179,helena.moreira.@email.com,Particular,Dr. Eduardo Fontes Medeiros,6543/PB,Neurologia,50
1492,119,5,5,2026-06-17 17:15:00,Avaliação de tremor e tontura,Realizada,Sala 204,350.0,Helena Moreira Vieira,758.750.739-51,2012-11-19,Feminino,"Rua Bancários, 289 - Cabo Branco, João Pessoa/PB",(83) 99769-6179,helena.moreira.@email.com,Particular,Dr. Eduardo Fontes Medeiros,6543/PB,Neurologia,50
1564,71,5,5,2026-07-10 09:15:00,Enxaqueca com aura frequente,Realizada,Sala 204,287.0,André Ferreira Fernandes,518.561.805-86,1964-03-01,Masculino,"Rua das Flores, 1190 - Manaíra, João Pessoa/PB",(83) 98962-5771,andré.ferreira.@email.com,Amil,Dr. Eduardo Fontes Medeiros,6543/PB,Neurologia,50
1093,113,5,5,2026-01-17 17:45:00,Parestesia em membros superiores,Cancelada,Sala 204,350.0,Thiago Dias Dias,415.146.325-60,2017-09-22,Masculino,"Rua das Flores, 1244 - Manaíra, João Pessoa/PB",(83) 99227-1897,thiago.dias.dia@email.com,Particular,Dr. Eduardo Fontes Medeiros,6543/PB,Neurologia,50
1415,113,5,5,2026-05-21 15:45:00,Perda de memória recente,Realizada,Sala 204,350.0,Thiago Dias Dias,415.146.325-60,2017-09-22,Masculino,"Rua das Flores, 1244 - Manaíra, João Pessoa/PB",(83) 99227-1897,thiago.dias.dia@email.com,Particular,Dr. Eduardo Fontes Medeiros,6543/PB,Neurologia,50
1645,113,5,5,2026-08-05 08:45:00,Parestesia em membros superiores,Realizada,Sala 204,350.0,Thiago Dias Dias,415.146.325-60,2017-09-22,Masculino,"Rua das Flores, 1244 - Manaíra, João Pessoa/PB",(83) 99227-1897,thiago.dias.dia@email.com,Particular,Dr. Eduardo Fontes Medeiros,6543/PB,Neurologia,50
1183,25,5,5,2026-02-20 09:00:00,Parestesia em membros superiores,Cancelada,Sala 204,308.0,Wagner Mendonça Filho,982.976.663-22,1964-08-26,Masculino,"Rua Principal, 978 - Manaíra, João Pessoa/PB",(83) 98103-9856,wagner.mendonça@email.com,Bradesco Saúde,Dr. Eduardo Fontes Medeiros,6543/PB,Neurologia,50
1097,95,5,5,2026-01-19 08:30:00,Avaliação de tremor e tontura,Realizada,Sala 204,287.0,Marcelo Ribeiro Dias,942.753.480-23,1988-10-13,Masculino,"Rua Principal, 2309 - Centro, João Pessoa/PB",(83) 99382-4830,marcelo.ribeiro@email.com,Amil,Dr. Eduardo Fontes Medeiros,6543/PB,Neurologia,50
479,8,5,5,2025-06-19 14:00:00,Avaliação de tremor e tontura,Realizada,Sala 204,350.0,Beatriz Nogueira Mendes,488.376.755-98,1986-03-15,Feminino,"Rua Principal, 948 - Mangabeira, João Pessoa/PB",(83) 99140-4598,beatriz.nogueir@email.com,Particular,Dr. Eduardo Fontes Medeiros,6543/PB,Neurologia,50
529,8,5,5,2025-07-03 11:30:00,Enxaqueca com aura frequente,Não Compareceu,Sala 204,350.0,Beatriz Nogueira Mendes,488.376.755-98,1986-03-15,Feminino,"Rua Principal, 948 - Mangabeira, João Pessoa/PB",(83) 99140-4598,beatriz.nogueir@email.com,Particular,Dr. Eduardo Fontes Medeiros,6543/PB,Neurologia,50
137,88,5,5,2025-02-18 16:00:00,Parestesia em membros superiores,Realizada,Sala 204,297.5,Carlos Oliveira Barbosa,346.609.697-28,2003-10-22,Masculino,"Rua Bancários, 1055 - Altiplano, João Pessoa/PB",(83) 98475-8555,carlos.oliveira@email.com,SulAmérica,Dr. Eduardo Fontes Medeiros,6543/PB,Neurologia,50
776,88,5,5,2025-09-27 14:45:00,Enxaqueca com aura frequente,Realizada,Sala 204,297.5,Carlos Oliveira Barbosa,346.609.697-28,2003-10-22,Masculino,"Rua Bancários, 1055 - Altiplano, João Pessoa/PB",(83) 98475-8555,carlos.oliveira@email.com,SulAmérica,Dr. Eduardo Fontes Medeiros,6543/PB,Neurologia,50
609,15,5,5,2025-08-01 08:15:00,Perda de memória recente,Realizada,Sala 204,315.0,Bruno Cardoso Tavares,723.303.256-57,1993-11-17,Masculino,"Rua Epitácio Pessoa, 12 - Torre, João Pessoa/PB",(83) 99561-3646,bruno.cardoso.t@email.com,Unimed,Dr. Eduardo Fontes Medeiros,6543/PB,Neurologia,50
279,110,5,5,2025-04-10 16:45:00,Enxaqueca com aura frequente,Realizada,Sala 204,315.0,Carlos Lima Nascimento,106.285.990-28,1994-06-12,Masculino,"Rua das Flores, 135 - Tambaú, João Pessoa/PB",(83) 99159-7566,carlos.lima.nas@email.com,Unimed,Dr. Eduardo Fontes Medeiros,6543/PB,Neurologia,50
1513,23,5,5,2026-06-23 13:45:00,Parestesia em membros superiores,Não Compareceu,Sala 204,315.0,Henrique Fagundes Moura,846.155.789-93,2007-08-28,Masculino,"Rua Bancários, 1399 - Manaíra, João Pessoa/PB",(83) 99323-2612,henrique.fagund@email.com,Unimed,Dr. Eduardo Fontes Medeiros,6543/PB,Neurologia,50
315,39,5,5,2025-04-23 15:30:00,Avaliação de tremor e tontura,Realizada,Sala 204,297.5,Camila Nunes Nascimento,139.979.581-38,1968-07-28,Feminino,"Rua dos Ipês, 942 - Mangabeira, João Pessoa/PB",(83) 98408-8541,camila.nunes.na@email.com,SulAmérica,Dr. Eduardo Fontes Medeiros,6543/PB,Neurologia,50
1217,39,5,5,2026-03-06 16:00:00,Perda de memória recente,Realizada,Sala 204,297.5,Camila Nunes Nascimento,139.979.581-38,1968-07-28,Feminino,"Rua dos Ipês, 942 - Mangabeira, João Pessoa/PB",(83) 98408-8541,camila.nunes.na@email.com,SulAmérica,Dr. Eduardo Fontes Medeiros,6543/PB,Neurologia,50
113,53,5,5,2025-02-08 12:00:00,Avaliação de tremor e tontura,Realizada,Sala 204,350.0,Daniela Silva Martins,917.514.841-31,1998-11-22,Feminino,"Rua Epitácio Pessoa, 2197 - Cabo Branco, João Pessoa/PB",(83) 99721-8657,daniela.silva.m@email.com,Particular,Dr. Eduardo Fontes Medeiros,6543/PB,Neurologia,50
255,49,5,5,2025-04-03 12:15:00,Enxaqueca com aura frequente,Realizada,Sala 204,308.0,Gabriela Almeida Mendes,586.560.365-41,1975-12-28,Feminino,"Rua Bancários, 989 - Torre, João Pessoa/PB",(83) 99720-5543,gabriela.almeid@email.com,Bradesco Saúde,Dr. Eduardo Fontes Medeiros,6543/PB,Neurologia,50
1709,49,5,5,2026-09-03 14:30:00,Retorno de rotina programado,Agendada,Sala 204,350.0,Gabriela Almeida Mendes,586.560.365-41,1975-12-28,Feminino,"Rua Bancários, 989 - Torre, João Pessoa/PB",(83) 99720-5543,gabriela.almeid@email.com,Bradesco Saúde,Dr. Eduardo Fontes Medeiros,6543/PB,Neurologia,50
141,82,5,5,2025-02-19 15:45:00,Perda de memória recente,Realizada,Sala 204,297.5,Helena Vieira Dias,651.595.453-52,2017-03-15,Feminino,"Rua Bancários, 1328 - Bancários, João Pessoa/PB",(83) 99130-9903,helena.vieira.d@email.com,SulAmérica,Dr. Eduardo Fontes Medeiros,6543/PB,Neurologia,50
1220,82,5,5,2026-03-07 17:00:00,Enxaqueca com aura frequente,Realizada,Sala 204,297.5,Helena Vieira Dias,651.595.453-52,2017-03-15,Feminino,"Rua Bancários, 1328 - Bancários, João Pessoa/PB",(83) 99130-9903,helena.vieira.d@email.com,SulAmérica,Dr. Eduardo Fontes Medeiros,6543/PB,Neurologia,50
1281,82,5,5,2026-04-02 17:30:00,Enxaqueca com aura frequente,Realizada,Sala 204,297.5,Helena Vieira Dias,651.595.453-52,2017-03-15,Feminino,"Rua Bancários, 1328 - Bancários, João Pessoa/PB",(83) 99130-9903,helena.vieira.d@email.com,SulAmérica,Dr. Eduardo Fontes Medeiros,6543/PB,Neurologia,50
1553,82,5,5,2026-07-06 15:45:00,Avaliação de tremor e tontura,Realizada,Sala 204,297.5,Helena Vieira Dias,651.595.453-52,2017-03-15,Feminino,"Rua Bancários, 1328 - Bancários, João Pessoa/PB",(83) 99130-9903,helena.vieira.d@email.com,SulAmérica,Dr. Eduardo Fontes Medeiros,6543/PB,Neurologia,50
371,50,5,5,2025-05-13 16:30:00,Parestesia em membros superiores,Não Compareceu,Sala 204,315.0,Débora Oliveira Nascimento,443.427.653-20,1991-04-09,Feminino,"Rua Bancários, 635 - Bessa, João Pessoa/PB",(83) 98283-3471,débora.oliveira@email.com,Unimed,Dr. Eduardo Fontes Medeiros,6543/PB,Neurologia,50
1252,50,5,5,2026-03-21 17:15:00,Enxaqueca com aura frequente,Realizada,Sala 204,315.0,Débora Oliveira Nascimento,443.427.653-20,1991-04-09,Feminino,"Rua Bancários, 635 - Bessa, João Pessoa/PB",(83) 98283-3471,débora.oliveira@email.com,Unimed,Dr. Eduardo Fontes Medeiros,6543/PB,Neurologia,50
1242,35,5,5,2026-03-18 15:15:00,Parestesia em membros superiores,Realizada,Sala 204,280.0,Letícia Mendes Freitas,533.949.383-15,1961-02-21,Feminino,"Rua Esperança, 1082 - Cabo Branco, João Pessoa/PB",(83) 98007-6464,letícia.mendes.@email.com,Cassi,Dr. Eduardo Fontes Medeiros,6543/PB,Neurologia,50
1359,35,5,5,2026-05-01 17:45:00,Enxaqueca com aura frequente,Realizada,Sala 204,280.0,Letícia Mendes Freitas,533.949.383-15,1961-02-21,Feminino,"Rua Esperança, 1082 - Cabo Branco, João Pessoa/PB",(83) 98007-6464,letícia.mendes.@email.com,Cassi,Dr. Eduardo Fontes Medeiros,6543/PB,Neurologia,50
1569,1,5,5,2026-07-13 14:30:00,Avaliação de tremor e tontura,Realizada,Sala 204,308.0,Carlos Eduardo Silva,381.350.328-27,1969-01-24,Masculino,"Rua Principal, 2428 - Torre, João Pessoa/PB",(83) 99508-2679,carlos.eduardo.@email.com,Bradesco Saúde,Dr. Eduardo Fontes Medeiros,6543/PB,Neurologia,50
161,13,5,5,2025-02-27 11:15:00,Perda de memória recente,Realizada,Sala 204,287.0,Rodrigo Teixeira Santos,217.798.649-44,1956-11-24,Masculino,"Rua dos Ipês, 1790 - Tambaú, João Pessoa/PB",(83) 99574-6573,rodrigo.teixeir@email.com,Amil,Dr. Eduardo Fontes Medeiros,6543/PB,Neurologia,50
388,13,5,5,2025-05-17 17:00:00,Parestesia em membros superiores,Realizada,Sala 204,287.0,Rodrigo Teixeira Santos,217.798.649-44,1956-11-24,Masculino,"Rua dos Ipês, 1790 - Tambaú, João Pessoa/PB",(83) 99574-6573,rodrigo.teixeir@email.com,Amil,Dr. Eduardo Fontes Medeiros,6543/PB,Neurologia,50
1405,27,5,5,2026-05-19 17:45:00,Avaliação de tremor e tontura,Realizada,Sala 204,315.0,Sérgio Ramos Peixoto,903.565.392-64,2004-05-26,Masculino,"Rua das Flores, 1225 - Cabo Branco, João Pessoa/PB",(83) 99426-8973,sérgio.ramos.pe@email.com,Unimed,Dr. Eduardo Fontes Medeiros,6543/PB,Neurologia,50
1601,27,5,5,2026-07-21 10:00:00,Enxaqueca com aura frequente,Não Compareceu,Sala 204,315.0,Sérgio Ramos Peixoto,903.565.392-64,2004-05-26,Masculino,"Rua das Flores, 1225 - Cabo Branco, João Pessoa/PB",(83) 99426-8973,sérgio.ramos.pe@email.com,Unimed,Dr. Eduardo Fontes Medeiros,6543/PB,Neurologia,50
485,22,5,5,2025-06-20 17:00:00,Avaliação de tremor e tontura,Realizada,Sala 204,315.0,Débora Silveira Campos,584.926.516-34,2015-04-26,Feminino,"Rua dos Ipês, 1744 - Bancários, João Pessoa/PB",(83) 98193-2588,débora.silveira@email.com,Unimed,Dr. Eduardo Fontes Medeiros,6543/PB,Neurologia,50
898,22,5,5,2025-11-07 10:15:00,Enxaqueca com aura frequente,Realizada,Sala 204,315.0,Débora Silveira Campos,584.926.516-34,2015-04-26,Feminino,"Rua dos Ipês, 1744 - Bancários, João Pessoa/PB",(83) 98193-2588,débora.silveira@email.com,Unimed,Dr. Eduardo Fontes Medeiros,6543/PB,Neurologia,50
639,105,5,5,2025-08-13 10:45:00,Avaliação de tremor e tontura,Cancelada,Sala 204,350.0,Bruna Barbosa Soares,719.540.201-99,1992-08-17,Feminino,"Rua Bancários, 945 - Bancários, João Pessoa/PB",(83) 98234-4522,bruna.barbosa.s@email.com,Particular,Dr. Eduardo Fontes Medeiros,6543/PB,Neurologia,50
1596,105,5,5,2026-07-20 15:45:00,Avaliação de tremor e tontura,Realizada,Sala 204,350.0,Bruna Barbosa Soares,719.540.201-99,1992-08-17,Feminino,"Rua Bancários, 945 - Bancários, João Pessoa/PB",(83) 98234-4522,bruna.barbosa.s@email.com,Particular,Dr. Eduardo Fontes Medeiros,6543/PB,Neurologia,50
1146,94,5,5,2026-02-04 10:30:00,Enxaqueca com aura frequente,Realizada,Sala 204,297.5,Marcelo Oliveira Rodrigues,790.506.966-81,1983-11-24,Masculino,"Rua Principal, 1093 - Bancários, João Pessoa/PB",(83) 98749-2479,marcelo.oliveir@email.com,SulAmérica,Dr. Eduardo Fontes Medeiros,6543/PB,Neurologia,50
1042,67,5,5,2025-12-30 15:45:00,Perda de memória recente,Realizada,Sala 204,315.0,Thiago Silva Nascimento,155.666.399-99,1971-05-02,Masculino,"Rua Principal, 60 - Centro, João Pessoa/PB",(83) 99933-3068,thiago.silva.na@email.com,Unimed,Dr. Eduardo Fontes Medeiros,6543/PB,Neurologia,50
1082,67,5,5,2026-01-13 16:45:00,Perda de memória recente,Cancelada,Sala 204,315.0,Thiago Silva Nascimento,155.666.399-99,1971-05-02,Masculino,"Rua Principal, 60 - Centro, João Pessoa/PB",(83) 99933-3068,thiago.silva.na@email.com,Unimed,Dr. Eduardo Fontes Medeiros,6543/PB,Neurologia,50
1296,67,5,5,2026-04-08 17:15:00,Parestesia em membros superiores,Realizada,Sala 204,315.0,Thiago Silva Nascimento,155.666.399-99,1971-05-02,Masculino,"Rua Principal, 60 - Centro, João Pessoa/PB",(83) 99933-3068,thiago.silva.na@email.com,Unimed,Dr. Eduardo Fontes Medeiros,6543/PB,Neurologia,50
213,96,5,5,2025-03-19 09:00:00,Perda de memória recente,Realizada,Sala 204,308.0,Isabela Pereira Rocha,575.817.409-93,1963-11-27,Feminino,"Rua Principal, 162 - Cabo Branco, João Pessoa/PB",(83) 98836-2911,isabela.pereira@email.com,Bradesco Saúde,Dr. Eduardo Fontes Medeiros,6543/PB,Neurologia,50
978,30,5,5,2025-12-08 16:00:00,Parestesia em membros superiores,Realizada,Sala 204,315.0,Letícia Holanda Freire,140.734.183-63,1986-10-20,Feminino,"Rua dos Ipês, 846 - Mangabeira, João Pessoa/PB",(83) 99346-9565,letícia.holanda@email.com,Unimed,Dr. Eduardo Fontes Medeiros,6543/PB,Neurologia,50
1357,30,5,5,2026-04-30 16:15:00,Avaliação de tremor e tontura,Cancelada,Sala 204,315.0,Letícia Holanda Freire,140.734.183-63,1986-10-20,Feminino,"Rua dos Ipês, 846 - Mangabeira, João Pessoa/PB",(83) 99346-9565,letícia.holanda@email.com,Unimed,Dr. Eduardo Fontes Medeiros,6543/PB,Neurologia,50
297,60,5,5,2025-04-17 16:45:00,Enxaqueca com aura frequente,Realizada,Sala 204,315.0,Rodrigo Ribeiro Rocha,545.280.851-76,2013-12-05,Masculino,"Rua Epitácio Pessoa, 1990 - Jaguaribe, João Pessoa/PB",(83) 99977-5425,rodrigo.ribeiro@email.com,Unimed,Dr. Eduardo Fontes Medeiros,6543/PB,Neurologia,50
1022,60,5,5,2025-12-23 15:30:00,Perda de memória recente,Realizada,Sala 204,315.0,Rodrigo Ribeiro Rocha,545.280.851-76,2013-12-05,Masculino,"Rua Epitácio Pessoa, 1990 - Jaguaribe, João Pessoa/PB",(83) 99977-5425,rodrigo.ribeiro@email.com,Unimed,Dr. Eduardo Fontes Medeiros,6543/PB,Neurologia,50
1375,92,5,5,2026-05-07 12:00:00,Parestesia em membros superiores,Realizada,Sala 204,287.0,Beatriz Rocha Souza,551.134.693-56,1960-05-26,Feminino,"Rua dos Ipês, 1348 - Tambaú, João Pessoa/PB",(83) 99499-3153,beatriz.rocha.s@email.com,Amil,Dr. Eduardo Fontes Medeiros,6543/PB,Neurologia,50
1332,26,5,5,2026-04-21 15:45:00,Avaliação de tremor e tontura,Realizada,Sala 204,287.0,Renata Vasconcelos Paiva,592.318.985-61,1976-07-16,Feminino,"Rua Bancários, 18 - Cabo Branco, João Pessoa/PB",(83) 99848-1960,renata.vasconce@email.com,Amil,Dr. Eduardo Fontes Medeiros,6543/PB,Neurologia,50
735,16,5,5,2025-09-16 08:00:00,Enxaqueca com aura frequente,Realizada,Sala 204,315.0,Aline Meireles Pontes,214.471.999-49,1996-08-01,Feminino,"Rua Epitácio Pessoa, 332 - Bessa, João Pessoa/PB",(83) 98490-1949,aline.meireles.@email.com,Unimed,Dr. Eduardo Fontes Medeiros,6543/PB,Neurologia,50
751,16,5,5,2025-09-19 15:45:00,Avaliação de tremor e tontura,Realizada,Sala 204,315.0,Aline Meireles Pontes,214.471.999-49,1996-08-01,Feminino,"Rua Epitácio Pessoa, 332 - Bessa, João Pessoa/PB",(83) 98490-1949,aline.meireles.@email.com,Unimed,Dr. Eduardo Fontes Medeiros,6543/PB,Neurologia,50
301,38,5,5,2025-04-18 14:45:00,Enxaqueca com aura frequente,Realizada,Sala 204,315.0,Isabela Andrade Rodrigues,930.281.522-13,1985-03-26,Feminino,"Rua Esperança, 1026 - Bancários, João Pessoa/PB",(83) 98367-6442,isabela.andrade@email.com,Unimed,Dr. Eduardo Fontes Medeiros,6543/PB,Neurologia,50
493,38,5,5,2025-06-24 16:30:00,Perda de memória recente,Realizada,Sala 204,315.0,Isabela Andrade Rodrigues,930.281.522-13,1985-03-26,Feminino,"Rua Esperança, 1026 - Bancários, João Pessoa/PB",(83) 98367-6442,isabela.andrade@email.com,Unimed,Dr. Eduardo Fontes Medeiros,6543/PB,Neurologia,50
807,38,5,5,2025-10-07 11:45:00,Parestesia em membros superiores,Realizada,Sala 204,315.0,Isabela Andrade Rodrigues,930.281.522-13,1985-03-26,Feminino,"Rua Esperança, 1026 - Bancários, João Pessoa/PB",(83) 98367-6442,isabela.andrade@email.com,Unimed,Dr. Eduardo Fontes Medeiros,6543/PB,Neurologia,50
1107,38,5,5,2026-01-22 15:30:00,Enxaqueca com aura frequente,Realizada,Sala 204,315.0,Isabela Andrade Rodrigues,930.281.522-13,1985-03-26,Feminino,"Rua Esperança, 1026 - Bancários, João Pessoa/PB",(83) 98367-6442,isabela.andrade@email.com,Unimed,Dr. Eduardo Fontes Medeiros,6543/PB,Neurologia,50
920,112,5,5,2025-11-15 17:45:00,Avaliação de tremor e tontura,Realizada,Sala 204,315.0,Lucas Lima Almeida,552.524.379-37,2009-08-20,Masculino,"Rua dos Ipês, 1770 - Tambaú, João Pessoa/PB",(83) 99546-9394,lucas.lima.alme@email.com,Unimed,Dr. Eduardo Fontes Medeiros,6543/PB,Neurologia,50
1716,69,5,5,2026-09-11 14:30:00,Retorno de rotina programado,Agendada,Sala 204,350.0,Gabriel Rodrigues Nunes,221.671.882-63,1993-02-08,Masculino,"Rua Bancários, 1855 - Torre, João Pessoa/PB",(83) 99241-4697,gabriel.rodrigu@email.com,Unimed,Dr. Eduardo Fontes Medeiros,6543/PB,Neurologia,50
1062,64,5,5,2026-01-07 14:00:00,Parestesia em membros superiores,Realizada,Sala 204,308.0,Thiago Pereira Martins,695.477.584-80,1986-05-22,Masculino,"Rua Esperança, 2264 - Bancários, João Pessoa/PB",(83) 99087-6632,thiago.pereira.@email.com,Bradesco Saúde,Dr. Eduardo Fontes Medeiros,6543/PB,Neurologia,50
769,37,5,5,2025-09-25 08:30:00,Perda de memória recente,Realizada,Sala 204,315.0,Rodrigo Rodrigues Santos,981.140.466-36,1994-06-26,Masculino,"Rua dos Ipês, 2303 - Tambaú, João Pessoa/PB",(83) 99396-5088,rodrigo.rodrigu@email.com,Unimed,Dr. Eduardo Fontes Medeiros,6543/PB,Neurologia,50
1235,37,5,5,2026-03-13 10:00:00,Parestesia em membros superiores,Cancelada,Sala 204,315.0,Rodrigo Rodrigues Santos,981.140.466-36,1994-06-26,Masculino,"Rua dos Ipês, 2303 - Tambaú, João Pessoa/PB",(83) 99396-5088,rodrigo.rodrigu@email.com,Unimed,Dr. Eduardo Fontes Medeiros,6543/PB,Neurologia,50
1389,78,5,5,2026-05-13 12:30:00,Enxaqueca com aura frequente,Realizada,Sala 204,315.0,Fernando Ribeiro Barbosa,878.152.308-44,2018-11-15,Masculino,"Rua Bancários, 1995 - Altiplano, João Pessoa/PB",(83) 99124-3146,fernando.ribeir@email.com,Unimed,Dr. Eduardo Fontes Medeiros,6543/PB,Neurologia,50
1554,78,5,5,2026-07-06 14:30:00,Enxaqueca com aura frequente,Realizada,Sala 204,315.0,Fernando Ribeiro Barbosa,878.152.308-44,2018-11-15,Masculino,"Rua Bancários, 1995 - Altiplano, João Pessoa/PB",(83) 99124-3146,fernando.ribeir@email.com,Unimed,Dr. Eduardo Fontes Medeiros,6543/PB,Neurologia,50
1108,28,5,5,2026-01-23 16:00:00,Perda de memória recente,Realizada,Sala 204,308.0,Tatiane Farias Medeiros,853.655.162-50,1982-01-19,Feminino,"Rua Bancários, 2069 - Jaguaribe, João Pessoa/PB",(83) 98117-1821,tatiane.farias.@email.com,Bradesco Saúde,Dr. Eduardo Fontes Medeiros,6543/PB,Neurologia,50
1574,28,5,5,2026-07-14 16:30:00,Perda de memória recente,Realizada,Sala 204,308.0,Tatiane Farias Medeiros,853.655.162-50,1982-01-19,Feminino,"Rua Bancários, 2069 - Jaguaribe, João Pessoa/PB",(83) 98117-1821,tatiane.farias.@email.com,Bradesco Saúde,Dr. Eduardo Fontes Medeiros,6543/PB,Neurologia,50
103,10,1,1,2025-02-05 14:30:00,Dor no peito e palpitações,Realizada,Sala 101,246.0,Camila Farias Albuquerque,246.371.242-41,2005-11-15,Feminino,"Rua Esperança, 2404 - Altiplano, João Pessoa/PB",(83) 99525-9830,camila.farias.a@email.com,Amil,Dr. Marcelo Henrique Vieira,8910/PB,Cardiologia,40
376,10,1,1,2025-05-14 10:30:00,Acompanhamento de hipertensão,Realizada,Sala 101,246.0,Camila Farias Albuquerque,246.371.242-41,2005-11-15,Feminino,"Rua Esperança, 2404 - Altiplano, João Pessoa/PB",(83) 99525-9830,camila.farias.a@email.com,Amil,Dr. Marcelo Henrique Vieira,8910/PB,Cardiologia,40
654,84,1,1,2025-08-18 15:00:00,Acompanhamento de hipertensão,Realizada,Sala 101,270.0,Fernanda Machado Machado,567.115.839-28,2011-02-17,Feminino,"Rua Bancários, 1095 - Tambaú, João Pessoa/PB",(83) 98839-3529,fernanda.machad@email.com,Unimed,Dr. Marcelo Henrique Vieira,8910/PB,Cardiologia,40
101,104,1,1,2025-02-05 15:15:00,Eletrocardiograma de rotina,Realizada,Sala 101,264.0,Fernanda Lopes Nascimento,429.722.251-18,2011-02-03,Feminino,"Rua Esperança, 2407 - Jaguaribe, João Pessoa/PB",(83) 98258-5505,fernanda.lopes.@email.com,Bradesco Saúde,Dr. Marcelo Henrique Vieira,8910/PB,Cardiologia,40
429,87,1,1,2025-06-02 13:15:00,Acompanhamento de hipertensão,Realizada,Sala 101,246.0,Pedro Costa Nunes,483.541.249-41,1962-05-12,Masculino,"Rua Esperança, 747 - Jaguaribe, João Pessoa/PB",(83) 99087-7751,pedro.costa.nun@email.com,Amil,Dr. Marcelo Henrique Vieira,8910/PB,Cardiologia,40
933,72,1,1,2025-11-21 12:45:00,Eletrocardiograma de rotina,Realizada,Sala 101,270.0,Débora Oliveira Dias,910.740.703-94,1984-05-26,Feminino,"Rua Principal, 2240 - Bancários, João Pessoa/PB",(83) 99646-4241,débora.oliveira@email.com,Unimed,Dr. Marcelo Henrique Vieira,8910/PB,Cardiologia,40
581,91,1,1,2025-07-22 12:45:00,Acompanhamento de hipertensão,Cancelada,Sala 101,270.0,Maria Vieira Machado,608.952.393-39,1961-10-24,Feminino,"Rua Esperança, 788 - Bessa, João Pessoa/PB",(83) 99243-6772,maria.vieira.ma@email.com,Unimed,Dr. Marcelo Henrique Vieira,8910/PB,Cardiologia,40
1008,91,1,1,2025-12-18 11:00:00,Dor no peito e palpitações,Realizada,Sala 101,270.0,Maria Vieira Machado,608.952.393-39,1961-10-24,Feminino,"Rua Esperança, 788 - Bessa, João Pessoa/PB",(83) 99243-6772,maria.vieira.ma@email.com,Unimed,Dr. Marcelo Henrique Vieira,8910/PB,Cardiologia,40
86,83,1,1,2025-01-30 09:15:00,Dor no peito e palpitações,Realizada,Sala 101,270.0,André Vieira Martins,425.862.584-58,1984-07-02,Masculino,"Rua Principal, 527 - Centro, João Pessoa/PB",(83) 98790-3492,andré.vieira.ma@email.com,Unimed,Dr. Marcelo Henrique Vieira,8910/PB,Cardiologia,40
781,83,1,1,2025-09-29 15:00:00,Dor no peito e palpitações,Não Compareceu,Sala 101,270.0,André Vieira Martins,425.862.584-58,1984-07-02,Masculino,"Rua Principal, 527 - Centro, João Pessoa/PB",(83) 98790-3492,andré.vieira.ma@email.com,Unimed,Dr. Marcelo Henrique Vieira,8910/PB,Cardiologia,40
1656,24,1,1,2026-08-08 13:00:00,Eletrocardiograma de rotina,Realizada,Sala 101,264.0,Isabela Duarte Correia,294.649.559-27,1968-04-07,Feminino,"Rua Bancários, 1033 - Altiplano, João Pessoa/PB",(83) 98864-4006,isabela.duarte.@email.com,Bradesco Saúde,Dr. Marcelo Henrique Vieira,8910/PB,Cardiologia,40
990,65,1,1,2025-12-11 15:00:00,Eletrocardiograma de rotina,Não Compareceu,Sala 101,270.0,Amanda Nascimento Almeida,336.223.838-34,1989-05-09,Feminino,"Rua Esperança, 768 - Torre, João Pessoa/PB",(83) 98646-2958,amanda.nascimen@email.com,Unimed,Dr. Marcelo Henrique Vieira,8910/PB,Cardiologia,40
1119,65,1,1,2026-01-27 11:00:00,Check-up cardiológico,Realizada,Sala 101,270.0,Amanda Nascimento Almeida,336.223.838-34,1989-05-09,Feminino,"Rua Esperança, 768 - Torre, João Pessoa/PB",(83) 98646-2958,amanda.nascimen@email.com,Unimed,Dr. Marcelo Henrique Vieira,8910/PB,Cardiologia,40
1501,65,1,1,2026-06-19 17:45:00,Acompanhamento de hipertensão,Realizada,Sala 101,270.0,Amanda Nascimento Almeida,336.223.838-34,1989-05-09,Feminino,"Rua Esperança, 768 - Torre, João Pessoa/PB",(83) 98646-2958,amanda.nascimen@email.com,Unimed,Dr. Marcelo Henrique Vieira,8910/PB,Cardiologia,40
739,98,1,1,2025-09-16 16:15:00,Check-up cardiológico,Realizada,Sala 101,264.0,Fernanda Marques Lopes,806.479.322-66,2007-05-02,Feminino,"Rua Principal, 1514 - Mangabeira, João Pessoa/PB",(83) 98910-4868,fernanda.marque@email.com,Bradesco Saúde,Dr. Marcelo Henrique Vieira,8910/PB,Cardiologia,40
755,98,1,1,2025-09-22 14:00:00,Check-up cardiológico,Realizada,Sala 101,264.0,Fernanda Marques Lopes,806.479.322-66,2007-05-02,Feminino,"Rua Principal, 1514 - Mangabeira, João Pessoa/PB",(83) 98910-4868,fernanda.marque@email.com,Bradesco Saúde,Dr. Marcelo Henrique Vieira,8910/PB,Cardiologia,40
1362,120,1,1,2026-05-02 17:30:00,Check-up cardiológico,Realizada,Sala 101,264.0,Débora Rocha Gomes,460.619.175-49,1990-10-02,Feminino,"Rua Principal, 1520 - Manaíra, João Pessoa/PB",(83) 98945-8404,débora.rocha.go@email.com,Bradesco Saúde,Dr. Marcelo Henrique Vieira,8910/PB,Cardiologia,40
1591,120,1,1,2026-07-18 10:00:00,Eletrocardiograma de rotina,Realizada,Sala 101,264.0,Débora Rocha Gomes,460.619.175-49,1990-10-02,Feminino,"Rua Principal, 1520 - Manaíra, João Pessoa/PB",(83) 98945-8404,débora.rocha.go@email.com,Bradesco Saúde,Dr. Marcelo Henrique Vieira,8910/PB,Cardiologia,40
552,118,1,1,2025-07-11 16:15:00,Eletrocardiograma de rotina,Realizada,Sala 101,270.0,Bruno Ribeiro Andrade,249.362.302-32,1973-04-04,Masculino,"Rua das Flores, 2033 - Tambaú, João Pessoa/PB",(83) 99233-3504,bruno.ribeiro.a@email.com,Unimed,Dr. Marcelo Henrique Vieira,8910/PB,Cardiologia,40
366,77,1,1,2025-05-12 17:30:00,Check-up cardiológico,Realizada,Sala 101,246.0,Felipe Lima Costa,626.944.101-94,1969-07-28,Masculino,"Rua Bancários, 232 - Centro, João Pessoa/PB",(83) 99780-9889,felipe.lima.cos@email.com,Amil,Dr. Marcelo Henrique Vieira,8910/PB,Cardiologia,40
109,79,1,1,2025-02-07 11:15:00,Dor no peito e palpitações,Não Compareceu,Sala 101,264.0,João Rocha Barbosa,418.664.114-80,1985-12-06,Masculino,"Rua Principal, 1900 - Bessa, João Pessoa/PB",(83) 98835-2527,joão.rocha.barb@email.com,Bradesco Saúde,Dr. Marcelo Henrique Vieira,8910/PB,Cardiologia,40
516,68,1,1,2025-06-30 13:15:00,Acompanhamento de hipertensão,Realizada,Sala 101,246.0,Daniela Lopes Almeida,358.982.589-24,1998-03-02,Feminino,"Rua Bancários, 313 - Bancários, João Pessoa/PB",(83) 99683-2070,daniela.lopes.a@email.com,Amil,Dr. Marcelo Henrique Vieira,8910/PB,Cardiologia,40
686,68,1,1,2025-08-29 12:45:00,Acompanhamento de hipertensão,Realizada,Sala 101,246.0,Daniela Lopes Almeida,358.982.589-24,1998-03-02,Feminino,"Rua Bancários, 313 - Bancários, João Pessoa/PB",(83) 99683-2070,daniela.lopes.a@email.com,Amil,Dr. Marcelo Henrique Vieira,8910/PB,Cardiologia,40
1687,68,1,1,2026-08-20 08:30:00,Dor no peito e palpitações,Realizada,Sala 101,246.0,Daniela Lopes Almeida,358.982.589-24,1998-03-02,Feminino,"Rua Bancários, 313 - Bancários, João Pessoa/PB",(83) 99683-2070,daniela.lopes.a@email.com,Amil,Dr. Marcelo Henrique Vieira,8910/PB,Cardiologia,40
416,48,1,1,2025-05-26 16:45:00,Eletrocardiograma de rotina,Realizada,Sala 101,264.0,Ana Fernandes Pereira,920.575.783-77,1970-08-05,Feminino,"Rua Epitácio Pessoa, 2077 - Centro, João Pessoa/PB",(83) 99144-6198,ana.fernandes.p@email.com,Bradesco Saúde,Dr. Marcelo Henrique Vieira,8910/PB,Cardiologia,40
1073,48,1,1,2026-01-09 09:00:00,Eletrocardiograma de rotina,Cancelada,Sala 101,264.0,Ana Fernandes Pereira,920.575.783-77,1970-08-05,Feminino,"Rua Epitácio Pessoa, 2077 - Centro, João Pessoa/PB",(83) 99144-6198,ana.fernandes.p@email.com,Bradesco Saúde,Dr. Marcelo Henrique Vieira,8910/PB,Cardiologia,40
1699,107,1,1,2026-08-25 11:00:00,Acompanhamento de hipertensão,Realizada,Sala 101,264.0,Lucas Marques Oliveira,862.856.481-26,1966-07-04,Masculino,"Rua Epitácio Pessoa, 2310 - Jaguaribe, João Pessoa/PB",(83) 99139-1982,lucas.marques.o@email.com,Bradesco Saúde,Dr. Marcelo Henrique Vieira,8910/PB,Cardiologia,40
634,5,1,1,2025-08-12 17:00:00,Acompanhamento de hipertensão,Não Compareceu,Sala 101,270.0,Roberto Alves Monteiro,649.227.487-20,1960-12-15,Masculino,"Rua dos Ipês, 2374 - Jaguaribe, João Pessoa/PB",(83) 99130-5803,roberto.alves.m@email.com,Unimed,Dr. Marcelo Henrique Vieira,8910/PB,Cardiologia,40
484,114,1,1,2025-06-20 11:00:00,Eletrocardiograma de rotina,Realizada,Sala 101,246.0,Gabriel Moreira Lima,107.609.864-65,1992-06-04,Masculino,"Rua Epitácio Pessoa, 952 - Bancários, João Pessoa/PB",(83) 98359-3116,gabriel.moreira@email.com,Amil,Dr. Marcelo Henrique Vieira,8910/PB,Cardiologia,40
1298,40,1,1,2026-04-08 14:30:00,Dor no peito e palpitações,Realizada,Sala 101,264.0,João Dias Alves,985.171.891-45,2006-06-09,Masculino,"Rua Esperança, 2206 - Bancários, João Pessoa/PB",(83) 98719-9346,joão.dias.alves@email.com,Bradesco Saúde,Dr. Marcelo Henrique Vieira,8910/PB,Cardiologia,40
162,45,1,1,2025-02-28 15:00:00,Dor no peito e palpitações,Realizada,Sala 101,270.0,Débora Almeida Almeida,912.915.853-31,1982-09-16,Feminino,"Rua Epitácio Pessoa, 1382 - Altiplano, João Pessoa/PB",(83) 99349-2389,débora.almeida.@email.com,Unimed,Dr. Marcelo Henrique Vieira,8910/PB,Cardiologia,40
1130,86,1,1,2026-01-29 16:15:00,Check-up cardiológico,Realizada,Sala 101,270.0,André Rocha Dias,192.544.200-91,1991-04-24,Masculino,"Rua das Flores, 1236 - Centro, João Pessoa/PB",(83) 99441-2646,andré.rocha.dia@email.com,Unimed,Dr. Marcelo Henrique Vieira,8910/PB,Cardiologia,40
1428,109,1,1,2026-05-25 16:00:00,Eletrocardiograma de rotina,Realizada,Sala 101,270.0,Mateus Ribeiro Machado,385.687.331-64,2002-02-25,Masculino,"Rua Esperança, 1105 - Jaguaribe, João Pessoa/PB",(83) 99730-1430,mateus.ribeiro.@email.com,Unimed,Dr. Marcelo Henrique Vieira,8910/PB,Cardiologia,40
217,32,1,1,2025-03-20 15:30:00,Acompanhamento de hipertensão,Realizada,Sala 101,270.0,Daniela Coutinho Lins,202.175.650-37,2013-10-19,Feminino,"Rua dos Ipês, 291 - Cabo Branco, João Pessoa/PB",(83) 99036-5345,daniela.coutinh@email.com,Unimed,Dr. Marcelo Henrique Vieira,8910/PB,Cardiologia,40
1096,34,1,1,2026-01-19 16:15:00,Acompanhamento de hipertensão,Realizada,Sala 101,300.0,Diego Souza Mendes,259.378.388-87,1968-12-18,Masculino,"Rua Esperança, 1091 - Bessa, João Pessoa/PB",(83) 98431-6617,diego.souza.men@email.com,Particular,Dr. Marcelo Henrique Vieira,8910/PB,Cardiologia,40
206,9,1,1,2025-03-15 12:15:00,Dor no peito e palpitações,Não Compareceu,Sala 101,255.0,Thiago Rocha Cavalcanti,374.167.316-82,1959-06-13,Masculino,"Rua Esperança, 2054 - Bessa, João Pessoa/PB",(83) 99794-6155,thiago.rocha.ca@email.com,SulAmérica,Dr. Marcelo Henrique Vieira,8910/PB,Cardiologia,40
888,9,1,1,2025-11-04 14:45:00,Eletrocardiograma de rotina,Realizada,Sala 101,255.0,Thiago Rocha Cavalcanti,374.167.316-82,1959-06-13,Masculino,"Rua Esperança, 2054 - Bessa, João Pessoa/PB",(83) 99794-6155,thiago.rocha.ca@email.com,SulAmérica,Dr. Marcelo Henrique Vieira,8910/PB,Cardiologia,40
896,76,1,1,2025-11-07 15:00:00,Acompanhamento de hipertensão,Realizada,Sala 101,246.0,Carolina Costa Costa,521.810.607-46,1968-03-11,Feminino,"Rua Principal, 1872 - Torre, João Pessoa/PB",(83) 99356-7561,carolina.costa.@email.com,Amil,Dr. Marcelo Henrique Vieira,8910/PB,Cardiologia,40
973,76,1,1,2025-12-06 17:00:00,Acompanhamento de hipertensão,Realizada,Sala 101,246.0,Carolina Costa Costa,521.810.607-46,1968-03-11,Feminino,"Rua Principal, 1872 - Torre, João Pessoa/PB",(83) 99356-7561,carolina.costa.@email.com,Amil,Dr. Marcelo Henrique Vieira,8910/PB,Cardiologia,40
1162,115,1,1,2026-02-11 17:15:00,Check-up cardiológico,Realizada,Sala 101,255.0,Juliana Martins Machado,570.179.982-50,1960-07-01,Feminino,"Rua Bancários, 1720 - Jaguaribe, João Pessoa/PB",(83) 99179-8033,juliana.martins@email.com,SulAmérica,Dr. Marcelo Henrique Vieira,8910/PB,Cardiologia,40
1542,115,1,1,2026-07-02 11:45:00,Eletrocardiograma de rotina,Realizada,Sala 101,255.0,Juliana Martins Machado,570.179.982-50,1960-07-01,Feminino,"Rua Bancários, 1720 - Jaguaribe, João Pessoa/PB",(83) 99179-8033,juliana.martins@email.com,SulAmérica,Dr. Marcelo Henrique Vieira,8910/PB,Cardiologia,40
1309,108,1,1,2026-04-13 09:00:00,Dor no peito e palpitações,Realizada,Sala 101,246.0,Fernanda Carvalho Ribeiro,394.714.419-55,2009-12-02,Feminino,"Rua das Flores, 1985 - Bessa, João Pessoa/PB",(83) 98212-9313,fernanda.carval@email.com,Amil,Dr. Marcelo Henrique Vieira,8910/PB,Cardiologia,40
1126,62,1,1,2026-01-29 16:45:00,Check-up cardiológico,Realizada,Sala 101,270.0,Aline Silva Lopes,317.463.916-43,1996-03-16,Feminino,"Rua Esperança, 1141 - Jaguaribe, João Pessoa/PB",(83) 98697-5581,aline.silva.lop@email.com,Unimed,Dr. Marcelo Henrique Vieira,8910/PB,Cardiologia,40
999,54,1,1,2025-12-16 08:30:00,Dor no peito e palpitações,Realizada,Sala 101,300.0,Leonardo Vieira Vieira,538.238.987-69,1958-02-21,Masculino,"Rua Bancários, 1350 - Altiplano, João Pessoa/PB",(83) 98372-1823,leonardo.vieira@email.com,Particular,Dr. Marcelo Henrique Vieira,8910/PB,Cardiologia,40
1103,52,1,1,2026-01-21 17:15:00,Dor no peito e palpitações,Realizada,Sala 101,246.0,Bruno Gomes Moreira,865.852.659-87,2004-07-18,Masculino,"Rua das Flores, 1127 - Centro, João Pessoa/PB",(83) 99838-4613,bruno.gomes.mor@email.com,Amil,Dr. Marcelo Henrique Vieira,8910/PB,Cardiologia,40
1528,52,1,1,2026-06-29 17:00:00,Check-up cardiológico,Realizada,Sala 101,246.0,Bruno Gomes Moreira,865.852.659-87,2004-07-18,Masculino,"Rua das Flores, 1127 - Centro, João Pessoa/PB",(83) 99838-4613,bruno.gomes.mor@email.com,Amil,Dr. Marcelo Henrique Vieira,8910/PB,Cardiologia,40
260,93,1,1,2025-04-04 08:45:00,Eletrocardiograma de rotina,Realizada,Sala 101,246.0,Camila Alves Rodrigues,379.950.268-42,2001-09-17,Feminino,"Rua Esperança, 1397 - Altiplano, João Pessoa/PB",(83) 99871-8894,camila.alves.ro@email.com,Amil,Dr. Marcelo Henrique Vieira,8910/PB,Cardiologia,40
508,93,1,1,2025-06-27 12:00:00,Check-up cardiológico,Realizada,Sala 101,246.0,Camila Alves Rodrigues,379.950.268-42,2001-09-17,Feminino,"Rua Esperança, 1397 - Altiplano, João Pessoa/PB",(83) 99871-8894,camila.alves.ro@email.com,Amil,Dr. Marcelo Henrique Vieira,8910/PB,Cardiologia,40
1345,93,1,1,2026-04-27 09:00:00,Acompanhamento de hipertensão,Realizada,Sala 101,246.0,Camila Alves Rodrigues,379.950.268-42,2001-09-17,Feminino,"Rua Esperança, 1397 - Altiplano, João Pessoa/PB",(83) 99871-8894,camila.alves.ro@email.com,Amil,Dr. Marcelo Henrique Vieira,8910/PB,Cardiologia,40
801,3,1,1,2025-10-06 16:15:00,Eletrocardiograma de rotina,Realizada,Sala 101,246.0,Lucas Pereira Ramos,703.384.928-10,2008-04-15,Masculino,"Rua dos Ipês, 1148 - Bancários, João Pessoa/PB",(83) 99554-3615,lucas.pereira.r@email.com,Amil,Dr. Marcelo Henrique Vieira,8910/PB,Cardiologia,40
63,7,1,1,2025-01-23 12:45:00,Eletrocardiograma de rotina,Realizada,Sala 101,270.0,Gabriel Martins Ferreira,473.266.479-55,2013-11-27,Masculino,"Rua Epitácio Pessoa, 710 - Tambaú, João Pessoa/PB",(83) 98429-5374,gabriel.martins@email.com,Unimed,Dr. Marcelo Henrique Vieira,8910/PB,Cardiologia,40
361,7,1,1,2025-05-10 12:15:00,Eletrocardiograma de rotina,Realizada,Sala 101,270.0,Gabriel Martins Ferreira,473.266.479-55,2013-11-27,Masculino,"Rua Epitácio Pessoa, 710 - Tambaú, João Pessoa/PB",(83) 98429-5374,gabriel.martins@email.com,Unimed,Dr. Marcelo Henrique Vieira,8910/PB,Cardiologia,40
469,2,1,1,2025-06-16 16:15:00,Eletrocardiograma de rotina,Realizada,Sala 101,240.0,Mariana Souza Lima,195.323.338-74,2009-01-01,Feminino,"Rua das Flores, 2242 - Torre, João Pessoa/PB",(83) 99232-1434,mariana.souza.l@email.com,Cassi,Dr. Marcelo Henrique Vieira,8910/PB,Cardiologia,40
907,6,1,1,2025-11-11 15:30:00,Acompanhamento de hipertensão,Realizada,Sala 101,270.0,Juliana Barbosa Dias,146.777.333-47,1979-12-03,Feminino,"Rua Bancários, 1148 - Tambaú, João Pessoa/PB",(83) 98163-4814,juliana.barbosa@email.com,Unimed,Dr. Marcelo Henrique Vieira,8910/PB,Cardiologia,40
938,103,1,1,2025-11-24 08:15:00,Eletrocardiograma de rotina,Realizada,Sala 101,270.0,Eduarda Pereira Barbosa,987.774.633-48,1960-12-26,Feminino,"Rua Bancários, 1655 - Manaíra, João Pessoa/PB",(83) 98938-1510,eduarda.pereira@email.com,Unimed,Dr. Marcelo Henrique Vieira,8910/PB,Cardiologia,40
1592,103,1,1,2026-07-18 16:00:00,Check-up cardiológico,Realizada,Sala 101,270.0,Eduarda Pereira Barbosa,987.774.633-48,1960-12-26,Feminino,"Rua Bancários, 1655 - Manaíra, João Pessoa/PB",(83) 98938-1510,eduarda.pereira@email.com,Unimed,Dr. Marcelo Henrique Vieira,8910/PB,Cardiologia,40
1007,43,1,1,2025-12-18 17:45:00,Acompanhamento de hipertensão,Realizada,Sala 101,270.0,Felipe Barbosa Costa,619.416.782-62,1970-12-10,Masculino,"Rua Epitácio Pessoa, 531 - Altiplano, João Pessoa/PB",(83) 98668-7592,felipe.barbosa.@email.com,Unimed,Dr. Marcelo Henrique Vieira,8910/PB,Cardiologia,40
1400,19,1,1,2026-05-16 11:45:00,Check-up cardiológico,Realizada,Sala 101,264.0,Otávio Mesquita Barros,482.548.629-67,2006-11-21,Masculino,"Rua Principal, 1394 - Bessa, João Pessoa/PB",(83) 98247-5061,otávio.mesquita@email.com,Bradesco Saúde,Dr. Marcelo Henrique Vieira,8910/PB,Cardiologia,40
548,100,1,1,2025-07-10 17:45:00,Eletrocardiograma de rotina,Realizada,Sala 101,270.0,Gustavo Alves Oliveira,932.990.338-52,1981-10-07,Masculino,"Rua Principal, 1145 - Jaguaribe, João Pessoa/PB",(83) 99585-3417,gustavo.alves.o@email.com,Unimed,Dr. Marcelo Henrique Vieira,8910/PB,Cardiologia,40
645,29,1,1,2025-08-15 14:45:00,Check-up cardiológico,Cancelada,Sala 101,255.0,Vinicius Albuquerque Luz,182.971.290-18,1975-01-17,Masculino,"Rua Bancários, 501 - Bessa, João Pessoa/PB",(83) 99218-2113,vinicius.albuqu@email.com,SulAmérica,Dr. Marcelo Henrique Vieira,8910/PB,Cardiologia,40
944,29,1,1,2025-11-26 11:15:00,Acompanhamento de hipertensão,Realizada,Sala 101,255.0,Vinicius Albuquerque Luz,182.971.290-18,1975-01-17,Masculino,"Rua Bancários, 501 - Bessa, João Pessoa/PB",(83) 99218-2113,vinicius.albuqu@email.com,SulAmérica,Dr. Marcelo Henrique Vieira,8910/PB,Cardiologia,40
1566,113,1,1,2026-07-11 13:00:00,Dor no peito e palpitações,Realizada,Sala 101,300.0,Thiago Dias Dias,415.146.325-60,2017-09-22,Masculino,"Rua das Flores, 1244 - Manaíra, João Pessoa/PB",(83) 99227-1897,thiago.dias.dia@email.com,Particular,Dr. Marcelo Henrique Vieira,8910/PB,Cardiologia,40
1294,25,1,1,2026-04-07 17:30:00,Dor no peito e palpitações,Realizada,Sala 101,264.0,Wagner Mendonça Filho,982.976.663-22,1964-08-26,Masculino,"Rua Principal, 978 - Manaíra, João Pessoa/PB",(83) 98103-9856,wagner.mendonça@email.com,Bradesco Saúde,Dr. Marcelo Henrique Vieira,8910/PB,Cardiologia,40
1502,25,1,1,2026-06-19 11:30:00,Check-up cardiológico,Realizada,Sala 101,264.0,Wagner Mendonça Filho,982.976.663-22,1964-08-26,Masculino,"Rua Principal, 978 - Manaíra, João Pessoa/PB",(83) 98103-9856,wagner.mendonça@email.com,Bradesco Saúde,Dr. Marcelo Henrique Vieira,8910/PB,Cardiologia,40
1120,95,1,1,2026-01-27 14:45:00,Eletrocardiograma de rotina,Realizada,Sala 101,246.0,Marcelo Ribeiro Dias,942.753.480-23,1988-10-13,Masculino,"Rua Principal, 2309 - Centro, João Pessoa/PB",(83) 99382-4830,marcelo.ribeiro@email.com,Amil,Dr. Marcelo Henrique Vieira,8910/PB,Cardiologia,40
1700,95,1,1,2026-08-25 16:00:00,Check-up cardiológico,Não Compareceu,Sala 101,246.0,Marcelo Ribeiro Dias,942.753.480-23,1988-10-13,Masculino,"Rua Principal, 2309 - Centro, João Pessoa/PB",(83) 99382-4830,marcelo.ribeiro@email.com,Amil,Dr. Marcelo Henrique Vieira,8910/PB,Cardiologia,40
446,89,1,1,2025-06-09 08:15:00,Dor no peito e palpitações,Realizada,Sala 101,300.0,Marcelo Mendes Gomes,453.701.406-91,1975-02-15,Masculino,"Rua Bancários, 1247 - Altiplano, João Pessoa/PB",(83) 99970-7951,marcelo.mendes.@email.com,Particular,Dr. Marcelo Henrique Vieira,8910/PB,Cardiologia,40
1708,89,1,1,2026-09-02 12:30:00,Retorno de rotina programado,Agendada,Sala 101,300.0,Marcelo Mendes Gomes,453.701.406-91,1975-02-15,Masculino,"Rua Bancários, 1247 - Altiplano, João Pessoa/PB",(83) 99970-7951,marcelo.mendes.@email.com,Particular,Dr. Marcelo Henrique Vieira,8910/PB,Cardiologia,40
291,88,1,1,2025-04-15 11:30:00,Eletrocardiograma de rotina,Realizada,Sala 101,255.0,Carlos Oliveira Barbosa,346.609.697-28,2003-10-22,Masculino,"Rua Bancários, 1055 - Altiplano, João Pessoa/PB",(83) 98475-8555,carlos.oliveira@email.com,SulAmérica,Dr. Marcelo Henrique Vieira,8910/PB,Cardiologia,40
1278,88,1,1,2026-04-01 11:00:00,Dor no peito e palpitações,Realizada,Sala 101,255.0,Carlos Oliveira Barbosa,346.609.697-28,2003-10-22,Masculino,"Rua Bancários, 1055 - Altiplano, João Pessoa/PB",(83) 98475-8555,carlos.oliveira@email.com,SulAmérica,Dr. Marcelo Henrique Vieira,8910/PB,Cardiologia,40
99,15,1,1,2025-02-04 16:15:00,Acompanhamento de hipertensão,Realizada,Sala 101,270.0,Bruno Cardoso Tavares,723.303.256-57,1993-11-17,Masculino,"Rua Epitácio Pessoa, 12 - Torre, João Pessoa/PB",(83) 99561-3646,bruno.cardoso.t@email.com,Unimed,Dr. Marcelo Henrique Vieira,8910/PB,Cardiologia,40
165,15,1,1,2025-03-01 13:00:00,Acompanhamento de hipertensão,Realizada,Sala 101,270.0,Bruno Cardoso Tavares,723.303.256-57,1993-11-17,Masculino,"Rua Epitácio Pessoa, 12 - Torre, João Pessoa/PB",(83) 99561-3646,bruno.cardoso.t@email.com,Unimed,Dr. Marcelo Henrique Vieira,8910/PB,Cardiologia,40
1330,15,1,1,2026-04-21 09:45:00,Dor no peito e palpitações,Realizada,Sala 101,270.0,Bruno Cardoso Tavares,723.303.256-57,1993-11-17,Masculino,"Rua Epitácio Pessoa, 12 - Torre, João Pessoa/PB",(83) 99561-3646,bruno.cardoso.t@email.com,Unimed,Dr. Marcelo Henrique Vieira,8910/PB,Cardiologia,40
497,23,1,1,2025-06-24 11:00:00,Dor no peito e palpitações,Realizada,Sala 101,270.0,Henrique Fagundes Moura,846.155.789-93,2007-08-28,Masculino,"Rua Bancários, 1399 - Manaíra, João Pessoa/PB",(83) 99323-2612,henrique.fagund@email.com,Unimed,Dr. Marcelo Henrique Vieira,8910/PB,Cardiologia,40
746,23,1,1,2025-09-18 15:00:00,Dor no peito e palpitações,Realizada,Sala 101,270.0,Henrique Fagundes Moura,846.155.789-93,2007-08-28,Masculino,"Rua Bancários, 1399 - Manaíra, João Pessoa/PB",(83) 99323-2612,henrique.fagund@email.com,Unimed,Dr. Marcelo Henrique Vieira,8910/PB,Cardiologia,40
181,39,1,1,2025-03-06 15:30:00,Dor no peito e palpitações,Realizada,Sala 101,255.0,Camila Nunes Nascimento,139.979.581-38,1968-07-28,Feminino,"Rua dos Ipês, 942 - Mangabeira, João Pessoa/PB",(83) 98408-8541,camila.nunes.na@email.com,SulAmérica,Dr. Marcelo Henrique Vieira,8910/PB,Cardiologia,40
1238,39,1,1,2026-03-16 10:00:00,Check-up cardiológico,Cancelada,Sala 101,255.0,Camila Nunes Nascimento,139.979.581-38,1968-07-28,Feminino,"Rua dos Ipês, 942 - Mangabeira, João Pessoa/PB",(83) 98408-8541,camila.nunes.na@email.com,SulAmérica,Dr. Marcelo Henrique Vieira,8910/PB,Cardiologia,40
1429,39,1,1,2026-05-26 11:15:00,Dor no peito e palpitações,Não Compareceu,Sala 101,255.0,Camila Nunes Nascimento,139.979.581-38,1968-07-28,Feminino,"Rua dos Ipês, 942 - Mangabeira, João Pessoa/PB",(83) 98408-8541,camila.nunes.na@email.com,SulAmérica,Dr. Marcelo Henrique Vieira,8910/PB,Cardiologia,40
1565,39,1,1,2026-07-10 11:15:00,Eletrocardiograma de rotina,Realizada,Sala 101,255.0,Camila Nunes Nascimento,139.979.581-38,1968-07-28,Feminino,"Rua dos Ipês, 942 - Mangabeira, João Pessoa/PB",(83) 98408-8541,camila.nunes.na@email.com,SulAmérica,Dr. Marcelo Henrique Vieira,8910/PB,Cardiologia,40
621,74,1,1,2025-08-07 12:00:00,Dor no peito e palpitações,Realizada,Sala 101,246.0,Bruna Lima Soares,712.140.542-51,2018-08-03,Feminino,"Rua Principal, 947 - Manaíra, João Pessoa/PB",(83) 99236-5102,bruna.lima.soar@email.com,Amil,Dr. Marcelo Henrique Vieira,8910/PB,Cardiologia,40
644,74,1,1,2025-08-15 16:45:00,Eletrocardiograma de rotina,Realizada,Sala 101,246.0,Bruna Lima Soares,712.140.542-51,2018-08-03,Feminino,"Rua Principal, 947 - Manaíra, João Pessoa/PB",(83) 99236-5102,bruna.lima.soar@email.com,Amil,Dr. Marcelo Henrique Vieira,8910/PB,Cardiologia,40
984,74,1,1,2025-12-10 09:30:00,Eletrocardiograma de rotina,Realizada,Sala 101,246.0,Bruna Lima Soares,712.140.542-51,2018-08-03,Feminino,"Rua Principal, 947 - Manaíra, João Pessoa/PB",(83) 99236-5102,bruna.lima.soar@email.com,Amil,Dr. Marcelo Henrique Vieira,8910/PB,Cardiologia,40
1674,74,1,1,2026-08-14 15:45:00,Eletrocardiograma de rotina,Realizada,Sala 101,246.0,Bruna Lima Soares,712.140.542-51,2018-08-03,Feminino,"Rua Principal, 947 - Manaíra, João Pessoa/PB",(83) 99236-5102,bruna.lima.soar@email.com,Amil,Dr. Marcelo Henrique Vieira,8910/PB,Cardiologia,40
342,53,1,1,2025-05-01 16:00:00,Check-up cardiológico,Realizada,Sala 101,300.0,Daniela Silva Martins,917.514.841-31,1998-11-22,Feminino,"Rua Epitácio Pessoa, 2197 - Cabo Branco, João Pessoa/PB",(83) 99721-8657,daniela.silva.m@email.com,Particular,Dr. Marcelo Henrique Vieira,8910/PB,Cardiologia,40
756,59,1,1,2025-09-22 08:15:00,Check-up cardiológico,Realizada,Sala 101,270.0,Gustavo Nunes Santos,777.479.170-74,1999-09-14,Masculino,"Rua Bancários, 2017 - Manaíra, João Pessoa/PB",(83) 99326-6590,gustavo.nunes.s@email.com,Unimed,Dr. Marcelo Henrique Vieira,8910/PB,Cardiologia,40
808,11,1,1,2025-10-07 15:15:00,Eletrocardiograma de rotina,Realizada,Sala 101,270.0,Antônio Moreira Guimarães,470.324.241-75,2009-10-13,Masculino,"Rua Principal, 636 - Manaíra, João Pessoa/PB",(83) 99010-2489,antônio.moreira@email.com,Unimed,Dr. Marcelo Henrique Vieira,8910/PB,Cardiologia,40
872,11,1,1,2025-10-29 16:30:00,Acompanhamento de hipertensão,Realizada,Sala 101,270.0,Antônio Moreira Guimarães,470.324.241-75,2009-10-13,Masculino,"Rua Principal, 636 - Manaíra, João Pessoa/PB",(83) 99010-2489,antônio.moreira@email.com,Unimed,Dr. Marcelo Henrique Vieira,8910/PB,Cardiologia,40
931,11,1,1,2025-11-20 08:45:00,Dor no peito e palpitações,Realizada,Sala 101,270.0,Antônio Moreira Guimarães,470.324.241-75,2009-10-13,Masculino,"Rua Principal, 636 - Manaíra, João Pessoa/PB",(83) 99010-2489,antônio.moreira@email.com,Unimed,Dr. Marcelo Henrique Vieira,8910/PB,Cardiologia,40
135,82,1,1,2025-02-17 10:00:00,Eletrocardiograma de rotina,Realizada,Sala 101,255.0,Helena Vieira Dias,651.595.453-52,2017-03-15,Feminino,"Rua Bancários, 1328 - Bancários, João Pessoa/PB",(83) 99130-9903,helena.vieira.d@email.com,SulAmérica,Dr. Marcelo Henrique Vieira,8910/PB,Cardiologia,40
1514,82,1,1,2026-06-24 17:00:00,Dor no peito e palpitações,Realizada,Sala 101,255.0,Helena Vieira Dias,651.595.453-52,2017-03-15,Feminino,"Rua Bancários, 1328 - Bancários, João Pessoa/PB",(83) 99130-9903,helena.vieira.d@email.com,SulAmérica,Dr. Marcelo Henrique Vieira,8910/PB,Cardiologia,40
1205,73,1,1,2026-03-02 17:45:00,Check-up cardiológico,Não Compareceu,Sala 101,270.0,Gabriel Freitas Lima,269.911.414-86,1973-02-02,Masculino,"Rua Principal, 1929 - Centro, João Pessoa/PB",(83) 99533-5728,gabriel.freitas@email.com,Unimed,Dr. Marcelo Henrique Vieira,8910/PB,Cardiologia,40
168,50,1,1,2025-03-03 11:15:00,Dor no peito e palpitações,Realizada,Sala 101,270.0,Débora Oliveira Nascimento,443.427.653-20,1991-04-09,Feminino,"Rua Bancários, 635 - Bessa, João Pessoa/PB",(83) 98283-3471,débora.oliveira@email.com,Unimed,Dr. Marcelo Henrique Vieira,8910/PB,Cardiologia,40
1593,56,1,1,2026-07-18 16:30:00,Eletrocardiograma de rotina,Realizada,Sala 101,300.0,Lucas Moreira Rocha,304.959.120-89,1960-01-08,Masculino,"Rua Bancários, 478 - Cabo Branco, João Pessoa/PB",(83) 98312-4908,lucas.moreira.r@email.com,Particular,Dr. Marcelo Henrique Vieira,8910/PB,Cardiologia,40
144,12,1,1,2025-02-20 12:45:00,Check-up cardiológico,Realizada,Sala 101,240.0,Larissa Vasconcelos Brito,710.165.494-58,1975-11-14,Feminino,"Rua dos Ipês, 2276 - Torre, João Pessoa/PB",(83) 99220-8668,larissa.vasconc@email.com,Cassi,Dr. Marcelo Henrique Vieira,8910/PB,Cardiologia,40
828,12,1,1,2025-10-14 11:15:00,Eletrocardiograma de rotina,Realizada,Sala 101,240.0,Larissa Vasconcelos Brito,710.165.494-58,1975-11-14,Feminino,"Rua dos Ipês, 2276 - Torre, João Pessoa/PB",(83) 99220-8668,larissa.vasconc@email.com,Cassi,Dr. Marcelo Henrique Vieira,8910/PB,Cardiologia,40
1128,1,1,1,2026-01-29 13:15:00,Check-up cardiológico,Realizada,Sala 101,264.0,Carlos Eduardo Silva,381.350.328-27,1969-01-24,Masculino,"Rua Principal, 2428 - Torre, João Pessoa/PB",(83) 99508-2679,carlos.eduardo.@email.com,Bradesco Saúde,Dr. Marcelo Henrique Vieira,8910/PB,Cardiologia,40
868,51,1,1,2025-10-28 10:00:00,Check-up cardiológico,Realizada,Sala 101,240.0,Lucas Carvalho Carvalho,525.163.311-63,1997-09-15,Masculino,"Rua Bancários, 1963 - Jaguaribe, João Pessoa/PB",(83) 98797-1320,lucas.carvalho.@email.com,Cassi,Dr. Marcelo Henrique Vieira,8910/PB,Cardiologia,40
339,36,1,1,2025-05-01 16:15:00,Eletrocardiograma de rotina,Realizada,Sala 101,246.0,Marcelo Fernandes Nascimento,214.177.807-29,2009-09-01,Masculino,"Rua Epitácio Pessoa, 2273 - Mangabeira, João Pessoa/PB",(83) 99117-1590,marcelo.fernand@email.com,Amil,Dr. Marcelo Henrique Vieira,8910/PB,Cardiologia,40
267,13,1,1,2025-04-08 14:45:00,Check-up cardiológico,Cancelada,Sala 101,246.0,Rodrigo Teixeira Santos,217.798.649-44,1956-11-24,Masculino,"Rua dos Ipês, 1790 - Tambaú, João Pessoa/PB",(83) 99574-6573,rodrigo.teixeir@email.com,Amil,Dr. Marcelo Henrique Vieira,8910/PB,Cardiologia,40
655,81,1,1,2025-08-18 12:00:00,Acompanhamento de hipertensão,Realizada,Sala 101,300.0,Larissa Freitas Barbosa,891.908.974-63,1972-02-09,Feminino,"Rua Principal, 1168 - Altiplano, João Pessoa/PB",(83) 98696-9318,larissa.freitas@email.com,Particular,Dr. Marcelo Henrique Vieira,8910/PB,Cardiologia,40
1477,81,1,1,2026-06-12 10:00:00,Check-up cardiológico,Realizada,Sala 101,300.0,Larissa Freitas Barbosa,891.908.974-63,1972-02-09,Feminino,"Rua Principal, 1168 - Altiplano, João Pessoa/PB",(83) 98696-9318,larissa.freitas@email.com,Particular,Dr. Marcelo Henrique Vieira,8910/PB,Cardiologia,40
1507,55,1,1,2026-06-22 12:45:00,Dor no peito e palpitações,Realizada,Sala 101,255.0,Marcelo Costa Costa,951.531.358-20,2003-05-25,Masculino,"Rua Principal, 1443 - Torre, João Pessoa/PB",(83) 98963-1317,marcelo.costa.c@email.com,SulAmérica,Dr. Marcelo Henrique Vieira,8910/PB,Cardiologia,40
597,63,1,1,2025-07-29 09:45:00,Eletrocardiograma de rotina,Cancelada,Sala 101,246.0,Fernando Alves Oliveira,600.668.876-40,1985-12-14,Masculino,"Rua Bancários, 80 - Centro, João Pessoa/PB",(83) 99414-8800,fernando.alves.@email.com,Amil,Dr. Marcelo Henrique Vieira,8910/PB,Cardiologia,40
1171,27,1,1,2026-02-13 13:45:00,Dor no peito e palpitações,Realizada,Sala 101,270.0,Sérgio Ramos Peixoto,903.565.392-64,2004-05-26,Masculino,"Rua das Flores, 1225 - Cabo Branco, João Pessoa/PB",(83) 99426-8973,sérgio.ramos.pe@email.com,Unimed,Dr. Marcelo Henrique Vieira,8910/PB,Cardiologia,40
390,22,1,1,2025-05-19 13:15:00,Eletrocardiograma de rotina,Realizada,Sala 101,270.0,Débora Silveira Campos,584.926.516-34,2015-04-26,Feminino,"Rua dos Ipês, 1744 - Bancários, João Pessoa/PB",(83) 98193-2588,débora.silveira@email.com,Unimed,Dr. Marcelo Henrique Vieira,8910/PB,Cardiologia,40
1153,94,1,1,2026-02-07 17:00:00,Dor no peito e palpitações,Realizada,Sala 101,255.0,Marcelo Oliveira Rodrigues,790.506.966-81,1983-11-24,Masculino,"Rua Principal, 1093 - Bancários, João Pessoa/PB",(83) 98749-2479,marcelo.oliveir@email.com,SulAmérica,Dr. Marcelo Henrique Vieira,8910/PB,Cardiologia,40
419,67,1,1,2025-05-28 14:15:00,Check-up cardiológico,Realizada,Sala 101,270.0,Thiago Silva Nascimento,155.666.399-99,1971-05-02,Masculino,"Rua Principal, 60 - Centro, João Pessoa/PB",(83) 99933-3068,thiago.silva.na@email.com,Unimed,Dr. Marcelo Henrique Vieira,8910/PB,Cardiologia,40
925,67,1,1,2025-11-18 11:00:00,Eletrocardiograma de rotina,Realizada,Sala 101,270.0,Thiago Silva Nascimento,155.666.399-99,1971-05-02,Masculino,"Rua Principal, 60 - Centro, João Pessoa/PB",(83) 99933-3068,thiago.silva.na@email.com,Unimed,Dr. Marcelo Henrique Vieira,8910/PB,Cardiologia,40
1493,101,1,1,2026-06-17 09:30:00,Acompanhamento de hipertensão,Realizada,Sala 101,270.0,Gabriel Fernandes Lima,987.126.234-11,1977-02-22,Masculino,"Rua dos Ipês, 74 - Jaguaribe, João Pessoa/PB",(83) 98733-4898,gabriel.fernand@email.com,Unimed,Dr. Marcelo Henrique Vieira,8910/PB,Cardiologia,40
1617,101,1,1,2026-07-27 13:00:00,Dor no peito e palpitações,Realizada,Sala 101,270.0,Gabriel Fernandes Lima,987.126.234-11,1977-02-22,Masculino,"Rua dos Ipês, 74 - Jaguaribe, João Pessoa/PB",(83) 98733-4898,gabriel.fernand@email.com,Unimed,Dr. Marcelo Henrique Vieira,8910/PB,Cardiologia,40
1658,101,1,1,2026-08-08 13:45:00,Check-up cardiológico,Realizada,Sala 101,270.0,Gabriel Fernandes Lima,987.126.234-11,1977-02-22,Masculino,"Rua dos Ipês, 74 - Jaguaribe, João Pessoa/PB",(83) 98733-4898,gabriel.fernand@email.com,Unimed,Dr. Marcelo Henrique Vieira,8910/PB,Cardiologia,40
1155,102,1,1,2026-02-09 09:30:00,Dor no peito e palpitações,Realizada,Sala 101,255.0,Diego Santos Rodrigues,863.165.587-67,2008-09-04,Masculino,"Rua Epitácio Pessoa, 456 - Torre, João Pessoa/PB",(83) 99593-6931,diego.santos.ro@email.com,SulAmérica,Dr. Marcelo Henrique Vieira,8910/PB,Cardiologia,40
212,90,1,1,2025-03-18 10:45:00,Check-up cardiológico,Realizada,Sala 101,264.0,Leonardo Machado Lopes,685.467.688-47,1968-04-13,Masculino,"Rua Esperança, 1631 - Manaíra, João Pessoa/PB",(83) 99432-5837,leonardo.machad@email.com,Bradesco Saúde,Dr. Marcelo Henrique Vieira,8910/PB,Cardiologia,40
1027,90,1,1,2025-12-25 14:45:00,Acompanhamento de hipertensão,Realizada,Sala 101,264.0,Leonardo Machado Lopes,685.467.688-47,1968-04-13,Masculino,"Rua Esperança, 1631 - Manaíra, João Pessoa/PB",(83) 99432-5837,leonardo.machad@email.com,Bradesco Saúde,Dr. Marcelo Henrique Vieira,8910/PB,Cardiologia,40
327,60,1,1,2025-04-28 09:15:00,Check-up cardiológico,Realizada,Sala 101,270.0,Rodrigo Ribeiro Rocha,545.280.851-76,2013-12-05,Masculino,"Rua Epitácio Pessoa, 1990 - Jaguaribe, João Pessoa/PB",(83) 99977-5425,rodrigo.ribeiro@email.com,Unimed,Dr. Marcelo Henrique Vieira,8910/PB,Cardiologia,40
1306,60,1,1,2026-04-11 16:00:00,Eletrocardiograma de rotina,Realizada,Sala 101,270.0,Rodrigo Ribeiro Rocha,545.280.851-76,2013-12-05,Masculino,"Rua Epitácio Pessoa, 1990 - Jaguaribe, João Pessoa/PB",(83) 99977-5425,rodrigo.ribeiro@email.com,Unimed,Dr. Marcelo Henrique Vieira,8910/PB,Cardiologia,40
900,92,1,1,2025-11-07 12:45:00,Acompanhamento de hipertensão,Cancelada,Sala 101,246.0,Beatriz Rocha Souza,551.134.693-56,1960-05-26,Feminino,"Rua dos Ipês, 1348 - Tambaú, João Pessoa/PB",(83) 99499-3153,beatriz.rocha.s@email.com,Amil,Dr. Marcelo Henrique Vieira,8910/PB,Cardiologia,40
238,16,1,1,2025-03-27 15:00:00,Eletrocardiograma de rotina,Realizada,Sala 101,270.0,Aline Meireles Pontes,214.471.999-49,1996-08-01,Feminino,"Rua Epitácio Pessoa, 332 - Bessa, João Pessoa/PB",(83) 98490-1949,aline.meireles.@email.com,Unimed,Dr. Marcelo Henrique Vieira,8910/PB,Cardiologia,40
703,16,1,1,2025-09-04 14:45:00,Eletrocardiograma de rotina,Realizada,Sala 101,270.0,Aline Meireles Pontes,214.471.999-49,1996-08-01,Feminino,"Rua Epitácio Pessoa, 332 - Bessa, João Pessoa/PB",(83) 98490-1949,aline.meireles.@email.com,Unimed,Dr. Marcelo Henrique Vieira,8910/PB,Cardiologia,40
465,4,1,1,2025-06-14 13:30:00,Eletrocardiograma de rotina,Realizada,Sala 101,255.0,Fernanda Costa Oliveira,444.204.194-58,1974-04-25,Feminino,"Rua Epitácio Pessoa, 1093 - Mangabeira, João Pessoa/PB",(83) 98198-6881,fernanda.costa.@email.com,SulAmérica,Dr. Marcelo Henrique Vieira,8910/PB,Cardiologia,40
1314,61,1,1,2026-04-15 16:45:00,Dor no peito e palpitações,Realizada,Sala 101,264.0,Carolina Marques Andrade,351.950.188-45,1989-06-28,Feminino,"Rua Bancários, 2344 - Bessa, João Pessoa/PB",(83) 99805-8385,carolina.marque@email.com,Bradesco Saúde,Dr. Marcelo Henrique Vieira,8910/PB,Cardiologia,40
300,116,1,1,2025-04-18 17:45:00,Acompanhamento de hipertensão,Realizada,Sala 101,300.0,Fernanda Martins Silva,732.571.951-98,1996-03-26,Feminino,"Rua Bancários, 443 - Tambaú, João Pessoa/PB",(83) 99883-6928,fernanda.martin@email.com,Particular,Dr. Marcelo Henrique Vieira,8910/PB,Cardiologia,40
1142,38,1,1,2026-02-03 10:30:00,Check-up cardiológico,Realizada,Sala 101,270.0,Isabela Andrade Rodrigues,930.281.522-13,1985-03-26,Feminino,"Rua Esperança, 1026 - Bancários, João Pessoa/PB",(83) 98367-6442,isabela.andrade@email.com,Unimed,Dr. Marcelo Henrique Vieira,8910/PB,Cardiologia,40
699,37,1,1,2025-09-03 10:30:00,Acompanhamento de hipertensão,Realizada,Sala 101,270.0,Rodrigo Rodrigues Santos,981.140.466-36,1994-06-26,Masculino,"Rua dos Ipês, 2303 - Tambaú, João Pessoa/PB",(83) 99396-5088,rodrigo.rodrigu@email.com,Unimed,Dr. Marcelo Henrique Vieira,8910/PB,Cardiologia,40
909,37,1,1,2025-11-12 10:00:00,Eletrocardiograma de rotina,Realizada,Sala 101,270.0,Rodrigo Rodrigues Santos,981.140.466-36,1994-06-26,Masculino,"Rua dos Ipês, 2303 - Tambaú, João Pessoa/PB",(83) 99396-5088,rodrigo.rodrigu@email.com,Unimed,Dr. Marcelo Henrique Vieira,8910/PB,Cardiologia,40
688,80,1,1,2025-08-30 13:30:00,Dor no peito e palpitações,Realizada,Sala 101,270.0,Gabriel Lopes Freitas,379.525.954-71,1992-09-23,Masculino,"Rua Epitácio Pessoa, 602 - Centro, João Pessoa/PB",(83) 98967-4993,gabriel.lopes.f@email.com,Unimed,Dr. Marcelo Henrique Vieira,8910/PB,Cardiologia,40
1268,28,1,1,2026-03-27 11:45:00,Acompanhamento de hipertensão,Realizada,Sala 101,264.0,Tatiane Farias Medeiros,853.655.162-50,1982-01-19,Feminino,"Rua Bancários, 2069 - Jaguaribe, João Pessoa/PB",(83) 98117-1821,tatiane.farias.@email.com,Bradesco Saúde,Dr. Marcelo Henrique Vieira,8910/PB,Cardiologia,40
930,10,10,10,2025-11-20 17:45:00,Constipação e distensão,Realizada,Sala 106,237.8,Camila Farias Albuquerque,246.371.242-41,2005-11-15,Feminino,"Rua Esperança, 2404 - Altiplano, João Pessoa/PB",(83) 99525-9830,camila.farias.a@email.com,Amil,Dra. Sofia Montenegro Castro,12345/PB,Gastroenterologia,35
631,84,10,10,2025-08-11 14:45:00,Dores abdominais recorrentes,Realizada,Sala 106,261.0,Fernanda Machado Machado,567.115.839-28,2011-02-17,Feminino,"Rua Bancários, 1095 - Tambaú, João Pessoa/PB",(83) 98839-3529,fernanda.machad@email.com,Unimed,Dra. Sofia Montenegro Castro,12345/PB,Gastroenterologia,35
1434,84,10,10,2026-05-27 15:45:00,Refluxo e queimação retroesternal,Realizada,Sala 106,261.0,Fernanda Machado Machado,567.115.839-28,2011-02-17,Feminino,"Rua Bancários, 1095 - Tambaú, João Pessoa/PB",(83) 98839-3529,fernanda.machad@email.com,Unimed,Dra. Sofia Montenegro Castro,12345/PB,Gastroenterologia,35
5,87,10,10,2025-01-02 08:30:00,Refluxo e queimação retroesternal,Não Compareceu,Sala 106,237.8,Pedro Costa Nunes,483.541.249-41,1962-05-12,Masculino,"Rua Esperança, 747 - Jaguaribe, João Pessoa/PB",(83) 99087-7751,pedro.costa.nun@email.com,Amil,Dra. Sofia Montenegro Castro,12345/PB,Gastroenterologia,35
510,72,10,10,2025-06-27 17:15:00,Constipação e distensão,Não Compareceu,Sala 106,261.0,Débora Oliveira Dias,910.740.703-94,1984-05-26,Feminino,"Rua Principal, 2240 - Bancários, João Pessoa/PB",(83) 99646-4241,débora.oliveira@email.com,Unimed,Dra. Sofia Montenegro Castro,12345/PB,Gastroenterologia,35
1652,72,10,10,2026-08-07 17:45:00,Constipação e distensão,Realizada,Sala 106,261.0,Débora Oliveira Dias,910.740.703-94,1984-05-26,Feminino,"Rua Principal, 2240 - Bancários, João Pessoa/PB",(83) 99646-4241,débora.oliveira@email.com,Unimed,Dra. Sofia Montenegro Castro,12345/PB,Gastroenterologia,35
716,91,10,10,2025-09-10 10:15:00,Constipação e distensão,Cancelada,Sala 106,261.0,Maria Vieira Machado,608.952.393-39,1961-10-24,Feminino,"Rua Esperança, 788 - Bessa, João Pessoa/PB",(83) 99243-6772,maria.vieira.ma@email.com,Unimed,Dra. Sofia Montenegro Castro,12345/PB,Gastroenterologia,35
1256,83,10,10,2026-03-24 08:45:00,Constipação e distensão,Realizada,Sala 106,261.0,André Vieira Martins,425.862.584-58,1984-07-02,Masculino,"Rua Principal, 527 - Centro, João Pessoa/PB",(83) 98790-3492,andré.vieira.ma@email.com,Unimed,Dra. Sofia Montenegro Castro,12345/PB,Gastroenterologia,35
333,24,10,10,2025-04-30 14:30:00,Dores abdominais recorrentes,Realizada,Sala 106,255.2,Isabela Duarte Correia,294.649.559-27,1968-04-07,Feminino,"Rua Bancários, 1033 - Altiplano, João Pessoa/PB",(83) 98864-4006,isabela.duarte.@email.com,Bradesco Saúde,Dra. Sofia Montenegro Castro,12345/PB,Gastroenterologia,35
553,24,10,10,2025-07-12 16:15:00,Gastrite crônica,Realizada,Sala 106,255.2,Isabela Duarte Correia,294.649.559-27,1968-04-07,Feminino,"Rua Bancários, 1033 - Altiplano, João Pessoa/PB",(83) 98864-4006,isabela.duarte.@email.com,Bradesco Saúde,Dra. Sofia Montenegro Castro,12345/PB,Gastroenterologia,35
902,31,10,10,2025-11-08 17:15:00,Constipação e distensão,Realizada,Sala 106,246.5,Guilherme Sampaio Neves,505.234.787-92,1995-04-09,Masculino,"Rua Principal, 48 - Mangabeira, João Pessoa/PB",(83) 98614-8491,guilherme.sampa@email.com,SulAmérica,Dra. Sofia Montenegro Castro,12345/PB,Gastroenterologia,35
811,65,10,10,2025-10-08 14:30:00,Gastrite crônica,Realizada,Sala 106,261.0,Amanda Nascimento Almeida,336.223.838-34,1989-05-09,Feminino,"Rua Esperança, 768 - Torre, João Pessoa/PB",(83) 98646-2958,amanda.nascimen@email.com,Unimed,Dra. Sofia Montenegro Castro,12345/PB,Gastroenterologia,35
1156,98,10,10,2026-02-10 15:15:00,Constipação e distensão,Realizada,Sala 106,255.2,Fernanda Marques Lopes,806.479.322-66,2007-05-02,Feminino,"Rua Principal, 1514 - Mangabeira, João Pessoa/PB",(83) 98910-4868,fernanda.marque@email.com,Bradesco Saúde,Dra. Sofia Montenegro Castro,12345/PB,Gastroenterologia,35
1548,98,10,10,2026-07-03 09:15:00,Gastrite crônica,Realizada,Sala 106,255.2,Fernanda Marques Lopes,806.479.322-66,2007-05-02,Feminino,"Rua Principal, 1514 - Mangabeira, João Pessoa/PB",(83) 98910-4868,fernanda.marque@email.com,Bradesco Saúde,Dra. Sofia Montenegro Castro,12345/PB,Gastroenterologia,35
1054,120,10,10,2026-01-05 17:00:00,Constipação e distensão,Realizada,Sala 106,255.2,Débora Rocha Gomes,460.619.175-49,1990-10-02,Feminino,"Rua Principal, 1520 - Manaíra, João Pessoa/PB",(83) 98945-8404,débora.rocha.go@email.com,Bradesco Saúde,Dra. Sofia Montenegro Castro,12345/PB,Gastroenterologia,35
736,118,10,10,2025-09-16 11:15:00,Gastrite crônica,Cancelada,Sala 106,261.0,Bruno Ribeiro Andrade,249.362.302-32,1973-04-04,Masculino,"Rua das Flores, 2033 - Tambaú, João Pessoa/PB",(83) 99233-3504,bruno.ribeiro.a@email.com,Unimed,Dra. Sofia Montenegro Castro,12345/PB,Gastroenterologia,35
853,118,10,10,2025-10-22 15:15:00,Constipação e distensão,Realizada,Sala 106,261.0,Bruno Ribeiro Andrade,249.362.302-32,1973-04-04,Masculino,"Rua das Flores, 2033 - Tambaú, João Pessoa/PB",(83) 99233-3504,bruno.ribeiro.a@email.com,Unimed,Dra. Sofia Montenegro Castro,12345/PB,Gastroenterologia,35
1710,33,10,10,2026-09-04 11:30:00,Retorno de rotina programado,Agendada,Sala 106,290.0,Bruno Gomes Ferreira,409.726.926-93,2011-09-23,Masculino,"Rua dos Ipês, 434 - Torre, João Pessoa/PB",(83) 99083-1128,bruno.gomes.fer@email.com,Unimed,Dra. Sofia Montenegro Castro,12345/PB,Gastroenterologia,35
150,77,10,10,2025-02-24 11:45:00,Gastrite crônica,Não Compareceu,Sala 106,237.8,Felipe Lima Costa,626.944.101-94,1969-07-28,Masculino,"Rua Bancários, 232 - Centro, João Pessoa/PB",(83) 99780-9889,felipe.lima.cos@email.com,Amil,Dra. Sofia Montenegro Castro,12345/PB,Gastroenterologia,35
412,77,10,10,2025-05-26 09:15:00,Dores abdominais recorrentes,Realizada,Sala 106,237.8,Felipe Lima Costa,626.944.101-94,1969-07-28,Masculino,"Rua Bancários, 232 - Centro, João Pessoa/PB",(83) 99780-9889,felipe.lima.cos@email.com,Amil,Dra. Sofia Montenegro Castro,12345/PB,Gastroenterologia,35
1193,79,10,10,2026-02-24 09:15:00,Constipação e distensão,Realizada,Sala 106,255.2,João Rocha Barbosa,418.664.114-80,1985-12-06,Masculino,"Rua Principal, 1900 - Bessa, João Pessoa/PB",(83) 98835-2527,joão.rocha.barb@email.com,Bradesco Saúde,Dra. Sofia Montenegro Castro,12345/PB,Gastroenterologia,35
1666,79,10,10,2026-08-12 09:30:00,Constipação e distensão,Realizada,Sala 106,255.2,João Rocha Barbosa,418.664.114-80,1985-12-06,Masculino,"Rua Principal, 1900 - Bessa, João Pessoa/PB",(83) 98835-2527,joão.rocha.barb@email.com,Bradesco Saúde,Dra. Sofia Montenegro Castro,12345/PB,Gastroenterologia,35
1453,48,10,10,2026-06-03 14:30:00,Dores abdominais recorrentes,Realizada,Sala 106,255.2,Ana Fernandes Pereira,920.575.783-77,1970-08-05,Feminino,"Rua Epitácio Pessoa, 2077 - Centro, João Pessoa/PB",(83) 99144-6198,ana.fernandes.p@email.com,Bradesco Saúde,Dra. Sofia Montenegro Castro,12345/PB,Gastroenterologia,35
28,99,10,10,2025-01-09 13:15:00,Gastrite crônica,Não Compareceu,Sala 106,261.0,Ana Martins Lima,943.565.193-94,1979-02-28,Feminino,"Rua dos Ipês, 1007 - Manaíra, João Pessoa/PB",(83) 98434-1349,ana.martins.lim@email.com,Unimed,Dra. Sofia Montenegro Castro,12345/PB,Gastroenterologia,35
55,99,10,10,2025-01-21 14:00:00,Gastrite crônica,Realizada,Sala 106,261.0,Ana Martins Lima,943.565.193-94,1979-02-28,Feminino,"Rua dos Ipês, 1007 - Manaíra, João Pessoa/PB",(83) 98434-1349,ana.martins.lim@email.com,Unimed,Dra. Sofia Montenegro Castro,12345/PB,Gastroenterologia,35
1367,5,10,10,2026-05-05 12:30:00,Gastrite crônica,Realizada,Sala 106,261.0,Roberto Alves Monteiro,649.227.487-20,1960-12-15,Masculino,"Rua dos Ipês, 2374 - Jaguaribe, João Pessoa/PB",(83) 99130-5803,roberto.alves.m@email.com,Unimed,Dra. Sofia Montenegro Castro,12345/PB,Gastroenterologia,35
60,111,10,10,2025-01-22 14:15:00,Dores abdominais recorrentes,Realizada,Sala 106,261.0,Fernando Alves Martins,261.478.419-51,2008-08-11,Masculino,"Rua das Flores, 654 - Manaíra, João Pessoa/PB",(83) 99590-2391,fernando.alves.@email.com,Unimed,Dra. Sofia Montenegro Castro,12345/PB,Gastroenterologia,35
547,111,10,10,2025-07-10 15:30:00,Dores abdominais recorrentes,Realizada,Sala 106,261.0,Fernando Alves Martins,261.478.419-51,2008-08-11,Masculino,"Rua das Flores, 654 - Manaíra, João Pessoa/PB",(83) 99590-2391,fernando.alves.@email.com,Unimed,Dra. Sofia Montenegro Castro,12345/PB,Gastroenterologia,35
787,111,10,10,2025-09-30 08:45:00,Refluxo e queimação retroesternal,Realizada,Sala 106,261.0,Fernando Alves Martins,261.478.419-51,2008-08-11,Masculino,"Rua das Flores, 654 - Manaíra, João Pessoa/PB",(83) 99590-2391,fernando.alves.@email.com,Unimed,Dra. Sofia Montenegro Castro,12345/PB,Gastroenterologia,35
1623,114,10,10,2026-07-29 09:15:00,Dores abdominais recorrentes,Realizada,Sala 106,237.8,Gabriel Moreira Lima,107.609.864-65,1992-06-04,Masculino,"Rua Epitácio Pessoa, 952 - Bancários, João Pessoa/PB",(83) 98359-3116,gabriel.moreira@email.com,Amil,Dra. Sofia Montenegro Castro,12345/PB,Gastroenterologia,35
501,106,10,10,2025-06-25 12:00:00,Gastrite crônica,Realizada,Sala 106,261.0,Aline Marques Almeida,197.420.537-50,2006-07-24,Feminino,"Rua das Flores, 1952 - Mangabeira, João Pessoa/PB",(83) 99362-5176,aline.marques.a@email.com,Unimed,Dra. Sofia Montenegro Castro,12345/PB,Gastroenterologia,35
939,40,10,10,2025-11-24 16:15:00,Gastrite crônica,Cancelada,Sala 106,255.2,João Dias Alves,985.171.891-45,2006-06-09,Masculino,"Rua Esperança, 2206 - Bancários, João Pessoa/PB",(83) 98719-9346,joão.dias.alves@email.com,Bradesco Saúde,Dra. Sofia Montenegro Castro,12345/PB,Gastroenterologia,35
243,45,10,10,2025-03-31 16:30:00,Dores abdominais recorrentes,Realizada,Sala 106,261.0,Débora Almeida Almeida,912.915.853-31,1982-09-16,Feminino,"Rua Epitácio Pessoa, 1382 - Altiplano, João Pessoa/PB",(83) 99349-2389,débora.almeida.@email.com,Unimed,Dra. Sofia Montenegro Castro,12345/PB,Gastroenterologia,35
750,86,10,10,2025-09-19 14:45:00,Dores abdominais recorrentes,Realizada,Sala 106,261.0,André Rocha Dias,192.544.200-91,1991-04-24,Masculino,"Rua das Flores, 1236 - Centro, João Pessoa/PB",(83) 99441-2646,andré.rocha.dia@email.com,Unimed,Dra. Sofia Montenegro Castro,12345/PB,Gastroenterologia,35
1041,86,10,10,2025-12-30 08:00:00,Refluxo e queimação retroesternal,Realizada,Sala 106,261.0,André Rocha Dias,192.544.200-91,1991-04-24,Masculino,"Rua das Flores, 1236 - Centro, João Pessoa/PB",(83) 99441-2646,andré.rocha.dia@email.com,Unimed,Dra. Sofia Montenegro Castro,12345/PB,Gastroenterologia,35
39,109,10,10,2025-01-14 15:00:00,Dores abdominais recorrentes,Não Compareceu,Sala 106,261.0,Mateus Ribeiro Machado,385.687.331-64,2002-02-25,Masculino,"Rua Esperança, 1105 - Jaguaribe, João Pessoa/PB",(83) 99730-1430,mateus.ribeiro.@email.com,Unimed,Dra. Sofia Montenegro Castro,12345/PB,Gastroenterologia,35
256,109,10,10,2025-04-03 08:15:00,Dores abdominais recorrentes,Realizada,Sala 106,261.0,Mateus Ribeiro Machado,385.687.331-64,2002-02-25,Masculino,"Rua Esperança, 1105 - Jaguaribe, João Pessoa/PB",(83) 99730-1430,mateus.ribeiro.@email.com,Unimed,Dra. Sofia Montenegro Castro,12345/PB,Gastroenterologia,35
1192,47,10,10,2026-02-24 14:00:00,Constipação e distensão,Realizada,Sala 106,261.0,Leonardo Lopes Martins,804.105.868-23,1986-03-21,Masculino,"Rua das Flores, 2131 - Bessa, João Pessoa/PB",(83) 99594-7965,leonardo.lopes.@email.com,Unimed,Dra. Sofia Montenegro Castro,12345/PB,Gastroenterologia,35
1654,47,10,10,2026-08-07 17:45:00,Refluxo e queimação retroesternal,Realizada,Sala 106,261.0,Leonardo Lopes Martins,804.105.868-23,1986-03-21,Masculino,"Rua das Flores, 2131 - Bessa, João Pessoa/PB",(83) 99594-7965,leonardo.lopes.@email.com,Unimed,Dra. Sofia Montenegro Castro,12345/PB,Gastroenterologia,35
1121,32,10,10,2026-01-27 10:15:00,Refluxo e queimação retroesternal,Realizada,Sala 106,261.0,Daniela Coutinho Lins,202.175.650-37,2013-10-19,Feminino,"Rua dos Ipês, 291 - Cabo Branco, João Pessoa/PB",(83) 99036-5345,daniela.coutinh@email.com,Unimed,Dra. Sofia Montenegro Castro,12345/PB,Gastroenterologia,35
1538,18,10,10,2026-07-01 17:00:00,Constipação e distensão,Realizada,Sala 106,255.2,Clarice Lispector Cunha,993.721.533-37,1976-05-17,Feminino,"Rua Esperança, 1286 - Bessa, João Pessoa/PB",(83) 99902-9835,clarice.lispect@email.com,Bradesco Saúde,Dra. Sofia Montenegro Castro,12345/PB,Gastroenterologia,35
1620,18,10,10,2026-07-28 08:30:00,Gastrite crônica,Realizada,Sala 106,255.2,Clarice Lispector Cunha,993.721.533-37,1976-05-17,Feminino,"Rua Esperança, 1286 - Bessa, João Pessoa/PB",(83) 99902-9835,clarice.lispect@email.com,Bradesco Saúde,Dra. Sofia Montenegro Castro,12345/PB,Gastroenterologia,35
721,9,10,10,2025-09-11 13:45:00,Gastrite crônica,Realizada,Sala 106,246.5,Thiago Rocha Cavalcanti,374.167.316-82,1959-06-13,Masculino,"Rua Esperança, 2054 - Bessa, João Pessoa/PB",(83) 99794-6155,thiago.rocha.ca@email.com,SulAmérica,Dra. Sofia Montenegro Castro,12345/PB,Gastroenterologia,35
921,9,10,10,2025-11-17 10:00:00,Dores abdominais recorrentes,Não Compareceu,Sala 106,246.5,Thiago Rocha Cavalcanti,374.167.316-82,1959-06-13,Masculino,"Rua Esperança, 2054 - Bessa, João Pessoa/PB",(83) 99794-6155,thiago.rocha.ca@email.com,SulAmérica,Dra. Sofia Montenegro Castro,12345/PB,Gastroenterologia,35
407,17,10,10,2025-05-23 17:15:00,Refluxo e queimação retroesternal,Cancelada,Sala 106,261.0,Marcos Vinicius Sales,935.170.878-78,1965-12-16,Masculino,"Rua Esperança, 1956 - Cabo Branco, João Pessoa/PB",(83) 99568-3060,marcos.vinicius@email.com,Unimed,Dra. Sofia Montenegro Castro,12345/PB,Gastroenterologia,35
1424,17,10,10,2026-05-23 16:00:00,Refluxo e queimação retroesternal,Realizada,Sala 106,261.0,Marcos Vinicius Sales,935.170.878-78,1965-12-16,Masculino,"Rua Esperança, 1956 - Cabo Branco, João Pessoa/PB",(83) 99568-3060,marcos.vinicius@email.com,Unimed,Dra. Sofia Montenegro Castro,12345/PB,Gastroenterologia,35
1506,17,10,10,2026-06-22 16:45:00,Refluxo e queimação retroesternal,Realizada,Sala 106,261.0,Marcos Vinicius Sales,935.170.878-78,1965-12-16,Masculino,"Rua Esperança, 1956 - Cabo Branco, João Pessoa/PB",(83) 99568-3060,marcos.vinicius@email.com,Unimed,Dra. Sofia Montenegro Castro,12345/PB,Gastroenterologia,35
1326,76,10,10,2026-04-20 13:45:00,Refluxo e queimação retroesternal,Não Compareceu,Sala 106,237.8,Carolina Costa Costa,521.810.607-46,1968-03-11,Feminino,"Rua Principal, 1872 - Torre, João Pessoa/PB",(83) 99356-7561,carolina.costa.@email.com,Amil,Dra. Sofia Montenegro Castro,12345/PB,Gastroenterologia,35
1397,76,10,10,2026-05-15 13:45:00,Constipação e distensão,Realizada,Sala 106,237.8,Carolina Costa Costa,521.810.607-46,1968-03-11,Feminino,"Rua Principal, 1872 - Torre, João Pessoa/PB",(83) 99356-7561,carolina.costa.@email.com,Amil,Dra. Sofia Montenegro Castro,12345/PB,Gastroenterologia,35
1489,76,10,10,2026-06-17 14:45:00,Dores abdominais recorrentes,Realizada,Sala 106,237.8,Carolina Costa Costa,521.810.607-46,1968-03-11,Feminino,"Rua Principal, 1872 - Torre, João Pessoa/PB",(83) 99356-7561,carolina.costa.@email.com,Amil,Dra. Sofia Montenegro Castro,12345/PB,Gastroenterologia,35
408,115,10,10,2025-05-23 10:00:00,Dores abdominais recorrentes,Cancelada,Sala 106,246.5,Juliana Martins Machado,570.179.982-50,1960-07-01,Feminino,"Rua Bancários, 1720 - Jaguaribe, João Pessoa/PB",(83) 99179-8033,juliana.martins@email.com,SulAmérica,Dra. Sofia Montenegro Castro,12345/PB,Gastroenterologia,35
54,108,10,10,2025-01-20 08:00:00,Gastrite crônica,Não Compareceu,Sala 106,237.8,Fernanda Carvalho Ribeiro,394.714.419-55,2009-12-02,Feminino,"Rua das Flores, 1985 - Bessa, João Pessoa/PB",(83) 98212-9313,fernanda.carval@email.com,Amil,Dra. Sofia Montenegro Castro,12345/PB,Gastroenterologia,35
158,62,10,10,2025-02-26 14:45:00,Gastrite crônica,Realizada,Sala 106,261.0,Aline Silva Lopes,317.463.916-43,1996-03-16,Feminino,"Rua Esperança, 1141 - Jaguaribe, João Pessoa/PB",(83) 98697-5581,aline.silva.lop@email.com,Unimed,Dra. Sofia Montenegro Castro,12345/PB,Gastroenterologia,35
394,52,10,10,2025-05-20 11:00:00,Constipação e distensão,Realizada,Sala 106,237.8,Bruno Gomes Moreira,865.852.659-87,2004-07-18,Masculino,"Rua das Flores, 1127 - Centro, João Pessoa/PB",(83) 99838-4613,bruno.gomes.mor@email.com,Amil,Dra. Sofia Montenegro Castro,12345/PB,Gastroenterologia,35
409,52,10,10,2025-05-24 17:00:00,Gastrite crônica,Realizada,Sala 106,237.8,Bruno Gomes Moreira,865.852.659-87,2004-07-18,Masculino,"Rua das Flores, 1127 - Centro, João Pessoa/PB",(83) 99838-4613,bruno.gomes.mor@email.com,Amil,Dra. Sofia Montenegro Castro,12345/PB,Gastroenterologia,35
600,52,10,10,2025-07-30 14:15:00,Dores abdominais recorrentes,Realizada,Sala 106,237.8,Bruno Gomes Moreira,865.852.659-87,2004-07-18,Masculino,"Rua das Flores, 1127 - Centro, João Pessoa/PB",(83) 99838-4613,bruno.gomes.mor@email.com,Amil,Dra. Sofia Montenegro Castro,12345/PB,Gastroenterologia,35
110,58,10,10,2025-02-07 08:15:00,Constipação e distensão,Realizada,Sala 106,261.0,Thiago Vieira Dias,303.177.706-98,2003-07-23,Masculino,"Rua Esperança, 1245 - Tambaú, João Pessoa/PB",(83) 99701-4978,thiago.vieira.d@email.com,Unimed,Dra. Sofia Montenegro Castro,12345/PB,Gastroenterologia,35
410,58,10,10,2025-05-24 15:45:00,Constipação e distensão,Cancelada,Sala 106,261.0,Thiago Vieira Dias,303.177.706-98,2003-07-23,Masculino,"Rua Esperança, 1245 - Tambaú, João Pessoa/PB",(83) 99701-4978,thiago.vieira.d@email.com,Unimed,Dra. Sofia Montenegro Castro,12345/PB,Gastroenterologia,35
1396,93,10,10,2026-05-15 16:00:00,Refluxo e queimação retroesternal,Cancelada,Sala 106,237.8,Camila Alves Rodrigues,379.950.268-42,2001-09-17,Feminino,"Rua Esperança, 1397 - Altiplano, João Pessoa/PB",(83) 99871-8894,camila.alves.ro@email.com,Amil,Dra. Sofia Montenegro Castro,12345/PB,Gastroenterologia,35
1686,3,10,10,2026-08-20 08:00:00,Refluxo e queimação retroesternal,Realizada,Sala 106,237.8,Lucas Pereira Ramos,703.384.928-10,2008-04-15,Masculino,"Rua dos Ipês, 1148 - Bancários, João Pessoa/PB",(83) 99554-3615,lucas.pereira.r@email.com,Amil,Dra. Sofia Montenegro Castro,12345/PB,Gastroenterologia,35
319,7,10,10,2025-04-24 08:00:00,Refluxo e queimação retroesternal,Realizada,Sala 106,261.0,Gabriel Martins Ferreira,473.266.479-55,2013-11-27,Masculino,"Rua Epitácio Pessoa, 710 - Tambaú, João Pessoa/PB",(83) 98429-5374,gabriel.martins@email.com,Unimed,Dra. Sofia Montenegro Castro,12345/PB,Gastroenterologia,35
936,2,10,10,2025-11-22 09:15:00,Dores abdominais recorrentes,Realizada,Sala 106,232.0,Mariana Souza Lima,195.323.338-74,2009-01-01,Feminino,"Rua das Flores, 2242 - Torre, João Pessoa/PB",(83) 99232-1434,mariana.souza.l@email.com,Cassi,Dra. Sofia Montenegro Castro,12345/PB,Gastroenterologia,35
812,6,10,10,2025-10-08 10:30:00,Constipação e distensão,Cancelada,Sala 106,261.0,Juliana Barbosa Dias,146.777.333-47,1979-12-03,Feminino,"Rua Bancários, 1148 - Tambaú, João Pessoa/PB",(83) 98163-4814,juliana.barbosa@email.com,Unimed,Dra. Sofia Montenegro Castro,12345/PB,Gastroenterologia,35
618,103,10,10,2025-08-06 12:00:00,Refluxo e queimação retroesternal,Realizada,Sala 106,261.0,Eduarda Pereira Barbosa,987.774.633-48,1960-12-26,Feminino,"Rua Bancários, 1655 - Manaíra, João Pessoa/PB",(83) 98938-1510,eduarda.pereira@email.com,Unimed,Dra. Sofia Montenegro Castro,12345/PB,Gastroenterologia,35
70,42,10,10,2025-01-24 13:15:00,Gastrite crônica,Realizada,Sala 106,255.2,Leonardo Mendes Vieira,825.546.101-76,1979-05-02,Masculino,"Rua dos Ipês, 1776 - Bessa, João Pessoa/PB",(83) 99895-9821,leonardo.mendes@email.com,Bradesco Saúde,Dra. Sofia Montenegro Castro,12345/PB,Gastroenterologia,35
766,42,10,10,2025-09-25 09:45:00,Dores abdominais recorrentes,Não Compareceu,Sala 106,255.2,Leonardo Mendes Vieira,825.546.101-76,1979-05-02,Masculino,"Rua dos Ipês, 1776 - Bessa, João Pessoa/PB",(83) 99895-9821,leonardo.mendes@email.com,Bradesco Saúde,Dra. Sofia Montenegro Castro,12345/PB,Gastroenterologia,35
186,19,10,10,2025-03-10 12:45:00,Refluxo e queimação retroesternal,Realizada,Sala 106,255.2,Otávio Mesquita Barros,482.548.629-67,2006-11-21,Masculino,"Rua Principal, 1394 - Bessa, João Pessoa/PB",(83) 98247-5061,otávio.mesquita@email.com,Bradesco Saúde,Dra. Sofia Montenegro Castro,12345/PB,Gastroenterologia,35
283,19,10,10,2025-04-11 17:45:00,Gastrite crônica,Não Compareceu,Sala 106,255.2,Otávio Mesquita Barros,482.548.629-67,2006-11-21,Masculino,"Rua Principal, 1394 - Bessa, João Pessoa/PB",(83) 98247-5061,otávio.mesquita@email.com,Bradesco Saúde,Dra. Sofia Montenegro Castro,12345/PB,Gastroenterologia,35
1060,19,10,10,2026-01-07 12:15:00,Refluxo e queimação retroesternal,Realizada,Sala 106,255.2,Otávio Mesquita Barros,482.548.629-67,2006-11-21,Masculino,"Rua Principal, 1394 - Bessa, João Pessoa/PB",(83) 98247-5061,otávio.mesquita@email.com,Bradesco Saúde,Dra. Sofia Montenegro Castro,12345/PB,Gastroenterologia,35
1373,19,10,10,2026-05-06 08:15:00,Refluxo e queimação retroesternal,Não Compareceu,Sala 106,255.2,Otávio Mesquita Barros,482.548.629-67,2006-11-21,Masculino,"Rua Principal, 1394 - Bessa, João Pessoa/PB",(83) 98247-5061,otávio.mesquita@email.com,Bradesco Saúde,Dra. Sofia Montenegro Castro,12345/PB,Gastroenterologia,35
76,100,10,10,2025-01-27 15:00:00,Dores abdominais recorrentes,Realizada,Sala 106,261.0,Gustavo Alves Oliveira,932.990.338-52,1981-10-07,Masculino,"Rua Principal, 1145 - Jaguaribe, João Pessoa/PB",(83) 99585-3417,gustavo.alves.o@email.com,Unimed,Dra. Sofia Montenegro Castro,12345/PB,Gastroenterologia,35
385,29,10,10,2025-05-16 12:15:00,Refluxo e queimação retroesternal,Não Compareceu,Sala 106,246.5,Vinicius Albuquerque Luz,182.971.290-18,1975-01-17,Masculino,"Rua Bancários, 501 - Bessa, João Pessoa/PB",(83) 99218-2113,vinicius.albuqu@email.com,SulAmérica,Dra. Sofia Montenegro Castro,12345/PB,Gastroenterologia,35
1423,29,10,10,2026-05-22 10:15:00,Refluxo e queimação retroesternal,Realizada,Sala 106,246.5,Vinicius Albuquerque Luz,182.971.290-18,1975-01-17,Masculino,"Rua Bancários, 501 - Bessa, João Pessoa/PB",(83) 99218-2113,vinicius.albuqu@email.com,SulAmérica,Dra. Sofia Montenegro Castro,12345/PB,Gastroenterologia,35
1651,29,10,10,2026-08-07 14:30:00,Constipação e distensão,Não Compareceu,Sala 106,246.5,Vinicius Albuquerque Luz,182.971.290-18,1975-01-17,Masculino,"Rua Bancários, 501 - Bessa, João Pessoa/PB",(83) 99218-2113,vinicius.albuqu@email.com,SulAmérica,Dra. Sofia Montenegro Castro,12345/PB,Gastroenterologia,35
660,119,10,10,2025-08-20 08:15:00,Constipação e distensão,Não Compareceu,Sala 106,290.0,Helena Moreira Vieira,758.750.739-51,2012-11-19,Feminino,"Rua Bancários, 289 - Cabo Branco, João Pessoa/PB",(83) 99769-6179,helena.moreira.@email.com,Particular,Dra. Sofia Montenegro Castro,12345/PB,Gastroenterologia,35
1575,119,10,10,2026-07-14 11:15:00,Dores abdominais recorrentes,Realizada,Sala 106,290.0,Helena Moreira Vieira,758.750.739-51,2012-11-19,Feminino,"Rua Bancários, 289 - Cabo Branco, João Pessoa/PB",(83) 99769-6179,helena.moreira.@email.com,Particular,Dra. Sofia Montenegro Castro,12345/PB,Gastroenterologia,35
83,14,10,10,2025-01-29 17:15:00,Dores abdominais recorrentes,Realizada,Sala 106,261.0,Patrícia Cunha Freitas,839.996.836-43,1975-08-01,Feminino,"Rua Epitácio Pessoa, 445 - Cabo Branco, João Pessoa/PB",(83) 99990-9201,patrícia.cunha.@email.com,Unimed,Dra. Sofia Montenegro Castro,12345/PB,Gastroenterologia,35
1653,14,10,10,2026-08-07 09:00:00,Dores abdominais recorrentes,Não Compareceu,Sala 106,261.0,Patrícia Cunha Freitas,839.996.836-43,1975-08-01,Feminino,"Rua Epitácio Pessoa, 445 - Cabo Branco, João Pessoa/PB",(83) 99990-9201,patrícia.cunha.@email.com,Unimed,Dra. Sofia Montenegro Castro,12345/PB,Gastroenterologia,35
190,71,10,10,2025-03-10 10:45:00,Refluxo e queimação retroesternal,Realizada,Sala 106,237.8,André Ferreira Fernandes,518.561.805-86,1964-03-01,Masculino,"Rua das Flores, 1190 - Manaíra, João Pessoa/PB",(83) 98962-5771,andré.ferreira.@email.com,Amil,Dra. Sofia Montenegro Castro,12345/PB,Gastroenterologia,35
1123,25,10,10,2026-01-28 10:15:00,Constipação e distensão,Não Compareceu,Sala 106,255.2,Wagner Mendonça Filho,982.976.663-22,1964-08-26,Masculino,"Rua Principal, 978 - Manaíra, João Pessoa/PB",(83) 98103-9856,wagner.mendonça@email.com,Bradesco Saúde,Dra. Sofia Montenegro Castro,12345/PB,Gastroenterologia,35
1240,25,10,10,2026-03-17 08:00:00,Dores abdominais recorrentes,Realizada,Sala 106,255.2,Wagner Mendonça Filho,982.976.663-22,1964-08-26,Masculino,"Rua Principal, 978 - Manaíra, João Pessoa/PB",(83) 98103-9856,wagner.mendonça@email.com,Bradesco Saúde,Dra. Sofia Montenegro Castro,12345/PB,Gastroenterologia,35
1663,25,10,10,2026-08-11 12:30:00,Dores abdominais recorrentes,Realizada,Sala 106,255.2,Wagner Mendonça Filho,982.976.663-22,1964-08-26,Masculino,"Rua Principal, 978 - Manaíra, João Pessoa/PB",(83) 98103-9856,wagner.mendonça@email.com,Bradesco Saúde,Dra. Sofia Montenegro Castro,12345/PB,Gastroenterologia,35
809,95,10,10,2025-10-08 12:00:00,Refluxo e queimação retroesternal,Não Compareceu,Sala 106,237.8,Marcelo Ribeiro Dias,942.753.480-23,1988-10-13,Masculino,"Rua Principal, 2309 - Centro, João Pessoa/PB",(83) 99382-4830,marcelo.ribeiro@email.com,Amil,Dra. Sofia Montenegro Castro,12345/PB,Gastroenterologia,35
98,88,10,10,2025-02-04 09:45:00,Gastrite crônica,Realizada,Sala 106,246.5,Carlos Oliveira Barbosa,346.609.697-28,2003-10-22,Masculino,"Rua Bancários, 1055 - Altiplano, João Pessoa/PB",(83) 98475-8555,carlos.oliveira@email.com,SulAmérica,Dra. Sofia Montenegro Castro,12345/PB,Gastroenterologia,35
142,88,10,10,2025-02-19 14:00:00,Gastrite crônica,Realizada,Sala 106,246.5,Carlos Oliveira Barbosa,346.609.697-28,2003-10-22,Masculino,"Rua Bancários, 1055 - Altiplano, João Pessoa/PB",(83) 98475-8555,carlos.oliveira@email.com,SulAmérica,Dra. Sofia Montenegro Castro,12345/PB,Gastroenterologia,35
522,88,10,10,2025-07-02 09:00:00,Constipação e distensão,Realizada,Sala 106,246.5,Carlos Oliveira Barbosa,346.609.697-28,2003-10-22,Masculino,"Rua Bancários, 1055 - Altiplano, João Pessoa/PB",(83) 98475-8555,carlos.oliveira@email.com,SulAmérica,Dra. Sofia Montenegro Castro,12345/PB,Gastroenterologia,35
586,88,10,10,2025-07-24 09:30:00,Refluxo e queimação retroesternal,Realizada,Sala 106,246.5,Carlos Oliveira Barbosa,346.609.697-28,2003-10-22,Masculino,"Rua Bancários, 1055 - Altiplano, João Pessoa/PB",(83) 98475-8555,carlos.oliveira@email.com,SulAmérica,Dra. Sofia Montenegro Castro,12345/PB,Gastroenterologia,35
1679,88,10,10,2026-08-17 13:00:00,Refluxo e queimação retroesternal,Realizada,Sala 106,246.5,Carlos Oliveira Barbosa,346.609.697-28,2003-10-22,Masculino,"Rua Bancários, 1055 - Altiplano, João Pessoa/PB",(83) 98475-8555,carlos.oliveira@email.com,SulAmérica,Dra. Sofia Montenegro Castro,12345/PB,Gastroenterologia,35
179,15,10,10,2025-03-06 09:30:00,Gastrite crônica,Realizada,Sala 106,261.0,Bruno Cardoso Tavares,723.303.256-57,1993-11-17,Masculino,"Rua Epitácio Pessoa, 12 - Torre, João Pessoa/PB",(83) 99561-3646,bruno.cardoso.t@email.com,Unimed,Dra. Sofia Montenegro Castro,12345/PB,Gastroenterologia,35
603,15,10,10,2025-07-30 17:45:00,Refluxo e queimação retroesternal,Realizada,Sala 106,261.0,Bruno Cardoso Tavares,723.303.256-57,1993-11-17,Masculino,"Rua Epitácio Pessoa, 12 - Torre, João Pessoa/PB",(83) 99561-3646,bruno.cardoso.t@email.com,Unimed,Dra. Sofia Montenegro Castro,12345/PB,Gastroenterologia,35
215,110,10,10,2025-03-19 10:30:00,Refluxo e queimação retroesternal,Cancelada,Sala 106,261.0,Carlos Lima Nascimento,106.285.990-28,1994-06-12,Masculino,"Rua das Flores, 135 - Tambaú, João Pessoa/PB",(83) 99159-7566,carlos.lima.nas@email.com,Unimed,Dra. Sofia Montenegro Castro,12345/PB,Gastroenterologia,35
1669,110,10,10,2026-08-13 15:45:00,Dores abdominais recorrentes,Realizada,Sala 106,261.0,Carlos Lima Nascimento,106.285.990-28,1994-06-12,Masculino,"Rua das Flores, 135 - Tambaú, João Pessoa/PB",(83) 99159-7566,carlos.lima.nas@email.com,Unimed,Dra. Sofia Montenegro Castro,12345/PB,Gastroenterologia,35
1302,23,10,10,2026-04-10 14:30:00,Dores abdominais recorrentes,Realizada,Sala 106,261.0,Henrique Fagundes Moura,846.155.789-93,2007-08-28,Masculino,"Rua Bancários, 1399 - Manaíra, João Pessoa/PB",(83) 99323-2612,henrique.fagund@email.com,Unimed,Dra. Sofia Montenegro Castro,12345/PB,Gastroenterologia,35
578,39,10,10,2025-07-22 13:00:00,Gastrite crônica,Cancelada,Sala 106,246.5,Camila Nunes Nascimento,139.979.581-38,1968-07-28,Feminino,"Rua dos Ipês, 942 - Mangabeira, João Pessoa/PB",(83) 98408-8541,camila.nunes.na@email.com,SulAmérica,Dra. Sofia Montenegro Castro,12345/PB,Gastroenterologia,35
905,39,10,10,2025-11-11 14:45:00,Dores abdominais recorrentes,Não Compareceu,Sala 106,246.5,Camila Nunes Nascimento,139.979.581-38,1968-07-28,Feminino,"Rua dos Ipês, 942 - Mangabeira, João Pessoa/PB",(83) 98408-8541,camila.nunes.na@email.com,SulAmérica,Dra. Sofia Montenegro Castro,12345/PB,Gastroenterologia,35
1005,39,10,10,2025-12-18 15:00:00,Dores abdominais recorrentes,Realizada,Sala 106,246.5,Camila Nunes Nascimento,139.979.581-38,1968-07-28,Feminino,"Rua dos Ipês, 942 - Mangabeira, João Pessoa/PB",(83) 98408-8541,camila.nunes.na@email.com,SulAmérica,Dra. Sofia Montenegro Castro,12345/PB,Gastroenterologia,35
112,74,10,10,2025-02-08 13:15:00,Dores abdominais recorrentes,Realizada,Sala 106,237.8,Bruna Lima Soares,712.140.542-51,2018-08-03,Feminino,"Rua Principal, 947 - Manaíra, João Pessoa/PB",(83) 99236-5102,bruna.lima.soar@email.com,Amil,Dra. Sofia Montenegro Castro,12345/PB,Gastroenterologia,35
282,74,10,10,2025-04-11 15:00:00,Constipação e distensão,Cancelada,Sala 106,237.8,Bruna Lima Soares,712.140.542-51,2018-08-03,Feminino,"Rua Principal, 947 - Manaíra, João Pessoa/PB",(83) 99236-5102,bruna.lima.soar@email.com,Amil,Dra. Sofia Montenegro Castro,12345/PB,Gastroenterologia,35
1145,53,10,10,2026-02-04 12:30:00,Refluxo e queimação retroesternal,Realizada,Sala 106,290.0,Daniela Silva Martins,917.514.841-31,1998-11-22,Feminino,"Rua Epitácio Pessoa, 2197 - Cabo Branco, João Pessoa/PB",(83) 99721-8657,daniela.silva.m@email.com,Particular,Dra. Sofia Montenegro Castro,12345/PB,Gastroenterologia,35
125,49,10,10,2025-02-12 11:45:00,Gastrite crônica,Realizada,Sala 106,255.2,Gabriela Almeida Mendes,586.560.365-41,1975-12-28,Feminino,"Rua Bancários, 989 - Torre, João Pessoa/PB",(83) 99720-5543,gabriela.almeid@email.com,Bradesco Saúde,Dra. Sofia Montenegro Castro,12345/PB,Gastroenterologia,35
554,59,10,10,2025-07-14 11:45:00,Gastrite crônica,Não Compareceu,Sala 106,261.0,Gustavo Nunes Santos,777.479.170-74,1999-09-14,Masculino,"Rua Bancários, 2017 - Manaíra, João Pessoa/PB",(83) 99326-6590,gustavo.nunes.s@email.com,Unimed,Dra. Sofia Montenegro Castro,12345/PB,Gastroenterologia,35
1186,11,10,10,2026-02-20 17:00:00,Constipação e distensão,Realizada,Sala 106,261.0,Antônio Moreira Guimarães,470.324.241-75,2009-10-13,Masculino,"Rua Principal, 636 - Manaíra, João Pessoa/PB",(83) 99010-2489,antônio.moreira@email.com,Unimed,Dra. Sofia Montenegro Castro,12345/PB,Gastroenterologia,35
204,82,10,10,2025-03-14 09:00:00,Gastrite crônica,Realizada,Sala 106,246.5,Helena Vieira Dias,651.595.453-52,2017-03-15,Feminino,"Rua Bancários, 1328 - Bancários, João Pessoa/PB",(83) 99130-9903,helena.vieira.d@email.com,SulAmérica,Dra. Sofia Montenegro Castro,12345/PB,Gastroenterologia,35
958,82,10,10,2025-12-02 08:15:00,Dores abdominais recorrentes,Realizada,Sala 106,246.5,Helena Vieira Dias,651.595.453-52,2017-03-15,Feminino,"Rua Bancários, 1328 - Bancários, João Pessoa/PB",(83) 99130-9903,helena.vieira.d@email.com,SulAmérica,Dra. Sofia Montenegro Castro,12345/PB,Gastroenterologia,35
1234,82,10,10,2026-03-13 09:00:00,Refluxo e queimação retroesternal,Realizada,Sala 106,246.5,Helena Vieira Dias,651.595.453-52,2017-03-15,Feminino,"Rua Bancários, 1328 - Bancários, João Pessoa/PB",(83) 99130-9903,helena.vieira.d@email.com,SulAmérica,Dra. Sofia Montenegro Castro,12345/PB,Gastroenterologia,35
1704,82,10,10,2026-08-26 08:00:00,Dores abdominais recorrentes,Realizada,Sala 106,246.5,Helena Vieira Dias,651.595.453-52,2017-03-15,Feminino,"Rua Bancários, 1328 - Bancários, João Pessoa/PB",(83) 99130-9903,helena.vieira.d@email.com,SulAmérica,Dra. Sofia Montenegro Castro,12345/PB,Gastroenterologia,35
248,73,10,10,2025-04-01 10:15:00,Constipação e distensão,Realizada,Sala 106,261.0,Gabriel Freitas Lima,269.911.414-86,1973-02-02,Masculino,"Rua Principal, 1929 - Centro, João Pessoa/PB",(83) 99533-5728,gabriel.freitas@email.com,Unimed,Dra. Sofia Montenegro Castro,12345/PB,Gastroenterologia,35
680,56,10,10,2025-08-28 11:15:00,Refluxo e queimação retroesternal,Realizada,Sala 106,290.0,Lucas Moreira Rocha,304.959.120-89,1960-01-08,Masculino,"Rua Bancários, 478 - Cabo Branco, João Pessoa/PB",(83) 98312-4908,lucas.moreira.r@email.com,Particular,Dra. Sofia Montenegro Castro,12345/PB,Gastroenterologia,35
1300,56,10,10,2026-04-09 09:30:00,Constipação e distensão,Realizada,Sala 106,290.0,Lucas Moreira Rocha,304.959.120-89,1960-01-08,Masculino,"Rua Bancários, 478 - Cabo Branco, João Pessoa/PB",(83) 98312-4908,lucas.moreira.r@email.com,Particular,Dra. Sofia Montenegro Castro,12345/PB,Gastroenterologia,35
908,35,10,10,2025-11-12 12:45:00,Dores abdominais recorrentes,Realizada,Sala 106,232.0,Letícia Mendes Freitas,533.949.383-15,1961-02-21,Feminino,"Rua Esperança, 1082 - Cabo Branco, João Pessoa/PB",(83) 98007-6464,letícia.mendes.@email.com,Cassi,Dra. Sofia Montenegro Castro,12345/PB,Gastroenterologia,35
383,1,10,10,2025-05-16 17:45:00,Refluxo e queimação retroesternal,Realizada,Sala 106,255.2,Carlos Eduardo Silva,381.350.328-27,1969-01-24,Masculino,"Rua Principal, 2428 - Torre, João Pessoa/PB",(83) 99508-2679,carlos.eduardo.@email.com,Bradesco Saúde,Dra. Sofia Montenegro Castro,12345/PB,Gastroenterologia,35
1109,1,10,10,2026-01-23 15:30:00,Refluxo e queimação retroesternal,Realizada,Sala 106,255.2,Carlos Eduardo Silva,381.350.328-27,1969-01-24,Masculino,"Rua Principal, 2428 - Torre, João Pessoa/PB",(83) 99508-2679,carlos.eduardo.@email.com,Bradesco Saúde,Dra. Sofia Montenegro Castro,12345/PB,Gastroenterologia,35
1598,1,10,10,2026-07-21 14:00:00,Gastrite crônica,Não Compareceu,Sala 106,255.2,Carlos Eduardo Silva,381.350.328-27,1969-01-24,Masculino,"Rua Principal, 2428 - Torre, João Pessoa/PB",(83) 99508-2679,carlos.eduardo.@email.com,Bradesco Saúde,Dra. Sofia Montenegro Castro,12345/PB,Gastroenterologia,35
985,51,10,10,2025-12-10 10:45:00,Constipação e distensão,Realizada,Sala 106,232.0,Lucas Carvalho Carvalho,525.163.311-63,1997-09-15,Masculino,"Rua Bancários, 1963 - Jaguaribe, João Pessoa/PB",(83) 98797-1320,lucas.carvalho.@email.com,Cassi,Dra. Sofia Montenegro Castro,12345/PB,Gastroenterologia,35
492,36,10,10,2025-06-23 16:15:00,Dores abdominais recorrentes,Não Compareceu,Sala 106,237.8,Marcelo Fernandes Nascimento,214.177.807-29,2009-09-01,Masculino,"Rua Epitácio Pessoa, 2273 - Mangabeira, João Pessoa/PB",(83) 99117-1590,marcelo.fernand@email.com,Amil,Dra. Sofia Montenegro Castro,12345/PB,Gastroenterologia,35
1371,36,10,10,2026-05-06 16:30:00,Constipação e distensão,Realizada,Sala 106,237.8,Marcelo Fernandes Nascimento,214.177.807-29,2009-09-01,Masculino,"Rua Epitácio Pessoa, 2273 - Mangabeira, João Pessoa/PB",(83) 99117-1590,marcelo.fernand@email.com,Amil,Dra. Sofia Montenegro Castro,12345/PB,Gastroenterologia,35
947,81,10,10,2025-11-27 13:00:00,Dores abdominais recorrentes,Realizada,Sala 106,290.0,Larissa Freitas Barbosa,891.908.974-63,1972-02-09,Feminino,"Rua Principal, 1168 - Altiplano, João Pessoa/PB",(83) 98696-9318,larissa.freitas@email.com,Particular,Dra. Sofia Montenegro Castro,12345/PB,Gastroenterologia,35
974,81,10,10,2025-12-06 17:45:00,Dores abdominais recorrentes,Realizada,Sala 106,290.0,Larissa Freitas Barbosa,891.908.974-63,1972-02-09,Feminino,"Rua Principal, 1168 - Altiplano, João Pessoa/PB",(83) 98696-9318,larissa.freitas@email.com,Particular,Dra. Sofia Montenegro Castro,12345/PB,Gastroenterologia,35
1144,81,10,10,2026-02-03 13:30:00,Gastrite crônica,Não Compareceu,Sala 106,290.0,Larissa Freitas Barbosa,891.908.974-63,1972-02-09,Feminino,"Rua Principal, 1168 - Altiplano, João Pessoa/PB",(83) 98696-9318,larissa.freitas@email.com,Particular,Dra. Sofia Montenegro Castro,12345/PB,Gastroenterologia,35
1414,81,10,10,2026-05-21 11:30:00,Dores abdominais recorrentes,Realizada,Sala 106,290.0,Larissa Freitas Barbosa,891.908.974-63,1972-02-09,Feminino,"Rua Principal, 1168 - Altiplano, João Pessoa/PB",(83) 98696-9318,larissa.freitas@email.com,Particular,Dra. Sofia Montenegro Castro,12345/PB,Gastroenterologia,35
850,55,10,10,2025-10-21 13:00:00,Constipação e distensão,Realizada,Sala 106,246.5,Marcelo Costa Costa,951.531.358-20,2003-05-25,Masculino,"Rua Principal, 1443 - Torre, João Pessoa/PB",(83) 98963-1317,marcelo.costa.c@email.com,SulAmérica,Dra. Sofia Montenegro Castro,12345/PB,Gastroenterologia,35
1579,55,10,10,2026-07-15 14:45:00,Constipação e distensão,Não Compareceu,Sala 106,246.5,Marcelo Costa Costa,951.531.358-20,2003-05-25,Masculino,"Rua Principal, 1443 - Torre, João Pessoa/PB",(83) 98963-1317,marcelo.costa.c@email.com,SulAmérica,Dra. Sofia Montenegro Castro,12345/PB,Gastroenterologia,35
782,41,10,10,2025-09-29 12:00:00,Constipação e distensão,Realizada,Sala 106,261.0,Maria Souza Mendes,371.139.211-86,1988-03-19,Feminino,"Rua Bancários, 2493 - Mangabeira, João Pessoa/PB",(83) 98889-6663,maria.souza.men@email.com,Unimed,Dra. Sofia Montenegro Castro,12345/PB,Gastroenterologia,35
1661,41,10,10,2026-08-10 15:15:00,Dores abdominais recorrentes,Realizada,Sala 106,261.0,Maria Souza Mendes,371.139.211-86,1988-03-19,Feminino,"Rua Bancários, 2493 - Mangabeira, João Pessoa/PB",(83) 98889-6663,maria.souza.men@email.com,Unimed,Dra. Sofia Montenegro Castro,12345/PB,Gastroenterologia,35
1269,27,10,10,2026-03-28 16:30:00,Gastrite crônica,Realizada,Sala 106,261.0,Sérgio Ramos Peixoto,903.565.392-64,2004-05-26,Masculino,"Rua das Flores, 1225 - Cabo Branco, João Pessoa/PB",(83) 99426-8973,sérgio.ramos.pe@email.com,Unimed,Dra. Sofia Montenegro Castro,12345/PB,Gastroenterologia,35
1255,22,10,10,2026-03-24 13:45:00,Refluxo e queimação retroesternal,Realizada,Sala 106,261.0,Débora Silveira Campos,584.926.516-34,2015-04-26,Feminino,"Rua dos Ipês, 1744 - Bancários, João Pessoa/PB",(83) 98193-2588,débora.silveira@email.com,Unimed,Dra. Sofia Montenegro Castro,12345/PB,Gastroenterologia,35
918,105,10,10,2025-11-14 12:15:00,Constipação e distensão,Realizada,Sala 106,290.0,Bruna Barbosa Soares,719.540.201-99,1992-08-17,Feminino,"Rua Bancários, 945 - Bancários, João Pessoa/PB",(83) 98234-4522,bruna.barbosa.s@email.com,Particular,Dra. Sofia Montenegro Castro,12345/PB,Gastroenterologia,35
202,67,10,10,2025-03-14 16:15:00,Gastrite crônica,Realizada,Sala 106,261.0,Thiago Silva Nascimento,155.666.399-99,1971-05-02,Masculino,"Rua Principal, 60 - Centro, João Pessoa/PB",(83) 99933-3068,thiago.silva.na@email.com,Unimed,Dra. Sofia Montenegro Castro,12345/PB,Gastroenterologia,35
262,101,10,10,2025-04-05 11:15:00,Refluxo e queimação retroesternal,Realizada,Sala 106,261.0,Gabriel Fernandes Lima,987.126.234-11,1977-02-22,Masculino,"Rua dos Ipês, 74 - Jaguaribe, João Pessoa/PB",(83) 98733-4898,gabriel.fernand@email.com,Unimed,Dra. Sofia Montenegro Castro,12345/PB,Gastroenterologia,35
886,101,10,10,2025-11-04 14:00:00,Gastrite crônica,Realizada,Sala 106,261.0,Gabriel Fernandes Lima,987.126.234-11,1977-02-22,Masculino,"Rua dos Ipês, 74 - Jaguaribe, João Pessoa/PB",(83) 98733-4898,gabriel.fernand@email.com,Unimed,Dra. Sofia Montenegro Castro,12345/PB,Gastroenterologia,35
1075,102,10,10,2026-01-10 10:45:00,Constipação e distensão,Realizada,Sala 106,246.5,Diego Santos Rodrigues,863.165.587-67,2008-09-04,Masculino,"Rua Epitácio Pessoa, 456 - Torre, João Pessoa/PB",(83) 99593-6931,diego.santos.ro@email.com,SulAmérica,Dra. Sofia Montenegro Castro,12345/PB,Gastroenterologia,35
475,90,10,10,2025-06-18 15:15:00,Dores abdominais recorrentes,Realizada,Sala 106,255.2,Leonardo Machado Lopes,685.467.688-47,1968-04-13,Masculino,"Rua Esperança, 1631 - Manaíra, João Pessoa/PB",(83) 99432-5837,leonardo.machad@email.com,Bradesco Saúde,Dra. Sofia Montenegro Castro,12345/PB,Gastroenterologia,35
1094,90,10,10,2026-01-17 12:30:00,Refluxo e queimação retroesternal,Realizada,Sala 106,255.2,Leonardo Machado Lopes,685.467.688-47,1968-04-13,Masculino,"Rua Esperança, 1631 - Manaíra, João Pessoa/PB",(83) 99432-5837,leonardo.machad@email.com,Bradesco Saúde,Dra. Sofia Montenegro Castro,12345/PB,Gastroenterologia,35
460,96,10,10,2025-06-13 16:45:00,Dores abdominais recorrentes,Realizada,Sala 106,255.2,Isabela Pereira Rocha,575.817.409-93,1963-11-27,Feminino,"Rua Principal, 162 - Cabo Branco, João Pessoa/PB",(83) 98836-2911,isabela.pereira@email.com,Bradesco Saúde,Dra. Sofia Montenegro Castro,12345/PB,Gastroenterologia,35
1486,60,10,10,2026-06-16 13:30:00,Refluxo e queimação retroesternal,Realizada,Sala 106,261.0,Rodrigo Ribeiro Rocha,545.280.851-76,2013-12-05,Masculino,"Rua Epitácio Pessoa, 1990 - Jaguaribe, João Pessoa/PB",(83) 99977-5425,rodrigo.ribeiro@email.com,Unimed,Dra. Sofia Montenegro Castro,12345/PB,Gastroenterologia,35
427,92,10,10,2025-05-31 08:15:00,Constipação e distensão,Realizada,Sala 106,237.8,Beatriz Rocha Souza,551.134.693-56,1960-05-26,Feminino,"Rua dos Ipês, 1348 - Tambaú, João Pessoa/PB",(83) 99499-3153,beatriz.rocha.s@email.com,Amil,Dra. Sofia Montenegro Castro,12345/PB,Gastroenterologia,35
542,4,10,10,2025-07-09 17:30:00,Dores abdominais recorrentes,Realizada,Sala 106,246.5,Fernanda Costa Oliveira,444.204.194-58,1974-04-25,Feminino,"Rua Epitácio Pessoa, 1093 - Mangabeira, João Pessoa/PB",(83) 98198-6881,fernanda.costa.@email.com,SulAmérica,Dra. Sofia Montenegro Castro,12345/PB,Gastroenterologia,35
760,4,10,10,2025-09-23 08:15:00,Gastrite crônica,Realizada,Sala 106,246.5,Fernanda Costa Oliveira,444.204.194-58,1974-04-25,Feminino,"Rua Epitácio Pessoa, 1093 - Mangabeira, João Pessoa/PB",(83) 98198-6881,fernanda.costa.@email.com,SulAmérica,Dra. Sofia Montenegro Castro,12345/PB,Gastroenterologia,35
1231,4,10,10,2026-03-12 16:00:00,Refluxo e queimação retroesternal,Realizada,Sala 106,246.5,Fernanda Costa Oliveira,444.204.194-58,1974-04-25,Feminino,"Rua Epitácio Pessoa, 1093 - Mangabeira, João Pessoa/PB",(83) 98198-6881,fernanda.costa.@email.com,SulAmérica,Dra. Sofia Montenegro Castro,12345/PB,Gastroenterologia,35
414,116,10,10,2025-05-26 17:00:00,Refluxo e queimação retroesternal,Realizada,Sala 106,290.0,Fernanda Martins Silva,732.571.951-98,1996-03-26,Feminino,"Rua Bancários, 443 - Tambaú, João Pessoa/PB",(83) 99883-6928,fernanda.martin@email.com,Particular,Dra. Sofia Montenegro Castro,12345/PB,Gastroenterologia,35
1472,116,10,10,2026-06-11 13:00:00,Constipação e distensão,Realizada,Sala 106,290.0,Fernanda Martins Silva,732.571.951-98,1996-03-26,Feminino,"Rua Bancários, 443 - Tambaú, João Pessoa/PB",(83) 99883-6928,fernanda.martin@email.com,Particular,Dra. Sofia Montenegro Castro,12345/PB,Gastroenterologia,35
1340,69,10,10,2026-04-24 11:30:00,Refluxo e queimação retroesternal,Realizada,Sala 106,261.0,Gabriel Rodrigues Nunes,221.671.882-63,1993-02-08,Masculino,"Rua Bancários, 1855 - Torre, João Pessoa/PB",(83) 99241-4697,gabriel.rodrigu@email.com,Unimed,Dra. Sofia Montenegro Castro,12345/PB,Gastroenterologia,35
362,97,10,10,2025-05-10 16:15:00,Dores abdominais recorrentes,Realizada,Sala 106,255.2,Daniela Souza Souza,497.564.479-95,1985-09-05,Feminino,"Rua Epitácio Pessoa, 642 - Bancários, João Pessoa/PB",(83) 99944-9850,daniela.souza.s@email.com,Bradesco Saúde,Dra. Sofia Montenegro Castro,12345/PB,Gastroenterologia,35
444,97,10,10,2025-06-06 10:00:00,Constipação e distensão,Realizada,Sala 106,255.2,Daniela Souza Souza,497.564.479-95,1985-09-05,Feminino,"Rua Epitácio Pessoa, 642 - Bancários, João Pessoa/PB",(83) 99944-9850,daniela.souza.s@email.com,Bradesco Saúde,Dra. Sofia Montenegro Castro,12345/PB,Gastroenterologia,35
705,97,10,10,2025-09-05 10:45:00,Refluxo e queimação retroesternal,Realizada,Sala 106,255.2,Daniela Souza Souza,497.564.479-95,1985-09-05,Feminino,"Rua Epitácio Pessoa, 642 - Bancários, João Pessoa/PB",(83) 99944-9850,daniela.souza.s@email.com,Bradesco Saúde,Dra. Sofia Montenegro Castro,12345/PB,Gastroenterologia,35
710,78,10,10,2025-09-08 16:00:00,Gastrite crônica,Realizada,Sala 106,261.0,Fernando Ribeiro Barbosa,878.152.308-44,2018-11-15,Masculino,"Rua Bancários, 1995 - Altiplano, João Pessoa/PB",(83) 99124-3146,fernando.ribeir@email.com,Unimed,Dra. Sofia Montenegro Castro,12345/PB,Gastroenterologia,35
1029,78,10,10,2025-12-26 10:00:00,Refluxo e queimação retroesternal,Não Compareceu,Sala 106,261.0,Fernando Ribeiro Barbosa,878.152.308-44,2018-11-15,Masculino,"Rua Bancários, 1995 - Altiplano, João Pessoa/PB",(83) 99124-3146,fernando.ribeir@email.com,Unimed,Dra. Sofia Montenegro Castro,12345/PB,Gastroenterologia,35
641,28,10,10,2025-08-13 09:45:00,Refluxo e queimação retroesternal,Realizada,Sala 106,255.2,Tatiane Farias Medeiros,853.655.162-50,1982-01-19,Feminino,"Rua Bancários, 2069 - Jaguaribe, João Pessoa/PB",(83) 98117-1821,tatiane.farias.@email.com,Bradesco Saúde,Dra. Sofia Montenegro Castro,12345/PB,Gastroenterologia,35
821,28,10,10,2025-10-13 08:15:00,Refluxo e queimação retroesternal,Realizada,Sala 106,255.2,Tatiane Farias Medeiros,853.655.162-50,1982-01-19,Feminino,"Rua Bancários, 2069 - Jaguaribe, João Pessoa/PB",(83) 98117-1821,tatiane.farias.@email.com,Bradesco Saúde,Dra. Sofia Montenegro Castro,12345/PB,Gastroenterologia,35
1140,28,10,10,2026-02-02 08:45:00,Gastrite crônica,Realizada,Sala 106,255.2,Tatiane Farias Medeiros,853.655.162-50,1982-01-19,Feminino,"Rua Bancários, 2069 - Jaguaribe, João Pessoa/PB",(83) 98117-1821,tatiane.farias.@email.com,Bradesco Saúde,Dra. Sofia Montenegro Castro,12345/PB,Gastroenterologia,35
1463,28,10,10,2026-06-08 16:15:00,Dores abdominais recorrentes,Realizada,Sala 106,255.2,Tatiane Farias Medeiros,853.655.162-50,1982-01-19,Feminino,"Rua Bancários, 2069 - Jaguaribe, João Pessoa/PB",(83) 98117-1821,tatiane.farias.@email.com,Bradesco Saúde,Dra. Sofia Montenegro Castro,12345/PB,Gastroenterologia,35
946,10,6,6,2025-11-26 08:00:00,Rotina ginecológica anual,Cancelada,Sala 108,237.8,Camila Farias Albuquerque,246.371.242-41,2005-11-15,Feminino,"Rua Esperança, 2404 - Altiplano, João Pessoa/PB",(83) 99525-9830,camila.farias.a@email.com,Amil,Dra. Priscila Dantas Xavier,11456/PB,Ginecologia e Obstetrícia,40
1105,10,6,6,2026-01-22 10:30:00,Rotina ginecológica anual,Realizada,Sala 108,237.8,Camila Farias Albuquerque,246.371.242-41,2005-11-15,Feminino,"Rua Esperança, 2404 - Altiplano, João Pessoa/PB",(83) 99525-9830,camila.farias.a@email.com,Amil,Dra. Priscila Dantas Xavier,11456/PB,Ginecologia e Obstetrícia,40
1462,84,6,6,2026-06-08 10:00:00,Rotina ginecológica anual,Realizada,Sala 108,261.0,Fernanda Machado Machado,567.115.839-28,2011-02-17,Feminino,"Rua Bancários, 1095 - Tambaú, João Pessoa/PB",(83) 98839-3529,fernanda.machad@email.com,Unimed,Dra. Priscila Dantas Xavier,11456/PB,Ginecologia e Obstetrícia,40
3,104,6,6,2025-01-01 09:15:00,Rotina ginecológica anual,Não Compareceu,Sala 108,255.2,Fernanda Lopes Nascimento,429.722.251-18,2011-02-03,Feminino,"Rua Esperança, 2407 - Jaguaribe, João Pessoa/PB",(83) 98258-5505,fernanda.lopes.@email.com,Bradesco Saúde,Dra. Priscila Dantas Xavier,11456/PB,Ginecologia e Obstetrícia,40
1381,104,6,6,2026-05-11 16:30:00,Rotina ginecológica anual,Realizada,Sala 108,255.2,Fernanda Lopes Nascimento,429.722.251-18,2011-02-03,Feminino,"Rua Esperança, 2407 - Jaguaribe, João Pessoa/PB",(83) 98258-5505,fernanda.lopes.@email.com,Bradesco Saúde,Dra. Priscila Dantas Xavier,11456/PB,Ginecologia e Obstetrícia,40
75,57,6,6,2025-01-27 14:15:00,Acompanhamento pré-natal (trimestral),Realizada,Sala 108,261.0,Marcelo Nascimento Lima,721.865.835-24,2002-03-20,Masculino,"Rua Principal, 2380 - Altiplano, João Pessoa/PB",(83) 99592-3683,marcelo.nascime@email.com,Unimed,Dra. Priscila Dantas Xavier,11456/PB,Ginecologia e Obstetrícia,40
199,57,6,6,2025-03-12 11:15:00,Rotina ginecológica anual,Realizada,Sala 108,261.0,Marcelo Nascimento Lima,721.865.835-24,2002-03-20,Masculino,"Rua Principal, 2380 - Altiplano, João Pessoa/PB",(83) 99592-3683,marcelo.nascime@email.com,Unimed,Dra. Priscila Dantas Xavier,11456/PB,Ginecologia e Obstetrícia,40
819,57,6,6,2025-10-11 16:45:00,Exame preventivo ginecológico,Realizada,Sala 108,261.0,Marcelo Nascimento Lima,721.865.835-24,2002-03-20,Masculino,"Rua Principal, 2380 - Altiplano, João Pessoa/PB",(83) 99592-3683,marcelo.nascime@email.com,Unimed,Dra. Priscila Dantas Xavier,11456/PB,Ginecologia e Obstetrícia,40
1464,57,6,6,2026-06-08 16:15:00,Cólicas e desregulação menstrual,Não Compareceu,Sala 108,261.0,Marcelo Nascimento Lima,721.865.835-24,2002-03-20,Masculino,"Rua Principal, 2380 - Altiplano, João Pessoa/PB",(83) 99592-3683,marcelo.nascime@email.com,Unimed,Dra. Priscila Dantas Xavier,11456/PB,Ginecologia e Obstetrícia,40
1259,72,6,6,2026-03-24 15:00:00,Rotina ginecológica anual,Realizada,Sala 108,261.0,Débora Oliveira Dias,910.740.703-94,1984-05-26,Feminino,"Rua Principal, 2240 - Bancários, João Pessoa/PB",(83) 99646-4241,débora.oliveira@email.com,Unimed,Dra. Priscila Dantas Xavier,11456/PB,Ginecologia e Obstetrícia,40
727,75,6,6,2025-09-12 10:00:00,Cólicas e desregulação menstrual,Não Compareceu,Sala 108,237.8,Diego Vieira Santos,767.552.384-33,1977-08-17,Masculino,"Rua Principal, 1935 - Centro, João Pessoa/PB",(83) 99198-8141,diego.vieira.sa@email.com,Amil,Dra. Priscila Dantas Xavier,11456/PB,Ginecologia e Obstetrícia,40
1482,75,6,6,2026-06-15 13:45:00,Acompanhamento pré-natal (trimestral),Realizada,Sala 108,237.8,Diego Vieira Santos,767.552.384-33,1977-08-17,Masculino,"Rua Principal, 1935 - Centro, João Pessoa/PB",(83) 99198-8141,diego.vieira.sa@email.com,Amil,Dra. Priscila Dantas Xavier,11456/PB,Ginecologia e Obstetrícia,40
668,83,6,6,2025-08-25 12:15:00,Cólicas e desregulação menstrual,Realizada,Sala 108,261.0,André Vieira Martins,425.862.584-58,1984-07-02,Masculino,"Rua Principal, 527 - Centro, João Pessoa/PB",(83) 98790-3492,andré.vieira.ma@email.com,Unimed,Dra. Priscila Dantas Xavier,11456/PB,Ginecologia e Obstetrícia,40
173,24,6,6,2025-03-04 10:45:00,Acompanhamento pré-natal (trimestral),Realizada,Sala 108,255.2,Isabela Duarte Correia,294.649.559-27,1968-04-07,Feminino,"Rua Bancários, 1033 - Altiplano, João Pessoa/PB",(83) 98864-4006,isabela.duarte.@email.com,Bradesco Saúde,Dra. Priscila Dantas Xavier,11456/PB,Ginecologia e Obstetrícia,40
685,24,6,6,2025-08-29 15:00:00,Exame preventivo ginecológico,Realizada,Sala 108,255.2,Isabela Duarte Correia,294.649.559-27,1968-04-07,Feminino,"Rua Bancários, 1033 - Altiplano, João Pessoa/PB",(83) 98864-4006,isabela.duarte.@email.com,Bradesco Saúde,Dra. Priscila Dantas Xavier,11456/PB,Ginecologia e Obstetrícia,40
741,24,6,6,2025-09-17 14:45:00,Acompanhamento pré-natal (trimestral),Cancelada,Sala 108,255.2,Isabela Duarte Correia,294.649.559-27,1968-04-07,Feminino,"Rua Bancários, 1033 - Altiplano, João Pessoa/PB",(83) 98864-4006,isabela.duarte.@email.com,Bradesco Saúde,Dra. Priscila Dantas Xavier,11456/PB,Ginecologia e Obstetrícia,40
1488,24,6,6,2026-06-16 12:15:00,Acompanhamento pré-natal (trimestral),Realizada,Sala 108,255.2,Isabela Duarte Correia,294.649.559-27,1968-04-07,Feminino,"Rua Bancários, 1033 - Altiplano, João Pessoa/PB",(83) 98864-4006,isabela.duarte.@email.com,Bradesco Saúde,Dra. Priscila Dantas Xavier,11456/PB,Ginecologia e Obstetrícia,40
1380,21,6,6,2026-05-09 08:30:00,Exame preventivo ginecológico,Realizada,Sala 108,246.5,Felipe Augusto Matos,343.385.785-72,1997-02-17,Masculino,"Rua Esperança, 2348 - Cabo Branco, João Pessoa/PB",(83) 98438-9834,felipe.augusto.@email.com,SulAmérica,Dra. Priscila Dantas Xavier,11456/PB,Ginecologia e Obstetrícia,40
19,65,6,6,2025-01-07 11:45:00,Cólicas e desregulação menstrual,Realizada,Sala 108,261.0,Amanda Nascimento Almeida,336.223.838-34,1989-05-09,Feminino,"Rua Esperança, 768 - Torre, João Pessoa/PB",(83) 98646-2958,amanda.nascimen@email.com,Unimed,Dra. Priscila Dantas Xavier,11456/PB,Ginecologia e Obstetrícia,40
445,65,6,6,2025-06-07 14:15:00,Exame preventivo ginecológico,Realizada,Sala 108,261.0,Amanda Nascimento Almeida,336.223.838-34,1989-05-09,Feminino,"Rua Esperança, 768 - Torre, João Pessoa/PB",(83) 98646-2958,amanda.nascimen@email.com,Unimed,Dra. Priscila Dantas Xavier,11456/PB,Ginecologia e Obstetrícia,40
989,65,6,6,2025-12-11 14:45:00,Acompanhamento pré-natal (trimestral),Cancelada,Sala 108,261.0,Amanda Nascimento Almeida,336.223.838-34,1989-05-09,Feminino,"Rua Esperança, 768 - Torre, João Pessoa/PB",(83) 98646-2958,amanda.nascimen@email.com,Unimed,Dra. Priscila Dantas Xavier,11456/PB,Ginecologia e Obstetrícia,40
1508,65,6,6,2026-06-22 15:30:00,Cólicas e desregulação menstrual,Realizada,Sala 108,261.0,Amanda Nascimento Almeida,336.223.838-34,1989-05-09,Feminino,"Rua Esperança, 768 - Torre, João Pessoa/PB",(83) 98646-2958,amanda.nascimen@email.com,Unimed,Dra. Priscila Dantas Xavier,11456/PB,Ginecologia e Obstetrícia,40
596,117,6,6,2025-07-29 14:15:00,Cólicas e desregulação menstrual,Realizada,Sala 108,237.8,Rodrigo Vieira Martins,417.863.447-38,1965-07-28,Masculino,"Rua Epitácio Pessoa, 477 - Tambaú, João Pessoa/PB",(83) 98682-3754,rodrigo.vieira.@email.com,Amil,Dra. Priscila Dantas Xavier,11456/PB,Ginecologia e Obstetrícia,40
813,120,6,6,2025-10-08 15:15:00,Rotina ginecológica anual,Não Compareceu,Sala 108,255.2,Débora Rocha Gomes,460.619.175-49,1990-10-02,Feminino,"Rua Principal, 1520 - Manaíra, João Pessoa/PB",(83) 98945-8404,débora.rocha.go@email.com,Bradesco Saúde,Dra. Priscila Dantas Xavier,11456/PB,Ginecologia e Obstetrícia,40
1028,118,6,6,2025-12-25 08:15:00,Rotina ginecológica anual,Realizada,Sala 108,261.0,Bruno Ribeiro Andrade,249.362.302-32,1973-04-04,Masculino,"Rua das Flores, 2033 - Tambaú, João Pessoa/PB",(83) 99233-3504,bruno.ribeiro.a@email.com,Unimed,Dra. Priscila Dantas Xavier,11456/PB,Ginecologia e Obstetrícia,40
937,33,6,6,2025-11-22 14:45:00,Rotina ginecológica anual,Realizada,Sala 108,261.0,Bruno Gomes Ferreira,409.726.926-93,2011-09-23,Masculino,"Rua dos Ipês, 434 - Torre, João Pessoa/PB",(83) 99083-1128,bruno.gomes.fer@email.com,Unimed,Dra. Priscila Dantas Xavier,11456/PB,Ginecologia e Obstetrícia,40
1630,33,6,6,2026-07-31 15:45:00,Cólicas e desregulação menstrual,Realizada,Sala 108,261.0,Bruno Gomes Ferreira,409.726.926-93,2011-09-23,Masculino,"Rua dos Ipês, 434 - Torre, João Pessoa/PB",(83) 99083-1128,bruno.gomes.fer@email.com,Unimed,Dra. Priscila Dantas Xavier,11456/PB,Ginecologia e Obstetrícia,40
1006,77,6,6,2025-12-18 14:15:00,Cólicas e desregulação menstrual,Realizada,Sala 108,237.8,Felipe Lima Costa,626.944.101-94,1969-07-28,Masculino,"Rua Bancários, 232 - Centro, João Pessoa/PB",(83) 99780-9889,felipe.lima.cos@email.com,Amil,Dra. Priscila Dantas Xavier,11456/PB,Ginecologia e Obstetrícia,40
1490,77,6,6,2026-06-17 15:45:00,Acompanhamento pré-natal (trimestral),Realizada,Sala 108,237.8,Felipe Lima Costa,626.944.101-94,1969-07-28,Masculino,"Rua Bancários, 232 - Centro, João Pessoa/PB",(83) 99780-9889,felipe.lima.cos@email.com,Amil,Dra. Priscila Dantas Xavier,11456/PB,Ginecologia e Obstetrícia,40
25,79,6,6,2025-01-09 11:45:00,Exame preventivo ginecológico,Cancelada,Sala 108,255.2,João Rocha Barbosa,418.664.114-80,1985-12-06,Masculino,"Rua Principal, 1900 - Bessa, João Pessoa/PB",(83) 98835-2527,joão.rocha.barb@email.com,Bradesco Saúde,Dra. Priscila Dantas Xavier,11456/PB,Ginecologia e Obstetrícia,40
1692,79,6,6,2026-08-22 15:45:00,Exame preventivo ginecológico,Realizada,Sala 108,255.2,João Rocha Barbosa,418.664.114-80,1985-12-06,Masculino,"Rua Principal, 1900 - Bessa, João Pessoa/PB",(83) 98835-2527,joão.rocha.barb@email.com,Bradesco Saúde,Dra. Priscila Dantas Xavier,11456/PB,Ginecologia e Obstetrícia,40
26,68,6,6,2025-01-09 09:00:00,Rotina ginecológica anual,Realizada,Sala 108,237.8,Daniela Lopes Almeida,358.982.589-24,1998-03-02,Feminino,"Rua Bancários, 313 - Bancários, João Pessoa/PB",(83) 99683-2070,daniela.lopes.a@email.com,Amil,Dra. Priscila Dantas Xavier,11456/PB,Ginecologia e Obstetrícia,40
245,68,6,6,2025-03-31 17:15:00,Exame preventivo ginecológico,Realizada,Sala 108,237.8,Daniela Lopes Almeida,358.982.589-24,1998-03-02,Feminino,"Rua Bancários, 313 - Bancários, João Pessoa/PB",(83) 99683-2070,daniela.lopes.a@email.com,Amil,Dra. Priscila Dantas Xavier,11456/PB,Ginecologia e Obstetrícia,40
67,48,6,6,2025-01-24 16:30:00,Acompanhamento pré-natal (trimestral),Realizada,Sala 108,255.2,Ana Fernandes Pereira,920.575.783-77,1970-08-05,Feminino,"Rua Epitácio Pessoa, 2077 - Centro, João Pessoa/PB",(83) 99144-6198,ana.fernandes.p@email.com,Bradesco Saúde,Dra. Priscila Dantas Xavier,11456/PB,Ginecologia e Obstetrícia,40
123,48,6,6,2025-02-12 14:00:00,Acompanhamento pré-natal (trimestral),Realizada,Sala 108,255.2,Ana Fernandes Pereira,920.575.783-77,1970-08-05,Feminino,"Rua Epitácio Pessoa, 2077 - Centro, João Pessoa/PB",(83) 99144-6198,ana.fernandes.p@email.com,Bradesco Saúde,Dra. Priscila Dantas Xavier,11456/PB,Ginecologia e Obstetrícia,40
1100,99,6,6,2026-01-20 09:00:00,Acompanhamento pré-natal (trimestral),Não Compareceu,Sala 108,261.0,Ana Martins Lima,943.565.193-94,1979-02-28,Feminino,"Rua dos Ipês, 1007 - Manaíra, João Pessoa/PB",(83) 98434-1349,ana.martins.lim@email.com,Unimed,Dra. Priscila Dantas Xavier,11456/PB,Ginecologia e Obstetrícia,40
830,107,6,6,2025-10-15 16:15:00,Rotina ginecológica anual,Realizada,Sala 108,255.2,Lucas Marques Oliveira,862.856.481-26,1966-07-04,Masculino,"Rua Epitácio Pessoa, 2310 - Jaguaribe, João Pessoa/PB",(83) 99139-1982,lucas.marques.o@email.com,Bradesco Saúde,Dra. Priscila Dantas Xavier,11456/PB,Ginecologia e Obstetrícia,40
832,66,6,6,2025-10-16 15:15:00,Acompanhamento pré-natal (trimestral),Realizada,Sala 108,255.2,Rafael Andrade Lopes,878.637.711-46,1990-12-19,Masculino,"Rua das Flores, 1488 - Altiplano, João Pessoa/PB",(83) 98205-4180,rafael.andrade.@email.com,Bradesco Saúde,Dra. Priscila Dantas Xavier,11456/PB,Ginecologia e Obstetrícia,40
1702,66,6,6,2026-08-26 08:15:00,Acompanhamento pré-natal (trimestral),Não Compareceu,Sala 108,255.2,Rafael Andrade Lopes,878.637.711-46,1990-12-19,Masculino,"Rua das Flores, 1488 - Altiplano, João Pessoa/PB",(83) 98205-4180,rafael.andrade.@email.com,Bradesco Saúde,Dra. Priscila Dantas Xavier,11456/PB,Ginecologia e Obstetrícia,40
967,106,6,6,2025-12-04 14:45:00,Exame preventivo ginecológico,Realizada,Sala 108,261.0,Aline Marques Almeida,197.420.537-50,2006-07-24,Feminino,"Rua das Flores, 1952 - Mangabeira, João Pessoa/PB",(83) 99362-5176,aline.marques.a@email.com,Unimed,Dra. Priscila Dantas Xavier,11456/PB,Ginecologia e Obstetrícia,40
171,45,6,6,2025-03-03 15:15:00,Cólicas e desregulação menstrual,Realizada,Sala 108,261.0,Débora Almeida Almeida,912.915.853-31,1982-09-16,Feminino,"Rua Epitácio Pessoa, 1382 - Altiplano, João Pessoa/PB",(83) 99349-2389,débora.almeida.@email.com,Unimed,Dra. Priscila Dantas Xavier,11456/PB,Ginecologia e Obstetrícia,40
1662,45,6,6,2026-08-10 15:30:00,Acompanhamento pré-natal (trimestral),Realizada,Sala 108,261.0,Débora Almeida Almeida,912.915.853-31,1982-09-16,Feminino,"Rua Epitácio Pessoa, 1382 - Altiplano, João Pessoa/PB",(83) 99349-2389,débora.almeida.@email.com,Unimed,Dra. Priscila Dantas Xavier,11456/PB,Ginecologia e Obstetrícia,40
45,86,6,6,2025-01-16 09:30:00,Acompanhamento pré-natal (trimestral),Realizada,Sala 108,261.0,André Rocha Dias,192.544.200-91,1991-04-24,Masculino,"Rua das Flores, 1236 - Centro, João Pessoa/PB",(83) 99441-2646,andré.rocha.dia@email.com,Unimed,Dra. Priscila Dantas Xavier,11456/PB,Ginecologia e Obstetrícia,40
702,86,6,6,2025-09-04 13:15:00,Acompanhamento pré-natal (trimestral),Realizada,Sala 108,261.0,André Rocha Dias,192.544.200-91,1991-04-24,Masculino,"Rua das Flores, 1236 - Centro, João Pessoa/PB",(83) 99441-2646,andré.rocha.dia@email.com,Unimed,Dra. Priscila Dantas Xavier,11456/PB,Ginecologia e Obstetrícia,40
570,109,6,6,2025-07-18 12:30:00,Rotina ginecológica anual,Realizada,Sala 108,261.0,Mateus Ribeiro Machado,385.687.331-64,2002-02-25,Masculino,"Rua Esperança, 1105 - Jaguaribe, João Pessoa/PB",(83) 99730-1430,mateus.ribeiro.@email.com,Unimed,Dra. Priscila Dantas Xavier,11456/PB,Ginecologia e Obstetrícia,40
1496,109,6,6,2026-06-18 08:45:00,Exame preventivo ginecológico,Cancelada,Sala 108,261.0,Mateus Ribeiro Machado,385.687.331-64,2002-02-25,Masculino,"Rua Esperança, 1105 - Jaguaribe, João Pessoa/PB",(83) 99730-1430,mateus.ribeiro.@email.com,Unimed,Dra. Priscila Dantas Xavier,11456/PB,Ginecologia e Obstetrícia,40
1683,109,6,6,2026-08-19 10:00:00,Acompanhamento pré-natal (trimestral),Realizada,Sala 108,261.0,Mateus Ribeiro Machado,385.687.331-64,2002-02-25,Masculino,"Rua Esperança, 1105 - Jaguaribe, João Pessoa/PB",(83) 99730-1430,mateus.ribeiro.@email.com,Unimed,Dra. Priscila Dantas Xavier,11456/PB,Ginecologia e Obstetrícia,40
1091,47,6,6,2026-01-16 12:15:00,Acompanhamento pré-natal (trimestral),Realizada,Sala 108,261.0,Leonardo Lopes Martins,804.105.868-23,1986-03-21,Masculino,"Rua das Flores, 2131 - Bessa, João Pessoa/PB",(83) 99594-7965,leonardo.lopes.@email.com,Unimed,Dra. Priscila Dantas Xavier,11456/PB,Ginecologia e Obstetrícia,40
1693,32,6,6,2026-08-24 10:15:00,Rotina ginecológica anual,Realizada,Sala 108,261.0,Daniela Coutinho Lins,202.175.650-37,2013-10-19,Feminino,"Rua dos Ipês, 291 - Cabo Branco, João Pessoa/PB",(83) 99036-5345,daniela.coutinh@email.com,Unimed,Dra. Priscila Dantas Xavier,11456/PB,Ginecologia e Obstetrícia,40
689,18,6,6,2025-08-30 11:00:00,Acompanhamento pré-natal (trimestral),Realizada,Sala 108,255.2,Clarice Lispector Cunha,993.721.533-37,1976-05-17,Feminino,"Rua Esperança, 1286 - Bessa, João Pessoa/PB",(83) 99902-9835,clarice.lispect@email.com,Bradesco Saúde,Dra. Priscila Dantas Xavier,11456/PB,Ginecologia e Obstetrícia,40
601,9,6,6,2025-07-30 11:45:00,Rotina ginecológica anual,Realizada,Sala 108,246.5,Thiago Rocha Cavalcanti,374.167.316-82,1959-06-13,Masculino,"Rua Esperança, 2054 - Bessa, João Pessoa/PB",(83) 99794-6155,thiago.rocha.ca@email.com,SulAmérica,Dra. Priscila Dantas Xavier,11456/PB,Ginecologia e Obstetrícia,40
1203,9,6,6,2026-02-27 13:45:00,Rotina ginecológica anual,Cancelada,Sala 108,246.5,Thiago Rocha Cavalcanti,374.167.316-82,1959-06-13,Masculino,"Rua Esperança, 2054 - Bessa, João Pessoa/PB",(83) 99794-6155,thiago.rocha.ca@email.com,SulAmérica,Dra. Priscila Dantas Xavier,11456/PB,Ginecologia e Obstetrícia,40
1631,9,6,6,2026-07-31 14:00:00,Acompanhamento pré-natal (trimestral),Realizada,Sala 108,246.5,Thiago Rocha Cavalcanti,374.167.316-82,1959-06-13,Masculino,"Rua Esperança, 2054 - Bessa, João Pessoa/PB",(83) 99794-6155,thiago.rocha.ca@email.com,SulAmérica,Dra. Priscila Dantas Xavier,11456/PB,Ginecologia e Obstetrícia,40
49,17,6,6,2025-01-17 09:45:00,Cólicas e desregulação menstrual,Realizada,Sala 108,261.0,Marcos Vinicius Sales,935.170.878-78,1965-12-16,Masculino,"Rua Esperança, 1956 - Cabo Branco, João Pessoa/PB",(83) 99568-3060,marcos.vinicius@email.com,Unimed,Dra. Priscila Dantas Xavier,11456/PB,Ginecologia e Obstetrícia,40
683,17,6,6,2025-08-28 12:15:00,Exame preventivo ginecológico,Realizada,Sala 108,261.0,Marcos Vinicius Sales,935.170.878-78,1965-12-16,Masculino,"Rua Esperança, 1956 - Cabo Branco, João Pessoa/PB",(83) 99568-3060,marcos.vinicius@email.com,Unimed,Dra. Priscila Dantas Xavier,11456/PB,Ginecologia e Obstetrícia,40
1226,20,6,6,2026-03-10 16:30:00,Rotina ginecológica anual,Realizada,Sala 108,261.0,Luciana Guedes Nogueira,335.702.325-10,1957-10-18,Feminino,"Rua Principal, 138 - Bessa, João Pessoa/PB",(83) 98145-1964,luciana.guedes.@email.com,Unimed,Dra. Priscila Dantas Xavier,11456/PB,Ginecologia e Obstetrícia,40
901,115,6,6,2025-11-08 12:45:00,Exame preventivo ginecológico,Realizada,Sala 108,246.5,Juliana Martins Machado,570.179.982-50,1960-07-01,Feminino,"Rua Bancários, 1720 - Jaguaribe, João Pessoa/PB",(83) 99179-8033,juliana.martins@email.com,SulAmérica,Dra. Priscila Dantas Xavier,11456/PB,Ginecologia e Obstetrícia,40
1628,62,6,6,2026-07-30 11:45:00,Acompanhamento pré-natal (trimestral),Realizada,Sala 108,261.0,Aline Silva Lopes,317.463.916-43,1996-03-16,Feminino,"Rua Esperança, 1141 - Jaguaribe, João Pessoa/PB",(83) 98697-5581,aline.silva.lop@email.com,Unimed,Dra. Priscila Dantas Xavier,11456/PB,Ginecologia e Obstetrícia,40
205,54,6,6,2025-03-15 16:15:00,Exame preventivo ginecológico,Realizada,Sala 108,290.0,Leonardo Vieira Vieira,538.238.987-69,1958-02-21,Masculino,"Rua Bancários, 1350 - Altiplano, João Pessoa/PB",(83) 98372-1823,leonardo.vieira@email.com,Particular,Dra. Priscila Dantas Xavier,11456/PB,Ginecologia e Obstetrícia,40
305,54,6,6,2025-04-21 13:30:00,Rotina ginecológica anual,Realizada,Sala 108,290.0,Leonardo Vieira Vieira,538.238.987-69,1958-02-21,Masculino,"Rua Bancários, 1350 - Altiplano, João Pessoa/PB",(83) 98372-1823,leonardo.vieira@email.com,Particular,Dra. Priscila Dantas Xavier,11456/PB,Ginecologia e Obstetrícia,40
1228,52,6,6,2026-03-11 16:15:00,Exame preventivo ginecológico,Realizada,Sala 108,237.8,Bruno Gomes Moreira,865.852.659-87,2004-07-18,Masculino,"Rua das Flores, 1127 - Centro, João Pessoa/PB",(83) 99838-4613,bruno.gomes.mor@email.com,Amil,Dra. Priscila Dantas Xavier,11456/PB,Ginecologia e Obstetrícia,40
341,58,6,6,2025-05-01 09:45:00,Exame preventivo ginecológico,Realizada,Sala 108,261.0,Thiago Vieira Dias,303.177.706-98,2003-07-23,Masculino,"Rua Esperança, 1245 - Tambaú, João Pessoa/PB",(83) 99701-4978,thiago.vieira.d@email.com,Unimed,Dra. Priscila Dantas Xavier,11456/PB,Ginecologia e Obstetrícia,40
825,58,6,6,2025-10-14 17:15:00,Exame preventivo ginecológico,Cancelada,Sala 108,261.0,Thiago Vieira Dias,303.177.706-98,2003-07-23,Masculino,"Rua Esperança, 1245 - Tambaú, João Pessoa/PB",(83) 99701-4978,thiago.vieira.d@email.com,Unimed,Dra. Priscila Dantas Xavier,11456/PB,Ginecologia e Obstetrícia,40
1079,58,6,6,2026-01-12 09:00:00,Acompanhamento pré-natal (trimestral),Não Compareceu,Sala 108,261.0,Thiago Vieira Dias,303.177.706-98,2003-07-23,Masculino,"Rua Esperança, 1245 - Tambaú, João Pessoa/PB",(83) 99701-4978,thiago.vieira.d@email.com,Unimed,Dra. Priscila Dantas Xavier,11456/PB,Ginecologia e Obstetrícia,40
61,93,6,6,2025-01-22 11:15:00,Rotina ginecológica anual,Realizada,Sala 108,237.8,Camila Alves Rodrigues,379.950.268-42,2001-09-17,Feminino,"Rua Esperança, 1397 - Altiplano, João Pessoa/PB",(83) 99871-8894,camila.alves.ro@email.com,Amil,Dra. Priscila Dantas Xavier,11456/PB,Ginecologia e Obstetrícia,40
114,7,6,6,2025-02-10 14:30:00,Rotina ginecológica anual,Realizada,Sala 108,261.0,Gabriel Martins Ferreira,473.266.479-55,2013-11-27,Masculino,"Rua Epitácio Pessoa, 710 - Tambaú, João Pessoa/PB",(83) 98429-5374,gabriel.martins@email.com,Unimed,Dra. Priscila Dantas Xavier,11456/PB,Ginecologia e Obstetrícia,40
810,7,6,6,2025-10-08 11:45:00,Exame preventivo ginecológico,Realizada,Sala 108,261.0,Gabriel Martins Ferreira,473.266.479-55,2013-11-27,Masculino,"Rua Epitácio Pessoa, 710 - Tambaú, João Pessoa/PB",(83) 98429-5374,gabriel.martins@email.com,Unimed,Dra. Priscila Dantas Xavier,11456/PB,Ginecologia e Obstetrícia,40
526,2,6,6,2025-07-03 09:30:00,Exame preventivo ginecológico,Realizada,Sala 108,232.0,Mariana Souza Lima,195.323.338-74,2009-01-01,Feminino,"Rua das Flores, 2242 - Torre, João Pessoa/PB",(83) 99232-1434,mariana.souza.l@email.com,Cassi,Dra. Priscila Dantas Xavier,11456/PB,Ginecologia e Obstetrícia,40
1289,2,6,6,2026-04-04 12:30:00,Rotina ginecológica anual,Realizada,Sala 108,232.0,Mariana Souza Lima,195.323.338-74,2009-01-01,Feminino,"Rua das Flores, 2242 - Torre, João Pessoa/PB",(83) 99232-1434,mariana.souza.l@email.com,Cassi,Dra. Priscila Dantas Xavier,11456/PB,Ginecologia e Obstetrícia,40
1694,6,6,6,2026-08-24 08:45:00,Exame preventivo ginecológico,Realizada,Sala 108,261.0,Juliana Barbosa Dias,146.777.333-47,1979-12-03,Feminino,"Rua Bancários, 1148 - Tambaú, João Pessoa/PB",(83) 98163-4814,juliana.barbosa@email.com,Unimed,Dra. Priscila Dantas Xavier,11456/PB,Ginecologia e Obstetrícia,40
579,103,6,6,2025-07-22 09:15:00,Exame preventivo ginecológico,Realizada,Sala 108,261.0,Eduarda Pereira Barbosa,987.774.633-48,1960-12-26,Feminino,"Rua Bancários, 1655 - Manaíra, João Pessoa/PB",(83) 98938-1510,eduarda.pereira@email.com,Unimed,Dra. Priscila Dantas Xavier,11456/PB,Ginecologia e Obstetrícia,40
723,19,6,6,2025-09-11 15:15:00,Exame preventivo ginecológico,Realizada,Sala 108,255.2,Otávio Mesquita Barros,482.548.629-67,2006-11-21,Masculino,"Rua Principal, 1394 - Bessa, João Pessoa/PB",(83) 98247-5061,otávio.mesquita@email.com,Bradesco Saúde,Dra. Priscila Dantas Xavier,11456/PB,Ginecologia e Obstetrícia,40
1033,100,6,6,2025-12-27 10:30:00,Rotina ginecológica anual,Realizada,Sala 108,261.0,Gustavo Alves Oliveira,932.990.338-52,1981-10-07,Masculino,"Rua Principal, 1145 - Jaguaribe, João Pessoa/PB",(83) 99585-3417,gustavo.alves.o@email.com,Unimed,Dra. Priscila Dantas Xavier,11456/PB,Ginecologia e Obstetrícia,40
218,29,6,6,2025-03-21 11:45:00,Cólicas e desregulação menstrual,Realizada,Sala 108,246.5,Vinicius Albuquerque Luz,182.971.290-18,1975-01-17,Masculino,"Rua Bancários, 501 - Bessa, João Pessoa/PB",(83) 99218-2113,vinicius.albuqu@email.com,SulAmérica,Dra. Priscila Dantas Xavier,11456/PB,Ginecologia e Obstetrícia,40
426,29,6,6,2025-05-30 09:00:00,Rotina ginecológica anual,Realizada,Sala 108,246.5,Vinicius Albuquerque Luz,182.971.290-18,1975-01-17,Masculino,"Rua Bancários, 501 - Bessa, João Pessoa/PB",(83) 99218-2113,vinicius.albuqu@email.com,SulAmérica,Dra. Priscila Dantas Xavier,11456/PB,Ginecologia e Obstetrícia,40
1691,14,6,6,2026-08-21 10:15:00,Rotina ginecológica anual,Realizada,Sala 108,261.0,Patrícia Cunha Freitas,839.996.836-43,1975-08-01,Feminino,"Rua Epitácio Pessoa, 445 - Cabo Branco, João Pessoa/PB",(83) 99990-9201,patrícia.cunha.@email.com,Unimed,Dra. Priscila Dantas Xavier,11456/PB,Ginecologia e Obstetrícia,40
121,71,6,6,2025-02-11 12:45:00,Cólicas e desregulação menstrual,Realizada,Sala 108,237.8,André Ferreira Fernandes,518.561.805-86,1964-03-01,Masculino,"Rua das Flores, 1190 - Manaíra, João Pessoa/PB",(83) 98962-5771,andré.ferreira.@email.com,Amil,Dra. Priscila Dantas Xavier,11456/PB,Ginecologia e Obstetrícia,40
687,113,6,6,2025-08-29 08:30:00,Exame preventivo ginecológico,Realizada,Sala 108,290.0,Thiago Dias Dias,415.146.325-60,2017-09-22,Masculino,"Rua das Flores, 1244 - Manaíra, João Pessoa/PB",(83) 99227-1897,thiago.dias.dia@email.com,Particular,Dra. Priscila Dantas Xavier,11456/PB,Ginecologia e Obstetrícia,40
523,25,6,6,2025-07-02 13:00:00,Acompanhamento pré-natal (trimestral),Realizada,Sala 108,255.2,Wagner Mendonça Filho,982.976.663-22,1964-08-26,Masculino,"Rua Principal, 978 - Manaíra, João Pessoa/PB",(83) 98103-9856,wagner.mendonça@email.com,Bradesco Saúde,Dra. Priscila Dantas Xavier,11456/PB,Ginecologia e Obstetrícia,40
91,95,6,6,2025-01-31 12:15:00,Rotina ginecológica anual,Cancelada,Sala 108,237.8,Marcelo Ribeiro Dias,942.753.480-23,1988-10-13,Masculino,"Rua Principal, 2309 - Centro, João Pessoa/PB",(83) 99382-4830,marcelo.ribeiro@email.com,Amil,Dra. Priscila Dantas Xavier,11456/PB,Ginecologia e Obstetrícia,40
945,95,6,6,2025-11-26 14:15:00,Exame preventivo ginecológico,Realizada,Sala 108,237.8,Marcelo Ribeiro Dias,942.753.480-23,1988-10-13,Masculino,"Rua Principal, 2309 - Centro, João Pessoa/PB",(83) 99382-4830,marcelo.ribeiro@email.com,Amil,Dra. Priscila Dantas Xavier,11456/PB,Ginecologia e Obstetrícia,40
1288,95,6,6,2026-04-04 16:30:00,Cólicas e desregulação menstrual,Realizada,Sala 108,237.8,Marcelo Ribeiro Dias,942.753.480-23,1988-10-13,Masculino,"Rua Principal, 2309 - Centro, João Pessoa/PB",(83) 99382-4830,marcelo.ribeiro@email.com,Amil,Dra. Priscila Dantas Xavier,11456/PB,Ginecologia e Obstetrícia,40
608,8,6,6,2025-08-01 16:00:00,Cólicas e desregulação menstrual,Não Compareceu,Sala 108,290.0,Beatriz Nogueira Mendes,488.376.755-98,1986-03-15,Feminino,"Rua Principal, 948 - Mangabeira, João Pessoa/PB",(83) 99140-4598,beatriz.nogueir@email.com,Particular,Dra. Priscila Dantas Xavier,11456/PB,Ginecologia e Obstetrícia,40
649,89,6,6,2025-08-16 15:00:00,Rotina ginecológica anual,Realizada,Sala 108,290.0,Marcelo Mendes Gomes,453.701.406-91,1975-02-15,Masculino,"Rua Bancários, 1247 - Altiplano, João Pessoa/PB",(83) 99970-7951,marcelo.mendes.@email.com,Particular,Dra. Priscila Dantas Xavier,11456/PB,Ginecologia e Obstetrícia,40
1083,89,6,6,2026-01-13 16:30:00,Acompanhamento pré-natal (trimestral),Realizada,Sala 108,290.0,Marcelo Mendes Gomes,453.701.406-91,1975-02-15,Masculino,"Rua Bancários, 1247 - Altiplano, João Pessoa/PB",(83) 99970-7951,marcelo.mendes.@email.com,Particular,Dra. Priscila Dantas Xavier,11456/PB,Ginecologia e Obstetrícia,40
742,15,6,6,2025-09-18 09:45:00,Acompanhamento pré-natal (trimestral),Não Compareceu,Sala 108,261.0,Bruno Cardoso Tavares,723.303.256-57,1993-11-17,Masculino,"Rua Epitácio Pessoa, 12 - Torre, João Pessoa/PB",(83) 99561-3646,bruno.cardoso.t@email.com,Unimed,Dra. Priscila Dantas Xavier,11456/PB,Ginecologia e Obstetrícia,40
924,110,6,6,2025-11-18 14:45:00,Rotina ginecológica anual,Realizada,Sala 108,261.0,Carlos Lima Nascimento,106.285.990-28,1994-06-12,Masculino,"Rua das Flores, 135 - Tambaú, João Pessoa/PB",(83) 99159-7566,carlos.lima.nas@email.com,Unimed,Dra. Priscila Dantas Xavier,11456/PB,Ginecologia e Obstetrícia,40
1057,110,6,6,2026-01-06 14:00:00,Acompanhamento pré-natal (trimestral),Realizada,Sala 108,261.0,Carlos Lima Nascimento,106.285.990-28,1994-06-12,Masculino,"Rua das Flores, 135 - Tambaú, João Pessoa/PB",(83) 99159-7566,carlos.lima.nas@email.com,Unimed,Dra. Priscila Dantas Xavier,11456/PB,Ginecologia e Obstetrícia,40
1589,110,6,6,2026-07-17 15:15:00,Rotina ginecológica anual,Cancelada,Sala 108,261.0,Carlos Lima Nascimento,106.285.990-28,1994-06-12,Masculino,"Rua das Flores, 135 - Tambaú, João Pessoa/PB",(83) 99159-7566,carlos.lima.nas@email.com,Unimed,Dra. Priscila Dantas Xavier,11456/PB,Ginecologia e Obstetrícia,40
1602,70,6,6,2026-07-22 09:30:00,Acompanhamento pré-natal (trimestral),Realizada,Sala 108,232.0,Patrícia Machado Vieira,735.161.724-22,2009-05-19,Feminino,"Rua dos Ipês, 342 - Bessa, João Pessoa/PB",(83) 99940-4404,patrícia.machad@email.com,Cassi,Dra. Priscila Dantas Xavier,11456/PB,Ginecologia e Obstetrícia,40
219,74,6,6,2025-03-21 09:00:00,Exame preventivo ginecológico,Cancelada,Sala 108,237.8,Bruna Lima Soares,712.140.542-51,2018-08-03,Feminino,"Rua Principal, 947 - Manaíra, João Pessoa/PB",(83) 99236-5102,bruna.lima.soar@email.com,Amil,Dra. Priscila Dantas Xavier,11456/PB,Ginecologia e Obstetrícia,40
762,53,6,6,2025-09-24 08:15:00,Cólicas e desregulação menstrual,Realizada,Sala 108,290.0,Daniela Silva Martins,917.514.841-31,1998-11-22,Feminino,"Rua Epitácio Pessoa, 2197 - Cabo Branco, João Pessoa/PB",(83) 99721-8657,daniela.silva.m@email.com,Particular,Dra. Priscila Dantas Xavier,11456/PB,Ginecologia e Obstetrícia,40
991,49,6,6,2025-12-11 14:15:00,Exame preventivo ginecológico,Realizada,Sala 108,255.2,Gabriela Almeida Mendes,586.560.365-41,1975-12-28,Feminino,"Rua Bancários, 989 - Torre, João Pessoa/PB",(83) 99720-5543,gabriela.almeid@email.com,Bradesco Saúde,Dra. Priscila Dantas Xavier,11456/PB,Ginecologia e Obstetrícia,40
129,59,6,6,2025-02-13 08:45:00,Exame preventivo ginecológico,Realizada,Sala 108,261.0,Gustavo Nunes Santos,777.479.170-74,1999-09-14,Masculino,"Rua Bancários, 2017 - Manaíra, João Pessoa/PB",(83) 99326-6590,gustavo.nunes.s@email.com,Unimed,Dra. Priscila Dantas Xavier,11456/PB,Ginecologia e Obstetrícia,40
133,11,6,6,2025-02-15 14:45:00,Acompanhamento pré-natal (trimestral),Realizada,Sala 108,261.0,Antônio Moreira Guimarães,470.324.241-75,2009-10-13,Masculino,"Rua Principal, 636 - Manaíra, João Pessoa/PB",(83) 99010-2489,antônio.moreira@email.com,Unimed,Dra. Priscila Dantas Xavier,11456/PB,Ginecologia e Obstetrícia,40
556,82,6,6,2025-07-14 09:45:00,Acompanhamento pré-natal (trimestral),Realizada,Sala 108,246.5,Helena Vieira Dias,651.595.453-52,2017-03-15,Feminino,"Rua Bancários, 1328 - Bancários, João Pessoa/PB",(83) 99130-9903,helena.vieira.d@email.com,SulAmérica,Dra. Priscila Dantas Xavier,11456/PB,Ginecologia e Obstetrícia,40
630,82,6,6,2025-08-11 14:30:00,Cólicas e desregulação menstrual,Realizada,Sala 108,246.5,Helena Vieira Dias,651.595.453-52,2017-03-15,Feminino,"Rua Bancários, 1328 - Bancários, João Pessoa/PB",(83) 99130-9903,helena.vieira.d@email.com,SulAmérica,Dra. Priscila Dantas Xavier,11456/PB,Ginecologia e Obstetrícia,40
1047,82,6,6,2026-01-01 08:30:00,Acompanhamento pré-natal (trimestral),Realizada,Sala 108,246.5,Helena Vieira Dias,651.595.453-52,2017-03-15,Feminino,"Rua Bancários, 1328 - Bancários, João Pessoa/PB",(83) 99130-9903,helena.vieira.d@email.com,SulAmérica,Dra. Priscila Dantas Xavier,11456/PB,Ginecologia e Obstetrícia,40
1671,56,6,6,2026-08-14 13:15:00,Cólicas e desregulação menstrual,Realizada,Sala 108,290.0,Lucas Moreira Rocha,304.959.120-89,1960-01-08,Masculino,"Rua Bancários, 478 - Cabo Branco, João Pessoa/PB",(83) 98312-4908,lucas.moreira.r@email.com,Particular,Dra. Priscila Dantas Xavier,11456/PB,Ginecologia e Obstetrícia,40
1056,12,6,6,2026-01-05 17:15:00,Exame preventivo ginecológico,Realizada,Sala 108,232.0,Larissa Vasconcelos Brito,710.165.494-58,1975-11-14,Feminino,"Rua dos Ipês, 2276 - Torre, João Pessoa/PB",(83) 99220-8668,larissa.vasconc@email.com,Cassi,Dra. Priscila Dantas Xavier,11456/PB,Ginecologia e Obstetrícia,40
1218,46,6,6,2026-03-06 16:45:00,Cólicas e desregulação menstrual,Realizada,Sala 108,246.5,André Dias Gomes,125.147.350-70,1983-04-05,Masculino,"Rua Bancários, 2367 - Centro, João Pessoa/PB",(83) 99251-2193,andré.dias.gome@email.com,SulAmérica,Dra. Priscila Dantas Xavier,11456/PB,Ginecologia e Obstetrícia,40
1247,46,6,6,2026-03-19 09:45:00,Exame preventivo ginecológico,Cancelada,Sala 108,246.5,André Dias Gomes,125.147.350-70,1983-04-05,Masculino,"Rua Bancários, 2367 - Centro, João Pessoa/PB",(83) 99251-2193,andré.dias.gome@email.com,SulAmérica,Dra. Priscila Dantas Xavier,11456/PB,Ginecologia e Obstetrícia,40
1572,1,6,6,2026-07-13 16:45:00,Acompanhamento pré-natal (trimestral),Realizada,Sala 108,255.2,Carlos Eduardo Silva,381.350.328-27,1969-01-24,Masculino,"Rua Principal, 2428 - Torre, João Pessoa/PB",(83) 99508-2679,carlos.eduardo.@email.com,Bradesco Saúde,Dra. Priscila Dantas Xavier,11456/PB,Ginecologia e Obstetrícia,40
153,51,6,6,2025-02-25 12:45:00,Acompanhamento pré-natal (trimestral),Realizada,Sala 108,232.0,Lucas Carvalho Carvalho,525.163.311-63,1997-09-15,Masculino,"Rua Bancários, 1963 - Jaguaribe, João Pessoa/PB",(83) 98797-1320,lucas.carvalho.@email.com,Cassi,Dra. Priscila Dantas Xavier,11456/PB,Ginecologia e Obstetrícia,40
396,51,6,6,2025-05-20 16:00:00,Acompanhamento pré-natal (trimestral),Realizada,Sala 108,232.0,Lucas Carvalho Carvalho,525.163.311-63,1997-09-15,Masculino,"Rua Bancários, 1963 - Jaguaribe, João Pessoa/PB",(83) 98797-1320,lucas.carvalho.@email.com,Cassi,Dra. Priscila Dantas Xavier,11456/PB,Ginecologia e Obstetrícia,40
1534,36,6,6,2026-06-30 13:00:00,Cólicas e desregulação menstrual,Realizada,Sala 108,237.8,Marcelo Fernandes Nascimento,214.177.807-29,2009-09-01,Masculino,"Rua Epitácio Pessoa, 2273 - Mangabeira, João Pessoa/PB",(83) 99117-1590,marcelo.fernand@email.com,Amil,Dra. Priscila Dantas Xavier,11456/PB,Ginecologia e Obstetrícia,40
935,13,6,6,2025-11-22 08:45:00,Acompanhamento pré-natal (trimestral),Realizada,Sala 108,237.8,Rodrigo Teixeira Santos,217.798.649-44,1956-11-24,Masculino,"Rua dos Ipês, 1790 - Tambaú, João Pessoa/PB",(83) 99574-6573,rodrigo.teixeir@email.com,Amil,Dra. Priscila Dantas Xavier,11456/PB,Ginecologia e Obstetrícia,40
1487,81,6,6,2026-06-16 08:15:00,Cólicas e desregulação menstrual,Realizada,Sala 108,290.0,Larissa Freitas Barbosa,891.908.974-63,1972-02-09,Feminino,"Rua Principal, 1168 - Altiplano, João Pessoa/PB",(83) 98696-9318,larissa.freitas@email.com,Particular,Dra. Priscila Dantas Xavier,11456/PB,Ginecologia e Obstetrícia,40
657,55,6,6,2025-08-19 14:30:00,Acompanhamento pré-natal (trimestral),Não Compareceu,Sala 108,246.5,Marcelo Costa Costa,951.531.358-20,2003-05-25,Masculino,"Rua Principal, 1443 - Torre, João Pessoa/PB",(83) 98963-1317,marcelo.costa.c@email.com,SulAmérica,Dra. Priscila Dantas Xavier,11456/PB,Ginecologia e Obstetrícia,40
941,55,6,6,2025-11-25 11:15:00,Acompanhamento pré-natal (trimestral),Realizada,Sala 108,246.5,Marcelo Costa Costa,951.531.358-20,2003-05-25,Masculino,"Rua Principal, 1443 - Torre, João Pessoa/PB",(83) 98963-1317,marcelo.costa.c@email.com,SulAmérica,Dra. Priscila Dantas Xavier,11456/PB,Ginecologia e Obstetrícia,40
1219,55,6,6,2026-03-07 10:15:00,Rotina ginecológica anual,Realizada,Sala 108,246.5,Marcelo Costa Costa,951.531.358-20,2003-05-25,Masculino,"Rua Principal, 1443 - Torre, João Pessoa/PB",(83) 98963-1317,marcelo.costa.c@email.com,SulAmérica,Dra. Priscila Dantas Xavier,11456/PB,Ginecologia e Obstetrícia,40
459,41,6,6,2025-06-12 12:30:00,Rotina ginecológica anual,Realizada,Sala 108,261.0,Maria Souza Mendes,371.139.211-86,1988-03-19,Feminino,"Rua Bancários, 2493 - Mangabeira, João Pessoa/PB",(83) 98889-6663,maria.souza.men@email.com,Unimed,Dra. Priscila Dantas Xavier,11456/PB,Ginecologia e Obstetrícia,40
1058,41,6,6,2026-01-06 10:15:00,Exame preventivo ginecológico,Não Compareceu,Sala 108,261.0,Maria Souza Mendes,371.139.211-86,1988-03-19,Feminino,"Rua Bancários, 2493 - Mangabeira, João Pessoa/PB",(83) 98889-6663,maria.souza.men@email.com,Unimed,Dra. Priscila Dantas Xavier,11456/PB,Ginecologia e Obstetrícia,40
309,63,6,6,2025-04-22 10:30:00,Exame preventivo ginecológico,Realizada,Sala 108,237.8,Fernando Alves Oliveira,600.668.876-40,1985-12-14,Masculino,"Rua Bancários, 80 - Centro, João Pessoa/PB",(83) 99414-8800,fernando.alves.@email.com,Amil,Dra. Priscila Dantas Xavier,11456/PB,Ginecologia e Obstetrícia,40
1448,27,6,6,2026-06-02 10:15:00,Rotina ginecológica anual,Realizada,Sala 108,261.0,Sérgio Ramos Peixoto,903.565.392-64,2004-05-26,Masculino,"Rua das Flores, 1225 - Cabo Branco, João Pessoa/PB",(83) 99426-8973,sérgio.ramos.pe@email.com,Unimed,Dra. Priscila Dantas Xavier,11456/PB,Ginecologia e Obstetrícia,40
1484,27,6,6,2026-06-15 16:30:00,Acompanhamento pré-natal (trimestral),Não Compareceu,Sala 108,261.0,Sérgio Ramos Peixoto,903.565.392-64,2004-05-26,Masculino,"Rua das Flores, 1225 - Cabo Branco, João Pessoa/PB",(83) 99426-8973,sérgio.ramos.pe@email.com,Unimed,Dra. Priscila Dantas Xavier,11456/PB,Ginecologia e Obstetrícia,40
184,22,6,6,2025-03-07 12:30:00,Exame preventivo ginecológico,Realizada,Sala 108,261.0,Débora Silveira Campos,584.926.516-34,2015-04-26,Feminino,"Rua dos Ipês, 1744 - Bancários, João Pessoa/PB",(83) 98193-2588,débora.silveira@email.com,Unimed,Dra. Priscila Dantas Xavier,11456/PB,Ginecologia e Obstetrícia,40
979,22,6,6,2025-12-08 14:45:00,Exame preventivo ginecológico,Cancelada,Sala 108,261.0,Débora Silveira Campos,584.926.516-34,2015-04-26,Feminino,"Rua dos Ipês, 1744 - Bancários, João Pessoa/PB",(83) 98193-2588,débora.silveira@email.com,Unimed,Dra. Priscila Dantas Xavier,11456/PB,Ginecologia e Obstetrícia,40
1106,22,6,6,2026-01-22 09:30:00,Acompanhamento pré-natal (trimestral),Realizada,Sala 108,261.0,Débora Silveira Campos,584.926.516-34,2015-04-26,Feminino,"Rua dos Ipês, 1744 - Bancários, João Pessoa/PB",(83) 98193-2588,débora.silveira@email.com,Unimed,Dra. Priscila Dantas Xavier,11456/PB,Ginecologia e Obstetrícia,40
1246,105,6,6,2026-03-19 17:00:00,Rotina ginecológica anual,Realizada,Sala 108,290.0,Bruna Barbosa Soares,719.540.201-99,1992-08-17,Feminino,"Rua Bancários, 945 - Bancários, João Pessoa/PB",(83) 98234-4522,bruna.barbosa.s@email.com,Particular,Dra. Priscila Dantas Xavier,11456/PB,Ginecologia e Obstetrícia,40
399,67,6,6,2025-05-21 14:45:00,Exame preventivo ginecológico,Realizada,Sala 108,261.0,Thiago Silva Nascimento,155.666.399-99,1971-05-02,Masculino,"Rua Principal, 60 - Centro, João Pessoa/PB",(83) 99933-3068,thiago.silva.na@email.com,Unimed,Dra. Priscila Dantas Xavier,11456/PB,Ginecologia e Obstetrícia,40
632,67,6,6,2025-08-11 10:30:00,Exame preventivo ginecológico,Realizada,Sala 108,261.0,Thiago Silva Nascimento,155.666.399-99,1971-05-02,Masculino,"Rua Principal, 60 - Centro, João Pessoa/PB",(83) 99933-3068,thiago.silva.na@email.com,Unimed,Dra. Priscila Dantas Xavier,11456/PB,Ginecologia e Obstetrícia,40
1104,96,6,6,2026-01-21 11:00:00,Acompanhamento pré-natal (trimestral),Realizada,Sala 108,255.2,Isabela Pereira Rocha,575.817.409-93,1963-11-27,Feminino,"Rua Principal, 162 - Cabo Branco, João Pessoa/PB",(83) 98836-2911,isabela.pereira@email.com,Bradesco Saúde,Dra. Priscila Dantas Xavier,11456/PB,Ginecologia e Obstetrícia,40
1116,96,6,6,2026-01-26 08:15:00,Rotina ginecológica anual,Realizada,Sala 108,255.2,Isabela Pereira Rocha,575.817.409-93,1963-11-27,Feminino,"Rua Principal, 162 - Cabo Branco, João Pessoa/PB",(83) 98836-2911,isabela.pereira@email.com,Bradesco Saúde,Dra. Priscila Dantas Xavier,11456/PB,Ginecologia e Obstetrícia,40
222,60,6,6,2025-03-21 17:45:00,Acompanhamento pré-natal (trimestral),Realizada,Sala 108,261.0,Rodrigo Ribeiro Rocha,545.280.851-76,2013-12-05,Masculino,"Rua Epitácio Pessoa, 1990 - Jaguaribe, João Pessoa/PB",(83) 99977-5425,rodrigo.ribeiro@email.com,Unimed,Dra. Priscila Dantas Xavier,11456/PB,Ginecologia e Obstetrícia,40
348,92,6,6,2025-05-05 09:45:00,Exame preventivo ginecológico,Não Compareceu,Sala 108,237.8,Beatriz Rocha Souza,551.134.693-56,1960-05-26,Feminino,"Rua dos Ipês, 1348 - Tambaú, João Pessoa/PB",(83) 99499-3153,beatriz.rocha.s@email.com,Amil,Dra. Priscila Dantas Xavier,11456/PB,Ginecologia e Obstetrícia,40
789,92,6,6,2025-10-01 12:00:00,Exame preventivo ginecológico,Realizada,Sala 108,237.8,Beatriz Rocha Souza,551.134.693-56,1960-05-26,Feminino,"Rua dos Ipês, 1348 - Tambaú, João Pessoa/PB",(83) 99499-3153,beatriz.rocha.s@email.com,Amil,Dra. Priscila Dantas Xavier,11456/PB,Ginecologia e Obstetrícia,40
957,92,6,6,2025-12-01 16:45:00,Rotina ginecológica anual,Realizada,Sala 108,237.8,Beatriz Rocha Souza,551.134.693-56,1960-05-26,Feminino,"Rua dos Ipês, 1348 - Tambaú, João Pessoa/PB",(83) 99499-3153,beatriz.rocha.s@email.com,Amil,Dra. Priscila Dantas Xavier,11456/PB,Ginecologia e Obstetrícia,40
1251,92,6,6,2026-03-20 11:45:00,Cólicas e desregulação menstrual,Realizada,Sala 108,237.8,Beatriz Rocha Souza,551.134.693-56,1960-05-26,Feminino,"Rua dos Ipês, 1348 - Tambaú, João Pessoa/PB",(83) 99499-3153,beatriz.rocha.s@email.com,Amil,Dra. Priscila Dantas Xavier,11456/PB,Ginecologia e Obstetrícia,40
675,26,6,6,2025-08-27 10:00:00,Exame preventivo ginecológico,Realizada,Sala 108,237.8,Renata Vasconcelos Paiva,592.318.985-61,1976-07-16,Feminino,"Rua Bancários, 18 - Cabo Branco, João Pessoa/PB",(83) 99848-1960,renata.vasconce@email.com,Amil,Dra. Priscila Dantas Xavier,11456/PB,Ginecologia e Obstetrícia,40
748,26,6,6,2025-09-19 11:45:00,Rotina ginecológica anual,Não Compareceu,Sala 108,237.8,Renata Vasconcelos Paiva,592.318.985-61,1976-07-16,Feminino,"Rua Bancários, 18 - Cabo Branco, João Pessoa/PB",(83) 99848-1960,renata.vasconce@email.com,Amil,Dra. Priscila Dantas Xavier,11456/PB,Ginecologia e Obstetrícia,40
1342,26,6,6,2026-04-25 08:15:00,Cólicas e desregulação menstrual,Cancelada,Sala 108,237.8,Renata Vasconcelos Paiva,592.318.985-61,1976-07-16,Feminino,"Rua Bancários, 18 - Cabo Branco, João Pessoa/PB",(83) 99848-1960,renata.vasconce@email.com,Amil,Dra. Priscila Dantas Xavier,11456/PB,Ginecologia e Obstetrícia,40
455,16,6,6,2025-06-12 17:15:00,Acompanhamento pré-natal (trimestral),Realizada,Sala 108,261.0,Aline Meireles Pontes,214.471.999-49,1996-08-01,Feminino,"Rua Epitácio Pessoa, 332 - Bessa, João Pessoa/PB",(83) 98490-1949,aline.meireles.@email.com,Unimed,Dra. Priscila Dantas Xavier,11456/PB,Ginecologia e Obstetrícia,40
785,16,6,6,2025-09-30 13:45:00,Acompanhamento pré-natal (trimestral),Realizada,Sala 108,261.0,Aline Meireles Pontes,214.471.999-49,1996-08-01,Feminino,"Rua Epitácio Pessoa, 332 - Bessa, João Pessoa/PB",(83) 98490-1949,aline.meireles.@email.com,Unimed,Dra. Priscila Dantas Xavier,11456/PB,Ginecologia e Obstetrícia,40
884,16,6,6,2025-11-03 17:30:00,Acompanhamento pré-natal (trimestral),Não Compareceu,Sala 108,261.0,Aline Meireles Pontes,214.471.999-49,1996-08-01,Feminino,"Rua Epitácio Pessoa, 332 - Bessa, João Pessoa/PB",(83) 98490-1949,aline.meireles.@email.com,Unimed,Dra. Priscila Dantas Xavier,11456/PB,Ginecologia e Obstetrícia,40
885,16,6,6,2025-11-03 12:30:00,Rotina ginecológica anual,Realizada,Sala 108,261.0,Aline Meireles Pontes,214.471.999-49,1996-08-01,Feminino,"Rua Epitácio Pessoa, 332 - Bessa, João Pessoa/PB",(83) 98490-1949,aline.meireles.@email.com,Unimed,Dra. Priscila Dantas Xavier,11456/PB,Ginecologia e Obstetrícia,40
1223,16,6,6,2026-03-09 15:45:00,Rotina ginecológica anual,Realizada,Sala 108,261.0,Aline Meireles Pontes,214.471.999-49,1996-08-01,Feminino,"Rua Epitácio Pessoa, 332 - Bessa, João Pessoa/PB",(83) 98490-1949,aline.meireles.@email.com,Unimed,Dra. Priscila Dantas Xavier,11456/PB,Ginecologia e Obstetrícia,40
1394,16,6,6,2026-05-15 13:00:00,Exame preventivo ginecológico,Realizada,Sala 108,261.0,Aline Meireles Pontes,214.471.999-49,1996-08-01,Feminino,"Rua Epitácio Pessoa, 332 - Bessa, João Pessoa/PB",(83) 98490-1949,aline.meireles.@email.com,Unimed,Dra. Priscila Dantas Xavier,11456/PB,Ginecologia e Obstetrícia,40
1673,69,6,6,2026-08-14 09:15:00,Acompanhamento pré-natal (trimestral),Realizada,Sala 108,261.0,Gabriel Rodrigues Nunes,221.671.882-63,1993-02-08,Masculino,"Rua Bancários, 1855 - Torre, João Pessoa/PB",(83) 99241-4697,gabriel.rodrigu@email.com,Unimed,Dra. Priscila Dantas Xavier,11456/PB,Ginecologia e Obstetrícia,40
1714,69,6,6,2026-09-09 09:00:00,Retorno de rotina programado,Agendada,Sala 108,290.0,Gabriel Rodrigues Nunes,221.671.882-63,1993-02-08,Masculino,"Rua Bancários, 1855 - Torre, João Pessoa/PB",(83) 99241-4697,gabriel.rodrigu@email.com,Unimed,Dra. Priscila Dantas Xavier,11456/PB,Ginecologia e Obstetrícia,40
435,97,6,6,2025-06-04 15:45:00,Exame preventivo ginecológico,Realizada,Sala 108,255.2,Daniela Souza Souza,497.564.479-95,1985-09-05,Feminino,"Rua Epitácio Pessoa, 642 - Bancários, João Pessoa/PB",(83) 99944-9850,daniela.souza.s@email.com,Bradesco Saúde,Dra. Priscila Dantas Xavier,11456/PB,Ginecologia e Obstetrícia,40
743,64,6,6,2025-09-18 12:00:00,Rotina ginecológica anual,Não Compareceu,Sala 108,255.2,Thiago Pereira Martins,695.477.584-80,1986-05-22,Masculino,"Rua Esperança, 2264 - Bancários, João Pessoa/PB",(83) 99087-6632,thiago.pereira.@email.com,Bradesco Saúde,Dra. Priscila Dantas Xavier,11456/PB,Ginecologia e Obstetrícia,40
940,78,6,6,2025-11-24 12:30:00,Acompanhamento pré-natal (trimestral),Realizada,Sala 108,261.0,Fernando Ribeiro Barbosa,878.152.308-44,2018-11-15,Masculino,"Rua Bancários, 1995 - Altiplano, João Pessoa/PB",(83) 99124-3146,fernando.ribeir@email.com,Unimed,Dra. Priscila Dantas Xavier,11456/PB,Ginecologia e Obstetrícia,40
443,80,6,6,2025-06-06 15:30:00,Cólicas e desregulação menstrual,Realizada,Sala 108,261.0,Gabriel Lopes Freitas,379.525.954-71,1992-09-23,Masculino,"Rua Epitácio Pessoa, 602 - Centro, João Pessoa/PB",(83) 98967-4993,gabriel.lopes.f@email.com,Unimed,Dra. Priscila Dantas Xavier,11456/PB,Ginecologia e Obstetrícia,40
494,80,6,6,2025-06-24 17:15:00,Exame preventivo ginecológico,Realizada,Sala 108,261.0,Gabriel Lopes Freitas,379.525.954-71,1992-09-23,Masculino,"Rua Epitácio Pessoa, 602 - Centro, João Pessoa/PB",(83) 98967-4993,gabriel.lopes.f@email.com,Unimed,Dra. Priscila Dantas Xavier,11456/PB,Ginecologia e Obstetrícia,40
1216,28,6,6,2026-03-05 11:15:00,Exame preventivo ginecológico,Realizada,Sala 108,255.2,Tatiane Farias Medeiros,853.655.162-50,1982-01-19,Feminino,"Rua Bancários, 2069 - Jaguaribe, João Pessoa/PB",(83) 98117-1821,tatiane.farias.@email.com,Bradesco Saúde,Dra. Priscila Dantas Xavier,11456/PB,Ginecologia e Obstetrícia,40
1086,10,9,9,2026-01-14 12:30:00,Insônia persistente e estresse,Realizada,Sala 210,262.4,Camila Farias Albuquerque,246.371.242-41,2005-11-15,Feminino,"Rua Esperança, 2404 - Altiplano, João Pessoa/PB",(83) 99525-9830,camila.farias.a@email.com,Amil,Dr. Leonardo Barros Pinto,5432/PB,Psiquiatria,50
1431,10,9,9,2026-05-26 14:00:00,Insônia persistente e estresse,Não Compareceu,Sala 210,262.4,Camila Farias Albuquerque,246.371.242-41,2005-11-15,Feminino,"Rua Esperança, 2404 - Altiplano, João Pessoa/PB",(83) 99525-9830,camila.farias.a@email.com,Amil,Dr. Leonardo Barros Pinto,5432/PB,Psiquiatria,50
4,57,9,9,2025-01-01 16:15:00,Acompanhamento de depressão maior,Realizada,Sala 210,288.0,Marcelo Nascimento Lima,721.865.835-24,2002-03-20,Masculino,"Rua Principal, 2380 - Altiplano, João Pessoa/PB",(83) 99592-3683,marcelo.nascime@email.com,Unimed,Dr. Leonardo Barros Pinto,5432/PB,Psiquiatria,50
653,87,9,9,2025-08-18 10:15:00,Transtorno de ansiedade e pânico,Realizada,Sala 210,262.4,Pedro Costa Nunes,483.541.249-41,1962-05-12,Masculino,"Rua Esperança, 747 - Jaguaribe, João Pessoa/PB",(83) 99087-7751,pedro.costa.nun@email.com,Amil,Dr. Leonardo Barros Pinto,5432/PB,Psiquiatria,50
706,87,9,9,2025-09-06 09:30:00,Insônia persistente e estresse,Não Compareceu,Sala 210,262.4,Pedro Costa Nunes,483.541.249-41,1962-05-12,Masculino,"Rua Esperança, 747 - Jaguaribe, João Pessoa/PB",(83) 99087-7751,pedro.costa.nun@email.com,Amil,Dr. Leonardo Barros Pinto,5432/PB,Psiquiatria,50
1311,87,9,9,2026-04-14 08:15:00,Avaliação de déficit de atenção,Realizada,Sala 210,262.4,Pedro Costa Nunes,483.541.249-41,1962-05-12,Masculino,"Rua Esperança, 747 - Jaguaribe, João Pessoa/PB",(83) 99087-7751,pedro.costa.nun@email.com,Amil,Dr. Leonardo Barros Pinto,5432/PB,Psiquiatria,50
1571,87,9,9,2026-07-13 16:30:00,Transtorno de ansiedade e pânico,Realizada,Sala 210,262.4,Pedro Costa Nunes,483.541.249-41,1962-05-12,Masculino,"Rua Esperança, 747 - Jaguaribe, João Pessoa/PB",(83) 99087-7751,pedro.costa.nun@email.com,Amil,Dr. Leonardo Barros Pinto,5432/PB,Psiquiatria,50
422,72,9,9,2025-05-29 15:30:00,Acompanhamento de depressão maior,Realizada,Sala 210,288.0,Débora Oliveira Dias,910.740.703-94,1984-05-26,Feminino,"Rua Principal, 2240 - Bancários, João Pessoa/PB",(83) 99646-4241,débora.oliveira@email.com,Unimed,Dr. Leonardo Barros Pinto,5432/PB,Psiquiatria,50
1077,72,9,9,2026-01-12 16:45:00,Transtorno de ansiedade e pânico,Cancelada,Sala 210,288.0,Débora Oliveira Dias,910.740.703-94,1984-05-26,Feminino,"Rua Principal, 2240 - Bancários, João Pessoa/PB",(83) 99646-4241,débora.oliveira@email.com,Unimed,Dr. Leonardo Barros Pinto,5432/PB,Psiquiatria,50
288,91,9,9,2025-04-14 14:15:00,Transtorno de ansiedade e pânico,Realizada,Sala 210,288.0,Maria Vieira Machado,608.952.393-39,1961-10-24,Feminino,"Rua Esperança, 788 - Bessa, João Pessoa/PB",(83) 99243-6772,maria.vieira.ma@email.com,Unimed,Dr. Leonardo Barros Pinto,5432/PB,Psiquiatria,50
89,83,9,9,2025-01-30 16:45:00,Insônia persistente e estresse,Realizada,Sala 210,288.0,André Vieira Martins,425.862.584-58,1984-07-02,Masculino,"Rua Principal, 527 - Centro, João Pessoa/PB",(83) 98790-3492,andré.vieira.ma@email.com,Unimed,Dr. Leonardo Barros Pinto,5432/PB,Psiquiatria,50
242,83,9,9,2025-03-29 11:00:00,Acompanhamento de depressão maior,Realizada,Sala 210,288.0,André Vieira Martins,425.862.584-58,1984-07-02,Masculino,"Rua Principal, 527 - Centro, João Pessoa/PB",(83) 98790-3492,andré.vieira.ma@email.com,Unimed,Dr. Leonardo Barros Pinto,5432/PB,Psiquiatria,50
127,24,9,9,2025-02-13 08:00:00,Transtorno de ansiedade e pânico,Realizada,Sala 210,281.6,Isabela Duarte Correia,294.649.559-27,1968-04-07,Feminino,"Rua Bancários, 1033 - Altiplano, João Pessoa/PB",(83) 98864-4006,isabela.duarte.@email.com,Bradesco Saúde,Dr. Leonardo Barros Pinto,5432/PB,Psiquiatria,50
15,65,9,9,2025-01-07 14:15:00,Insônia persistente e estresse,Realizada,Sala 210,288.0,Amanda Nascimento Almeida,336.223.838-34,1989-05-09,Feminino,"Rua Esperança, 768 - Torre, João Pessoa/PB",(83) 98646-2958,amanda.nascimen@email.com,Unimed,Dr. Leonardo Barros Pinto,5432/PB,Psiquiatria,50
71,65,9,9,2025-01-24 16:45:00,Acompanhamento de depressão maior,Realizada,Sala 210,288.0,Amanda Nascimento Almeida,336.223.838-34,1989-05-09,Feminino,"Rua Esperança, 768 - Torre, João Pessoa/PB",(83) 98646-2958,amanda.nascimen@email.com,Unimed,Dr. Leonardo Barros Pinto,5432/PB,Psiquiatria,50
355,65,9,9,2025-05-07 13:00:00,Avaliação de déficit de atenção,Realizada,Sala 210,288.0,Amanda Nascimento Almeida,336.223.838-34,1989-05-09,Feminino,"Rua Esperança, 768 - Torre, João Pessoa/PB",(83) 98646-2958,amanda.nascimen@email.com,Unimed,Dr. Leonardo Barros Pinto,5432/PB,Psiquiatria,50
1322,65,9,9,2026-04-18 11:30:00,Avaliação de déficit de atenção,Realizada,Sala 210,288.0,Amanda Nascimento Almeida,336.223.838-34,1989-05-09,Feminino,"Rua Esperança, 768 - Torre, João Pessoa/PB",(83) 98646-2958,amanda.nascimen@email.com,Unimed,Dr. Leonardo Barros Pinto,5432/PB,Psiquiatria,50
862,98,9,9,2025-10-24 15:00:00,Acompanhamento de depressão maior,Realizada,Sala 210,281.6,Fernanda Marques Lopes,806.479.322-66,2007-05-02,Feminino,"Rua Principal, 1514 - Mangabeira, João Pessoa/PB",(83) 98910-4868,fernanda.marque@email.com,Bradesco Saúde,Dr. Leonardo Barros Pinto,5432/PB,Psiquiatria,50
988,98,9,9,2025-12-11 09:30:00,Transtorno de ansiedade e pânico,Cancelada,Sala 210,281.6,Fernanda Marques Lopes,806.479.322-66,2007-05-02,Feminino,"Rua Principal, 1514 - Mangabeira, João Pessoa/PB",(83) 98910-4868,fernanda.marque@email.com,Bradesco Saúde,Dr. Leonardo Barros Pinto,5432/PB,Psiquiatria,50
1526,120,9,9,2026-06-29 08:30:00,Acompanhamento de depressão maior,Realizada,Sala 210,281.6,Débora Rocha Gomes,460.619.175-49,1990-10-02,Feminino,"Rua Principal, 1520 - Manaíra, João Pessoa/PB",(83) 98945-8404,débora.rocha.go@email.com,Bradesco Saúde,Dr. Leonardo Barros Pinto,5432/PB,Psiquiatria,50
1615,120,9,9,2026-07-25 10:15:00,Transtorno de ansiedade e pânico,Realizada,Sala 210,281.6,Débora Rocha Gomes,460.619.175-49,1990-10-02,Feminino,"Rua Principal, 1520 - Manaíra, João Pessoa/PB",(83) 98945-8404,débora.rocha.go@email.com,Bradesco Saúde,Dr. Leonardo Barros Pinto,5432/PB,Psiquiatria,50
1257,118,9,9,2026-03-24 08:30:00,Transtorno de ansiedade e pânico,Realizada,Sala 210,288.0,Bruno Ribeiro Andrade,249.362.302-32,1973-04-04,Masculino,"Rua das Flores, 2033 - Tambaú, João Pessoa/PB",(83) 99233-3504,bruno.ribeiro.a@email.com,Unimed,Dr. Leonardo Barros Pinto,5432/PB,Psiquiatria,50
434,33,9,9,2025-06-03 17:30:00,Avaliação de déficit de atenção,Realizada,Sala 210,288.0,Bruno Gomes Ferreira,409.726.926-93,2011-09-23,Masculino,"Rua dos Ipês, 434 - Torre, João Pessoa/PB",(83) 99083-1128,bruno.gomes.fer@email.com,Unimed,Dr. Leonardo Barros Pinto,5432/PB,Psiquiatria,50
790,33,9,9,2025-10-01 14:30:00,Acompanhamento de depressão maior,Realizada,Sala 210,288.0,Bruno Gomes Ferreira,409.726.926-93,2011-09-23,Masculino,"Rua dos Ipês, 434 - Torre, João Pessoa/PB",(83) 99083-1128,bruno.gomes.fer@email.com,Unimed,Dr. Leonardo Barros Pinto,5432/PB,Psiquiatria,50
24,77,9,9,2025-01-09 08:15:00,Acompanhamento de depressão maior,Realizada,Sala 210,262.4,Felipe Lima Costa,626.944.101-94,1969-07-28,Masculino,"Rua Bancários, 232 - Centro, João Pessoa/PB",(83) 99780-9889,felipe.lima.cos@email.com,Amil,Dr. Leonardo Barros Pinto,5432/PB,Psiquiatria,50
549,77,9,9,2025-07-10 16:00:00,Avaliação de déficit de atenção,Realizada,Sala 210,262.4,Felipe Lima Costa,626.944.101-94,1969-07-28,Masculino,"Rua Bancários, 232 - Centro, João Pessoa/PB",(83) 99780-9889,felipe.lima.cos@email.com,Amil,Dr. Leonardo Barros Pinto,5432/PB,Psiquiatria,50
1660,79,9,9,2026-08-10 11:30:00,Transtorno de ansiedade e pânico,Realizada,Sala 210,281.6,João Rocha Barbosa,418.664.114-80,1985-12-06,Masculino,"Rua Principal, 1900 - Bessa, João Pessoa/PB",(83) 98835-2527,joão.rocha.barb@email.com,Bradesco Saúde,Dr. Leonardo Barros Pinto,5432/PB,Psiquiatria,50
34,48,9,9,2025-01-13 12:00:00,Transtorno de ansiedade e pânico,Realizada,Sala 210,281.6,Ana Fernandes Pereira,920.575.783-77,1970-08-05,Feminino,"Rua Epitácio Pessoa, 2077 - Centro, João Pessoa/PB",(83) 99144-6198,ana.fernandes.p@email.com,Bradesco Saúde,Dr. Leonardo Barros Pinto,5432/PB,Psiquiatria,50
859,99,9,9,2025-10-23 12:15:00,Transtorno de ansiedade e pânico,Realizada,Sala 210,288.0,Ana Martins Lima,943.565.193-94,1979-02-28,Feminino,"Rua dos Ipês, 1007 - Manaíra, João Pessoa/PB",(83) 98434-1349,ana.martins.lim@email.com,Unimed,Dr. Leonardo Barros Pinto,5432/PB,Psiquiatria,50
372,66,9,9,2025-05-13 15:45:00,Insônia persistente e estresse,Não Compareceu,Sala 210,281.6,Rafael Andrade Lopes,878.637.711-46,1990-12-19,Masculino,"Rua das Flores, 1488 - Altiplano, João Pessoa/PB",(83) 98205-4180,rafael.andrade.@email.com,Bradesco Saúde,Dr. Leonardo Barros Pinto,5432/PB,Psiquiatria,50
666,111,9,9,2025-08-22 16:15:00,Insônia persistente e estresse,Realizada,Sala 210,288.0,Fernando Alves Martins,261.478.419-51,2008-08-11,Masculino,"Rua das Flores, 654 - Manaíra, João Pessoa/PB",(83) 99590-2391,fernando.alves.@email.com,Unimed,Dr. Leonardo Barros Pinto,5432/PB,Psiquiatria,50
897,111,9,9,2025-11-07 13:45:00,Transtorno de ansiedade e pânico,Realizada,Sala 210,288.0,Fernando Alves Martins,261.478.419-51,2008-08-11,Masculino,"Rua das Flores, 654 - Manaíra, João Pessoa/PB",(83) 99590-2391,fernando.alves.@email.com,Unimed,Dr. Leonardo Barros Pinto,5432/PB,Psiquiatria,50
871,114,9,9,2025-10-29 17:45:00,Avaliação de déficit de atenção,Realizada,Sala 210,262.4,Gabriel Moreira Lima,107.609.864-65,1992-06-04,Masculino,"Rua Epitácio Pessoa, 952 - Bancários, João Pessoa/PB",(83) 98359-3116,gabriel.moreira@email.com,Amil,Dr. Leonardo Barros Pinto,5432/PB,Psiquiatria,50
1061,40,9,9,2026-01-07 09:30:00,Avaliação de déficit de atenção,Realizada,Sala 210,281.6,João Dias Alves,985.171.891-45,2006-06-09,Masculino,"Rua Esperança, 2206 - Bancários, João Pessoa/PB",(83) 98719-9346,joão.dias.alves@email.com,Bradesco Saúde,Dr. Leonardo Barros Pinto,5432/PB,Psiquiatria,50
1678,40,9,9,2026-08-17 12:30:00,Avaliação de déficit de atenção,Realizada,Sala 210,281.6,João Dias Alves,985.171.891-45,2006-06-09,Masculino,"Rua Esperança, 2206 - Bancários, João Pessoa/PB",(83) 98719-9346,joão.dias.alves@email.com,Bradesco Saúde,Dr. Leonardo Barros Pinto,5432/PB,Psiquiatria,50
80,45,9,9,2025-01-28 12:30:00,Avaliação de déficit de atenção,Cancelada,Sala 210,288.0,Débora Almeida Almeida,912.915.853-31,1982-09-16,Feminino,"Rua Epitácio Pessoa, 1382 - Altiplano, João Pessoa/PB",(83) 99349-2389,débora.almeida.@email.com,Unimed,Dr. Leonardo Barros Pinto,5432/PB,Psiquiatria,50
573,45,9,9,2025-07-21 11:00:00,Acompanhamento de depressão maior,Realizada,Sala 210,288.0,Débora Almeida Almeida,912.915.853-31,1982-09-16,Feminino,"Rua Epitácio Pessoa, 1382 - Altiplano, João Pessoa/PB",(83) 99349-2389,débora.almeida.@email.com,Unimed,Dr. Leonardo Barros Pinto,5432/PB,Psiquiatria,50
1074,86,9,9,2026-01-10 11:00:00,Avaliação de déficit de atenção,Realizada,Sala 210,288.0,André Rocha Dias,192.544.200-91,1991-04-24,Masculino,"Rua das Flores, 1236 - Centro, João Pessoa/PB",(83) 99441-2646,andré.rocha.dia@email.com,Unimed,Dr. Leonardo Barros Pinto,5432/PB,Psiquiatria,50
252,109,9,9,2025-04-02 13:00:00,Avaliação de déficit de atenção,Realizada,Sala 210,288.0,Mateus Ribeiro Machado,385.687.331-64,2002-02-25,Masculino,"Rua Esperança, 1105 - Jaguaribe, João Pessoa/PB",(83) 99730-1430,mateus.ribeiro.@email.com,Unimed,Dr. Leonardo Barros Pinto,5432/PB,Psiquiatria,50
955,109,9,9,2025-11-29 17:45:00,Transtorno de ansiedade e pânico,Realizada,Sala 210,288.0,Mateus Ribeiro Machado,385.687.331-64,2002-02-25,Masculino,"Rua Esperança, 1105 - Jaguaribe, João Pessoa/PB",(83) 99730-1430,mateus.ribeiro.@email.com,Unimed,Dr. Leonardo Barros Pinto,5432/PB,Psiquiatria,50
1270,109,9,9,2026-03-28 09:15:00,Acompanhamento de depressão maior,Realizada,Sala 210,288.0,Mateus Ribeiro Machado,385.687.331-64,2002-02-25,Masculino,"Rua Esperança, 1105 - Jaguaribe, João Pessoa/PB",(83) 99730-1430,mateus.ribeiro.@email.com,Unimed,Dr. Leonardo Barros Pinto,5432/PB,Psiquiatria,50
1670,109,9,9,2026-08-13 17:45:00,Avaliação de déficit de atenção,Realizada,Sala 210,288.0,Mateus Ribeiro Machado,385.687.331-64,2002-02-25,Masculino,"Rua Esperança, 1105 - Jaguaribe, João Pessoa/PB",(83) 99730-1430,mateus.ribeiro.@email.com,Unimed,Dr. Leonardo Barros Pinto,5432/PB,Psiquiatria,50
47,47,9,9,2025-01-17 17:30:00,Insônia persistente e estresse,Realizada,Sala 210,288.0,Leonardo Lopes Martins,804.105.868-23,1986-03-21,Masculino,"Rua das Flores, 2131 - Bessa, João Pessoa/PB",(83) 99594-7965,leonardo.lopes.@email.com,Unimed,Dr. Leonardo Barros Pinto,5432/PB,Psiquiatria,50
647,47,9,9,2025-08-15 13:00:00,Acompanhamento de depressão maior,Realizada,Sala 210,288.0,Leonardo Lopes Martins,804.105.868-23,1986-03-21,Masculino,"Rua das Flores, 2131 - Bessa, João Pessoa/PB",(83) 99594-7965,leonardo.lopes.@email.com,Unimed,Dr. Leonardo Barros Pinto,5432/PB,Psiquiatria,50
1426,47,9,9,2026-05-25 11:15:00,Avaliação de déficit de atenção,Realizada,Sala 210,288.0,Leonardo Lopes Martins,804.105.868-23,1986-03-21,Masculino,"Rua das Flores, 2131 - Bessa, João Pessoa/PB",(83) 99594-7965,leonardo.lopes.@email.com,Unimed,Dr. Leonardo Barros Pinto,5432/PB,Psiquiatria,50
562,32,9,9,2025-07-16 12:15:00,Insônia persistente e estresse,Não Compareceu,Sala 210,288.0,Daniela Coutinho Lins,202.175.650-37,2013-10-19,Feminino,"Rua dos Ipês, 291 - Cabo Branco, João Pessoa/PB",(83) 99036-5345,daniela.coutinh@email.com,Unimed,Dr. Leonardo Barros Pinto,5432/PB,Psiquiatria,50
124,34,9,9,2025-02-12 17:45:00,Insônia persistente e estresse,Realizada,Sala 210,320.0,Diego Souza Mendes,259.378.388-87,1968-12-18,Masculino,"Rua Esperança, 1091 - Bessa, João Pessoa/PB",(83) 98431-6617,diego.souza.men@email.com,Particular,Dr. Leonardo Barros Pinto,5432/PB,Psiquiatria,50
544,18,9,9,2025-07-09 17:45:00,Acompanhamento de depressão maior,Realizada,Sala 210,281.6,Clarice Lispector Cunha,993.721.533-37,1976-05-17,Feminino,"Rua Esperança, 1286 - Bessa, João Pessoa/PB",(83) 99902-9835,clarice.lispect@email.com,Bradesco Saúde,Dr. Leonardo Barros Pinto,5432/PB,Psiquiatria,50
1458,18,9,9,2026-06-05 15:45:00,Acompanhamento de depressão maior,Realizada,Sala 210,281.6,Clarice Lispector Cunha,993.721.533-37,1976-05-17,Feminino,"Rua Esperança, 1286 - Bessa, João Pessoa/PB",(83) 99902-9835,clarice.lispect@email.com,Bradesco Saúde,Dr. Leonardo Barros Pinto,5432/PB,Psiquiatria,50
1455,17,9,9,2026-06-04 17:45:00,Acompanhamento de depressão maior,Realizada,Sala 210,288.0,Marcos Vinicius Sales,935.170.878-78,1965-12-16,Masculino,"Rua Esperança, 1956 - Cabo Branco, João Pessoa/PB",(83) 99568-3060,marcos.vinicius@email.com,Unimed,Dr. Leonardo Barros Pinto,5432/PB,Psiquiatria,50
292,76,9,9,2025-04-15 13:30:00,Acompanhamento de depressão maior,Realizada,Sala 210,262.4,Carolina Costa Costa,521.810.607-46,1968-03-11,Feminino,"Rua Principal, 1872 - Torre, João Pessoa/PB",(83) 99356-7561,carolina.costa.@email.com,Amil,Dr. Leonardo Barros Pinto,5432/PB,Psiquiatria,50
880,76,9,9,2025-10-31 16:45:00,Avaliação de déficit de atenção,Realizada,Sala 210,262.4,Carolina Costa Costa,521.810.607-46,1968-03-11,Feminino,"Rua Principal, 1872 - Torre, João Pessoa/PB",(83) 99356-7561,carolina.costa.@email.com,Amil,Dr. Leonardo Barros Pinto,5432/PB,Psiquiatria,50
729,20,9,9,2025-09-12 11:15:00,Transtorno de ansiedade e pânico,Realizada,Sala 210,288.0,Luciana Guedes Nogueira,335.702.325-10,1957-10-18,Feminino,"Rua Principal, 138 - Bessa, João Pessoa/PB",(83) 98145-1964,luciana.guedes.@email.com,Unimed,Dr. Leonardo Barros Pinto,5432/PB,Psiquiatria,50
865,20,9,9,2025-10-27 14:15:00,Avaliação de déficit de atenção,Realizada,Sala 210,288.0,Luciana Guedes Nogueira,335.702.325-10,1957-10-18,Feminino,"Rua Principal, 138 - Bessa, João Pessoa/PB",(83) 98145-1964,luciana.guedes.@email.com,Unimed,Dr. Leonardo Barros Pinto,5432/PB,Psiquiatria,50
226,115,9,9,2025-03-24 14:30:00,Transtorno de ansiedade e pânico,Realizada,Sala 210,272.0,Juliana Martins Machado,570.179.982-50,1960-07-01,Feminino,"Rua Bancários, 1720 - Jaguaribe, João Pessoa/PB",(83) 99179-8033,juliana.martins@email.com,SulAmérica,Dr. Leonardo Barros Pinto,5432/PB,Psiquiatria,50
577,115,9,9,2025-07-22 13:45:00,Avaliação de déficit de atenção,Realizada,Sala 210,272.0,Juliana Martins Machado,570.179.982-50,1960-07-01,Feminino,"Rua Bancários, 1720 - Jaguaribe, João Pessoa/PB",(83) 99179-8033,juliana.martins@email.com,SulAmérica,Dr. Leonardo Barros Pinto,5432/PB,Psiquiatria,50
1404,115,9,9,2026-05-18 16:15:00,Transtorno de ansiedade e pânico,Não Compareceu,Sala 210,272.0,Juliana Martins Machado,570.179.982-50,1960-07-01,Feminino,"Rua Bancários, 1720 - Jaguaribe, João Pessoa/PB",(83) 99179-8033,juliana.martins@email.com,SulAmérica,Dr. Leonardo Barros Pinto,5432/PB,Psiquiatria,50
1460,108,9,9,2026-06-06 13:00:00,Insônia persistente e estresse,Realizada,Sala 210,262.4,Fernanda Carvalho Ribeiro,394.714.419-55,2009-12-02,Feminino,"Rua das Flores, 1985 - Bessa, João Pessoa/PB",(83) 98212-9313,fernanda.carval@email.com,Amil,Dr. Leonardo Barros Pinto,5432/PB,Psiquiatria,50
520,62,9,9,2025-07-01 11:45:00,Insônia persistente e estresse,Realizada,Sala 210,288.0,Aline Silva Lopes,317.463.916-43,1996-03-16,Feminino,"Rua Esperança, 1141 - Jaguaribe, João Pessoa/PB",(83) 98697-5581,aline.silva.lop@email.com,Unimed,Dr. Leonardo Barros Pinto,5432/PB,Psiquiatria,50
1570,62,9,9,2026-07-13 12:30:00,Insônia persistente e estresse,Realizada,Sala 210,288.0,Aline Silva Lopes,317.463.916-43,1996-03-16,Feminino,"Rua Esperança, 1141 - Jaguaribe, João Pessoa/PB",(83) 98697-5581,aline.silva.lop@email.com,Unimed,Dr. Leonardo Barros Pinto,5432/PB,Psiquiatria,50
1135,54,9,9,2026-01-31 12:30:00,Avaliação de déficit de atenção,Realizada,Sala 210,320.0,Leonardo Vieira Vieira,538.238.987-69,1958-02-21,Masculino,"Rua Bancários, 1350 - Altiplano, João Pessoa/PB",(83) 98372-1823,leonardo.vieira@email.com,Particular,Dr. Leonardo Barros Pinto,5432/PB,Psiquiatria,50
68,52,9,9,2025-01-24 08:00:00,Acompanhamento de depressão maior,Não Compareceu,Sala 210,262.4,Bruno Gomes Moreira,865.852.659-87,2004-07-18,Masculino,"Rua das Flores, 1127 - Centro, João Pessoa/PB",(83) 99838-4613,bruno.gomes.mor@email.com,Amil,Dr. Leonardo Barros Pinto,5432/PB,Psiquiatria,50
187,52,9,9,2025-03-10 12:30:00,Avaliação de déficit de atenção,Realizada,Sala 210,262.4,Bruno Gomes Moreira,865.852.659-87,2004-07-18,Masculino,"Rua das Flores, 1127 - Centro, João Pessoa/PB",(83) 99838-4613,bruno.gomes.mor@email.com,Amil,Dr. Leonardo Barros Pinto,5432/PB,Psiquiatria,50
537,58,9,9,2025-07-08 10:15:00,Insônia persistente e estresse,Realizada,Sala 210,288.0,Thiago Vieira Dias,303.177.706-98,2003-07-23,Masculino,"Rua Esperança, 1245 - Tambaú, João Pessoa/PB",(83) 99701-4978,thiago.vieira.d@email.com,Unimed,Dr. Leonardo Barros Pinto,5432/PB,Psiquiatria,50
712,58,9,9,2025-09-09 09:15:00,Avaliação de déficit de atenção,Realizada,Sala 210,288.0,Thiago Vieira Dias,303.177.706-98,2003-07-23,Masculino,"Rua Esperança, 1245 - Tambaú, João Pessoa/PB",(83) 99701-4978,thiago.vieira.d@email.com,Unimed,Dr. Leonardo Barros Pinto,5432/PB,Psiquiatria,50
304,93,9,9,2025-04-19 10:30:00,Insônia persistente e estresse,Realizada,Sala 210,262.4,Camila Alves Rodrigues,379.950.268-42,2001-09-17,Feminino,"Rua Esperança, 1397 - Altiplano, João Pessoa/PB",(83) 99871-8894,camila.alves.ro@email.com,Amil,Dr. Leonardo Barros Pinto,5432/PB,Psiquiatria,50
910,93,9,9,2025-11-12 12:45:00,Acompanhamento de depressão maior,Realizada,Sala 210,262.4,Camila Alves Rodrigues,379.950.268-42,2001-09-17,Feminino,"Rua Esperança, 1397 - Altiplano, João Pessoa/PB",(83) 99871-8894,camila.alves.ro@email.com,Amil,Dr. Leonardo Barros Pinto,5432/PB,Psiquiatria,50
250,3,9,9,2025-04-01 15:00:00,Insônia persistente e estresse,Realizada,Sala 210,262.4,Lucas Pereira Ramos,703.384.928-10,2008-04-15,Masculino,"Rua dos Ipês, 1148 - Bancários, João Pessoa/PB",(83) 99554-3615,lucas.pereira.r@email.com,Amil,Dr. Leonardo Barros Pinto,5432/PB,Psiquiatria,50
764,3,9,9,2025-09-24 13:00:00,Avaliação de déficit de atenção,Realizada,Sala 210,262.4,Lucas Pereira Ramos,703.384.928-10,2008-04-15,Masculino,"Rua dos Ipês, 1148 - Bancários, João Pessoa/PB",(83) 99554-3615,lucas.pereira.r@email.com,Amil,Dr. Leonardo Barros Pinto,5432/PB,Psiquiatria,50
835,7,9,9,2025-10-16 09:00:00,Avaliação de déficit de atenção,Realizada,Sala 210,288.0,Gabriel Martins Ferreira,473.266.479-55,2013-11-27,Masculino,"Rua Epitácio Pessoa, 710 - Tambaú, João Pessoa/PB",(83) 98429-5374,gabriel.martins@email.com,Unimed,Dr. Leonardo Barros Pinto,5432/PB,Psiquiatria,50
1618,6,9,9,2026-07-27 14:15:00,Transtorno de ansiedade e pânico,Realizada,Sala 210,288.0,Juliana Barbosa Dias,146.777.333-47,1979-12-03,Feminino,"Rua Bancários, 1148 - Tambaú, João Pessoa/PB",(83) 98163-4814,juliana.barbosa@email.com,Unimed,Dr. Leonardo Barros Pinto,5432/PB,Psiquiatria,50
169,103,9,9,2025-03-03 10:30:00,Avaliação de déficit de atenção,Realizada,Sala 210,288.0,Eduarda Pereira Barbosa,987.774.633-48,1960-12-26,Feminino,"Rua Bancários, 1655 - Manaíra, João Pessoa/PB",(83) 98938-1510,eduarda.pereira@email.com,Unimed,Dr. Leonardo Barros Pinto,5432/PB,Psiquiatria,50
1595,103,9,9,2026-07-20 09:45:00,Insônia persistente e estresse,Realizada,Sala 210,288.0,Eduarda Pereira Barbosa,987.774.633-48,1960-12-26,Feminino,"Rua Bancários, 1655 - Manaíra, João Pessoa/PB",(83) 98938-1510,eduarda.pereira@email.com,Unimed,Dr. Leonardo Barros Pinto,5432/PB,Psiquiatria,50
1001,42,9,9,2025-12-17 11:15:00,Avaliação de déficit de atenção,Realizada,Sala 210,281.6,Leonardo Mendes Vieira,825.546.101-76,1979-05-02,Masculino,"Rua dos Ipês, 1776 - Bessa, João Pessoa/PB",(83) 99895-9821,leonardo.mendes@email.com,Bradesco Saúde,Dr. Leonardo Barros Pinto,5432/PB,Psiquiatria,50
1582,42,9,9,2026-07-16 16:15:00,Avaliação de déficit de atenção,Realizada,Sala 210,281.6,Leonardo Mendes Vieira,825.546.101-76,1979-05-02,Masculino,"Rua dos Ipês, 1776 - Bessa, João Pessoa/PB",(83) 99895-9821,leonardo.mendes@email.com,Bradesco Saúde,Dr. Leonardo Barros Pinto,5432/PB,Psiquiatria,50
344,43,9,9,2025-05-02 17:45:00,Acompanhamento de depressão maior,Realizada,Sala 210,288.0,Felipe Barbosa Costa,619.416.782-62,1970-12-10,Masculino,"Rua Epitácio Pessoa, 531 - Altiplano, João Pessoa/PB",(83) 98668-7592,felipe.barbosa.@email.com,Unimed,Dr. Leonardo Barros Pinto,5432/PB,Psiquiatria,50
1384,85,9,9,2026-05-12 16:45:00,Insônia persistente e estresse,Realizada,Sala 210,288.0,Isabela Nascimento Martins,790.979.646-58,1965-06-28,Feminino,"Rua Epitácio Pessoa, 157 - Centro, João Pessoa/PB",(83) 99954-6188,isabela.nascime@email.com,Unimed,Dr. Leonardo Barros Pinto,5432/PB,Psiquiatria,50
78,44,9,9,2025-01-27 13:30:00,Insônia persistente e estresse,Realizada,Sala 210,320.0,Rodrigo Dias Martins,408.515.661-10,1977-10-19,Masculino,"Rua Bancários, 2385 - Bessa, João Pessoa/PB",(83) 98622-5700,rodrigo.dias.ma@email.com,Particular,Dr. Leonardo Barros Pinto,5432/PB,Psiquiatria,50
178,29,9,9,2025-03-06 12:15:00,Avaliação de déficit de atenção,Realizada,Sala 210,272.0,Vinicius Albuquerque Luz,182.971.290-18,1975-01-17,Masculino,"Rua Bancários, 501 - Bessa, João Pessoa/PB",(83) 99218-2113,vinicius.albuqu@email.com,SulAmérica,Dr. Leonardo Barros Pinto,5432/PB,Psiquiatria,50
379,119,9,9,2025-05-15 09:30:00,Acompanhamento de depressão maior,Realizada,Sala 210,320.0,Helena Moreira Vieira,758.750.739-51,2012-11-19,Feminino,"Rua Bancários, 289 - Cabo Branco, João Pessoa/PB",(83) 99769-6179,helena.moreira.@email.com,Particular,Dr. Leonardo Barros Pinto,5432/PB,Psiquiatria,50
1158,14,9,9,2026-02-10 12:00:00,Avaliação de déficit de atenção,Realizada,Sala 210,288.0,Patrícia Cunha Freitas,839.996.836-43,1975-08-01,Feminino,"Rua Epitácio Pessoa, 445 - Cabo Branco, João Pessoa/PB",(83) 99990-9201,patrícia.cunha.@email.com,Unimed,Dr. Leonardo Barros Pinto,5432/PB,Psiquiatria,50
1540,71,9,9,2026-07-02 11:15:00,Insônia persistente e estresse,Realizada,Sala 210,262.4,André Ferreira Fernandes,518.561.805-86,1964-03-01,Masculino,"Rua das Flores, 1190 - Manaíra, João Pessoa/PB",(83) 98962-5771,andré.ferreira.@email.com,Amil,Dr. Leonardo Barros Pinto,5432/PB,Psiquiatria,50
418,113,9,9,2025-05-27 14:30:00,Transtorno de ansiedade e pânico,Realizada,Sala 210,320.0,Thiago Dias Dias,415.146.325-60,2017-09-22,Masculino,"Rua das Flores, 1244 - Manaíra, João Pessoa/PB",(83) 99227-1897,thiago.dias.dia@email.com,Particular,Dr. Leonardo Barros Pinto,5432/PB,Psiquiatria,50
922,113,9,9,2025-11-17 12:15:00,Transtorno de ansiedade e pânico,Realizada,Sala 210,320.0,Thiago Dias Dias,415.146.325-60,2017-09-22,Masculino,"Rua das Flores, 1244 - Manaíra, João Pessoa/PB",(83) 99227-1897,thiago.dias.dia@email.com,Particular,Dr. Leonardo Barros Pinto,5432/PB,Psiquiatria,50
495,25,9,9,2025-06-24 15:15:00,Acompanhamento de depressão maior,Realizada,Sala 210,281.6,Wagner Mendonça Filho,982.976.663-22,1964-08-26,Masculino,"Rua Principal, 978 - Manaíra, João Pessoa/PB",(83) 98103-9856,wagner.mendonça@email.com,Bradesco Saúde,Dr. Leonardo Barros Pinto,5432/PB,Psiquiatria,50
611,25,9,9,2025-08-02 14:30:00,Insônia persistente e estresse,Realizada,Sala 210,281.6,Wagner Mendonça Filho,982.976.663-22,1964-08-26,Masculino,"Rua Principal, 978 - Manaíra, João Pessoa/PB",(83) 98103-9856,wagner.mendonça@email.com,Bradesco Saúde,Dr. Leonardo Barros Pinto,5432/PB,Psiquiatria,50
521,95,9,9,2025-07-01 11:15:00,Avaliação de déficit de atenção,Cancelada,Sala 210,262.4,Marcelo Ribeiro Dias,942.753.480-23,1988-10-13,Masculino,"Rua Principal, 2309 - Centro, João Pessoa/PB",(83) 99382-4830,marcelo.ribeiro@email.com,Amil,Dr. Leonardo Barros Pinto,5432/PB,Psiquiatria,50
527,95,9,9,2025-07-03 11:15:00,Acompanhamento de depressão maior,Realizada,Sala 210,262.4,Marcelo Ribeiro Dias,942.753.480-23,1988-10-13,Masculino,"Rua Principal, 2309 - Centro, João Pessoa/PB",(83) 99382-4830,marcelo.ribeiro@email.com,Amil,Dr. Leonardo Barros Pinto,5432/PB,Psiquiatria,50
704,95,9,9,2025-09-05 16:30:00,Acompanhamento de depressão maior,Realizada,Sala 210,262.4,Marcelo Ribeiro Dias,942.753.480-23,1988-10-13,Masculino,"Rua Principal, 2309 - Centro, João Pessoa/PB",(83) 99382-4830,marcelo.ribeiro@email.com,Amil,Dr. Leonardo Barros Pinto,5432/PB,Psiquiatria,50
1157,8,9,9,2026-02-10 12:00:00,Transtorno de ansiedade e pânico,Não Compareceu,Sala 210,320.0,Beatriz Nogueira Mendes,488.376.755-98,1986-03-15,Feminino,"Rua Principal, 948 - Mangabeira, João Pessoa/PB",(83) 99140-4598,beatriz.nogueir@email.com,Particular,Dr. Leonardo Barros Pinto,5432/PB,Psiquiatria,50
1636,89,9,9,2026-08-03 10:30:00,Insônia persistente e estresse,Realizada,Sala 210,320.0,Marcelo Mendes Gomes,453.701.406-91,1975-02-15,Masculino,"Rua Bancários, 1247 - Altiplano, João Pessoa/PB",(83) 99970-7951,marcelo.mendes.@email.com,Particular,Dr. Leonardo Barros Pinto,5432/PB,Psiquiatria,50
695,88,9,9,2025-09-02 10:45:00,Avaliação de déficit de atenção,Realizada,Sala 210,272.0,Carlos Oliveira Barbosa,346.609.697-28,2003-10-22,Masculino,"Rua Bancários, 1055 - Altiplano, João Pessoa/PB",(83) 98475-8555,carlos.oliveira@email.com,SulAmérica,Dr. Leonardo Barros Pinto,5432/PB,Psiquiatria,50
100,110,9,9,2025-02-04 15:00:00,Avaliação de déficit de atenção,Realizada,Sala 210,288.0,Carlos Lima Nascimento,106.285.990-28,1994-06-12,Masculino,"Rua das Flores, 135 - Tambaú, João Pessoa/PB",(83) 99159-7566,carlos.lima.nas@email.com,Unimed,Dr. Leonardo Barros Pinto,5432/PB,Psiquiatria,50
738,110,9,9,2025-09-16 17:15:00,Transtorno de ansiedade e pânico,Realizada,Sala 210,288.0,Carlos Lima Nascimento,106.285.990-28,1994-06-12,Masculino,"Rua das Flores, 135 - Tambaú, João Pessoa/PB",(83) 99159-7566,carlos.lima.nas@email.com,Unimed,Dr. Leonardo Barros Pinto,5432/PB,Psiquiatria,50
106,23,9,9,2025-02-06 14:15:00,Insônia persistente e estresse,Realizada,Sala 210,288.0,Henrique Fagundes Moura,846.155.789-93,2007-08-28,Masculino,"Rua Bancários, 1399 - Manaíra, João Pessoa/PB",(83) 99323-2612,henrique.fagund@email.com,Unimed,Dr. Leonardo Barros Pinto,5432/PB,Psiquiatria,50
166,23,9,9,2025-03-01 10:30:00,Avaliação de déficit de atenção,Realizada,Sala 210,288.0,Henrique Fagundes Moura,846.155.789-93,2007-08-28,Masculino,"Rua Bancários, 1399 - Manaíra, João Pessoa/PB",(83) 99323-2612,henrique.fagund@email.com,Unimed,Dr. Leonardo Barros Pinto,5432/PB,Psiquiatria,50
648,23,9,9,2025-08-15 08:45:00,Acompanhamento de depressão maior,Realizada,Sala 210,288.0,Henrique Fagundes Moura,846.155.789-93,2007-08-28,Masculino,"Rua Bancários, 1399 - Manaíra, João Pessoa/PB",(83) 99323-2612,henrique.fagund@email.com,Unimed,Dr. Leonardo Barros Pinto,5432/PB,Psiquiatria,50
614,59,9,9,2025-08-04 14:45:00,Insônia persistente e estresse,Realizada,Sala 210,288.0,Gustavo Nunes Santos,777.479.170-74,1999-09-14,Masculino,"Rua Bancários, 2017 - Manaíra, João Pessoa/PB",(83) 99326-6590,gustavo.nunes.s@email.com,Unimed,Dr. Leonardo Barros Pinto,5432/PB,Psiquiatria,50
208,82,9,9,2025-03-17 16:15:00,Acompanhamento de depressão maior,Realizada,Sala 210,272.0,Helena Vieira Dias,651.595.453-52,2017-03-15,Feminino,"Rua Bancários, 1328 - Bancários, João Pessoa/PB",(83) 99130-9903,helena.vieira.d@email.com,SulAmérica,Dr. Leonardo Barros Pinto,5432/PB,Psiquiatria,50
1370,82,9,9,2026-05-06 11:45:00,Transtorno de ansiedade e pânico,Cancelada,Sala 210,272.0,Helena Vieira Dias,651.595.453-52,2017-03-15,Feminino,"Rua Bancários, 1328 - Bancários, João Pessoa/PB",(83) 99130-9903,helena.vieira.d@email.com,SulAmérica,Dr. Leonardo Barros Pinto,5432/PB,Psiquiatria,50
1383,73,9,9,2026-05-11 17:45:00,Transtorno de ansiedade e pânico,Realizada,Sala 210,288.0,Gabriel Freitas Lima,269.911.414-86,1973-02-02,Masculino,"Rua Principal, 1929 - Centro, João Pessoa/PB",(83) 99533-5728,gabriel.freitas@email.com,Unimed,Dr. Leonardo Barros Pinto,5432/PB,Psiquiatria,50
1635,73,9,9,2026-08-03 16:00:00,Acompanhamento de depressão maior,Realizada,Sala 210,288.0,Gabriel Freitas Lima,269.911.414-86,1973-02-02,Masculino,"Rua Principal, 1929 - Centro, João Pessoa/PB",(83) 99533-5728,gabriel.freitas@email.com,Unimed,Dr. Leonardo Barros Pinto,5432/PB,Psiquiatria,50
1638,50,9,9,2026-08-04 14:45:00,Insônia persistente e estresse,Realizada,Sala 210,288.0,Débora Oliveira Nascimento,443.427.653-20,1991-04-09,Feminino,"Rua Bancários, 635 - Bessa, João Pessoa/PB",(83) 98283-3471,débora.oliveira@email.com,Unimed,Dr. Leonardo Barros Pinto,5432/PB,Psiquiatria,50
467,56,9,9,2025-06-16 16:30:00,Avaliação de déficit de atenção,Realizada,Sala 210,320.0,Lucas Moreira Rocha,304.959.120-89,1960-01-08,Masculino,"Rua Bancários, 478 - Cabo Branco, João Pessoa/PB",(83) 98312-4908,lucas.moreira.r@email.com,Particular,Dr. Leonardo Barros Pinto,5432/PB,Psiquiatria,50
246,35,9,9,2025-03-31 08:15:00,Avaliação de déficit de atenção,Realizada,Sala 210,256.0,Letícia Mendes Freitas,533.949.383-15,1961-02-21,Feminino,"Rua Esperança, 1082 - Cabo Branco, João Pessoa/PB",(83) 98007-6464,letícia.mendes.@email.com,Cassi,Dr. Leonardo Barros Pinto,5432/PB,Psiquiatria,50
1561,35,9,9,2026-07-09 16:00:00,Transtorno de ansiedade e pânico,Realizada,Sala 210,256.0,Letícia Mendes Freitas,533.949.383-15,1961-02-21,Feminino,"Rua Esperança, 1082 - Cabo Branco, João Pessoa/PB",(83) 98007-6464,letícia.mendes.@email.com,Cassi,Dr. Leonardo Barros Pinto,5432/PB,Psiquiatria,50
146,46,9,9,2025-02-21 09:30:00,Transtorno de ansiedade e pânico,Realizada,Sala 210,272.0,André Dias Gomes,125.147.350-70,1983-04-05,Masculino,"Rua Bancários, 2367 - Centro, João Pessoa/PB",(83) 99251-2193,andré.dias.gome@email.com,SulAmérica,Dr. Leonardo Barros Pinto,5432/PB,Psiquiatria,50
437,46,9,9,2025-06-04 16:00:00,Acompanhamento de depressão maior,Realizada,Sala 210,272.0,André Dias Gomes,125.147.350-70,1983-04-05,Masculino,"Rua Bancários, 2367 - Centro, João Pessoa/PB",(83) 99251-2193,andré.dias.gome@email.com,SulAmérica,Dr. Leonardo Barros Pinto,5432/PB,Psiquiatria,50
1267,46,9,9,2026-03-27 11:15:00,Transtorno de ansiedade e pânico,Realizada,Sala 210,272.0,André Dias Gomes,125.147.350-70,1983-04-05,Masculino,"Rua Bancários, 2367 - Centro, João Pessoa/PB",(83) 99251-2193,andré.dias.gome@email.com,SulAmérica,Dr. Leonardo Barros Pinto,5432/PB,Psiquiatria,50
1387,46,9,9,2026-05-12 16:00:00,Avaliação de déficit de atenção,Realizada,Sala 210,272.0,André Dias Gomes,125.147.350-70,1983-04-05,Masculino,"Rua Bancários, 2367 - Centro, João Pessoa/PB",(83) 99251-2193,andré.dias.gome@email.com,SulAmérica,Dr. Leonardo Barros Pinto,5432/PB,Psiquiatria,50
364,36,9,9,2025-05-12 12:15:00,Acompanhamento de depressão maior,Realizada,Sala 210,262.4,Marcelo Fernandes Nascimento,214.177.807-29,2009-09-01,Masculino,"Rua Epitácio Pessoa, 2273 - Mangabeira, João Pessoa/PB",(83) 99117-1590,marcelo.fernand@email.com,Amil,Dr. Leonardo Barros Pinto,5432/PB,Psiquiatria,50
1475,36,9,9,2026-06-12 13:00:00,Transtorno de ansiedade e pânico,Realizada,Sala 210,262.4,Marcelo Fernandes Nascimento,214.177.807-29,2009-09-01,Masculino,"Rua Epitácio Pessoa, 2273 - Mangabeira, João Pessoa/PB",(83) 99117-1590,marcelo.fernand@email.com,Amil,Dr. Leonardo Barros Pinto,5432/PB,Psiquiatria,50
1522,36,9,9,2026-06-26 08:45:00,Acompanhamento de depressão maior,Realizada,Sala 210,262.4,Marcelo Fernandes Nascimento,214.177.807-29,2009-09-01,Masculino,"Rua Epitácio Pessoa, 2273 - Mangabeira, João Pessoa/PB",(83) 99117-1590,marcelo.fernand@email.com,Amil,Dr. Leonardo Barros Pinto,5432/PB,Psiquiatria,50
633,13,9,9,2025-08-12 09:45:00,Acompanhamento de depressão maior,Realizada,Sala 210,262.4,Rodrigo Teixeira Santos,217.798.649-44,1956-11-24,Masculino,"Rua dos Ipês, 1790 - Tambaú, João Pessoa/PB",(83) 99574-6573,rodrigo.teixeir@email.com,Amil,Dr. Leonardo Barros Pinto,5432/PB,Psiquiatria,50
580,81,9,9,2025-07-22 10:45:00,Transtorno de ansiedade e pânico,Realizada,Sala 210,320.0,Larissa Freitas Barbosa,891.908.974-63,1972-02-09,Feminino,"Rua Principal, 1168 - Altiplano, João Pessoa/PB",(83) 98696-9318,larissa.freitas@email.com,Particular,Dr. Leonardo Barros Pinto,5432/PB,Psiquiatria,50
1020,55,9,9,2025-12-23 17:45:00,Avaliação de déficit de atenção,Realizada,Sala 210,272.0,Marcelo Costa Costa,951.531.358-20,2003-05-25,Masculino,"Rua Principal, 1443 - Torre, João Pessoa/PB",(83) 98963-1317,marcelo.costa.c@email.com,SulAmérica,Dr. Leonardo Barros Pinto,5432/PB,Psiquiatria,50
1099,55,9,9,2026-01-20 11:30:00,Transtorno de ansiedade e pânico,Realizada,Sala 210,272.0,Marcelo Costa Costa,951.531.358-20,2003-05-25,Masculino,"Rua Principal, 1443 - Torre, João Pessoa/PB",(83) 98963-1317,marcelo.costa.c@email.com,SulAmérica,Dr. Leonardo Barros Pinto,5432/PB,Psiquiatria,50
1433,55,9,9,2026-05-27 08:30:00,Insônia persistente e estresse,Realizada,Sala 210,272.0,Marcelo Costa Costa,951.531.358-20,2003-05-25,Masculino,"Rua Principal, 1443 - Torre, João Pessoa/PB",(83) 98963-1317,marcelo.costa.c@email.com,SulAmérica,Dr. Leonardo Barros Pinto,5432/PB,Psiquiatria,50
849,63,9,9,2025-10-21 17:45:00,Transtorno de ansiedade e pânico,Realizada,Sala 210,262.4,Fernando Alves Oliveira,600.668.876-40,1985-12-14,Masculino,"Rua Bancários, 80 - Centro, João Pessoa/PB",(83) 99414-8800,fernando.alves.@email.com,Amil,Dr. Leonardo Barros Pinto,5432/PB,Psiquiatria,50
590,27,9,9,2025-07-25 13:30:00,Acompanhamento de depressão maior,Realizada,Sala 210,288.0,Sérgio Ramos Peixoto,903.565.392-64,2004-05-26,Masculino,"Rua das Flores, 1225 - Cabo Branco, João Pessoa/PB",(83) 99426-8973,sérgio.ramos.pe@email.com,Unimed,Dr. Leonardo Barros Pinto,5432/PB,Psiquiatria,50
1403,27,9,9,2026-05-18 16:15:00,Transtorno de ansiedade e pânico,Não Compareceu,Sala 210,288.0,Sérgio Ramos Peixoto,903.565.392-64,2004-05-26,Masculino,"Rua das Flores, 1225 - Cabo Branco, João Pessoa/PB",(83) 99426-8973,sérgio.ramos.pe@email.com,Unimed,Dr. Leonardo Barros Pinto,5432/PB,Psiquiatria,50
956,22,9,9,2025-12-01 14:30:00,Avaliação de déficit de atenção,Realizada,Sala 210,288.0,Débora Silveira Campos,584.926.516-34,2015-04-26,Feminino,"Rua dos Ipês, 1744 - Bancários, João Pessoa/PB",(83) 98193-2588,débora.silveira@email.com,Unimed,Dr. Leonardo Barros Pinto,5432/PB,Psiquiatria,50
1317,22,9,9,2026-04-16 16:15:00,Acompanhamento de depressão maior,Realizada,Sala 210,288.0,Débora Silveira Campos,584.926.516-34,2015-04-26,Feminino,"Rua dos Ipês, 1744 - Bancários, João Pessoa/PB",(83) 98193-2588,débora.silveira@email.com,Unimed,Dr. Leonardo Barros Pinto,5432/PB,Psiquiatria,50
1262,105,9,9,2026-03-25 08:00:00,Transtorno de ansiedade e pânico,Realizada,Sala 210,320.0,Bruna Barbosa Soares,719.540.201-99,1992-08-17,Feminino,"Rua Bancários, 945 - Bancários, João Pessoa/PB",(83) 98234-4522,bruna.barbosa.s@email.com,Particular,Dr. Leonardo Barros Pinto,5432/PB,Psiquiatria,50
1333,105,9,9,2026-04-22 11:00:00,Transtorno de ansiedade e pânico,Realizada,Sala 210,320.0,Bruna Barbosa Soares,719.540.201-99,1992-08-17,Feminino,"Rua Bancários, 945 - Bancários, João Pessoa/PB",(83) 98234-4522,bruna.barbosa.s@email.com,Particular,Dr. Leonardo Barros Pinto,5432/PB,Psiquiatria,50
550,67,9,9,2025-07-11 14:00:00,Transtorno de ansiedade e pânico,Realizada,Sala 210,288.0,Thiago Silva Nascimento,155.666.399-99,1971-05-02,Masculino,"Rua Principal, 60 - Centro, João Pessoa/PB",(83) 99933-3068,thiago.silva.na@email.com,Unimed,Dr. Leonardo Barros Pinto,5432/PB,Psiquiatria,50
1399,67,9,9,2026-05-16 17:45:00,Avaliação de déficit de atenção,Realizada,Sala 210,288.0,Thiago Silva Nascimento,155.666.399-99,1971-05-02,Masculino,"Rua Principal, 60 - Centro, João Pessoa/PB",(83) 99933-3068,thiago.silva.na@email.com,Unimed,Dr. Leonardo Barros Pinto,5432/PB,Psiquiatria,50
1066,90,9,9,2026-01-08 14:00:00,Transtorno de ansiedade e pânico,Realizada,Sala 210,281.6,Leonardo Machado Lopes,685.467.688-47,1968-04-13,Masculino,"Rua Esperança, 1631 - Manaíra, João Pessoa/PB",(83) 99432-5837,leonardo.machad@email.com,Bradesco Saúde,Dr. Leonardo Barros Pinto,5432/PB,Psiquiatria,50
483,96,9,9,2025-06-20 16:00:00,Acompanhamento de depressão maior,Realizada,Sala 210,281.6,Isabela Pereira Rocha,575.817.409-93,1963-11-27,Feminino,"Rua Principal, 162 - Cabo Branco, João Pessoa/PB",(83) 98836-2911,isabela.pereira@email.com,Bradesco Saúde,Dr. Leonardo Barros Pinto,5432/PB,Psiquiatria,50
1529,96,9,9,2026-06-29 13:30:00,Acompanhamento de depressão maior,Realizada,Sala 210,281.6,Isabela Pereira Rocha,575.817.409-93,1963-11-27,Feminino,"Rua Principal, 162 - Cabo Branco, João Pessoa/PB",(83) 98836-2911,isabela.pereira@email.com,Bradesco Saúde,Dr. Leonardo Barros Pinto,5432/PB,Psiquiatria,50
617,60,9,9,2025-08-06 09:00:00,Transtorno de ansiedade e pânico,Realizada,Sala 210,288.0,Rodrigo Ribeiro Rocha,545.280.851-76,2013-12-05,Masculino,"Rua Epitácio Pessoa, 1990 - Jaguaribe, João Pessoa/PB",(83) 99977-5425,rodrigo.ribeiro@email.com,Unimed,Dr. Leonardo Barros Pinto,5432/PB,Psiquiatria,50
1543,60,9,9,2026-07-02 09:30:00,Insônia persistente e estresse,Realizada,Sala 210,288.0,Rodrigo Ribeiro Rocha,545.280.851-76,2013-12-05,Masculino,"Rua Epitácio Pessoa, 1990 - Jaguaribe, João Pessoa/PB",(83) 99977-5425,rodrigo.ribeiro@email.com,Unimed,Dr. Leonardo Barros Pinto,5432/PB,Psiquiatria,50
867,92,9,9,2025-10-27 09:00:00,Avaliação de déficit de atenção,Realizada,Sala 210,262.4,Beatriz Rocha Souza,551.134.693-56,1960-05-26,Feminino,"Rua dos Ipês, 1348 - Tambaú, João Pessoa/PB",(83) 99499-3153,beatriz.rocha.s@email.com,Amil,Dr. Leonardo Barros Pinto,5432/PB,Psiquiatria,50
1547,92,9,9,2026-07-03 15:45:00,Transtorno de ansiedade e pânico,Realizada,Sala 210,262.4,Beatriz Rocha Souza,551.134.693-56,1960-05-26,Feminino,"Rua dos Ipês, 1348 - Tambaú, João Pessoa/PB",(83) 99499-3153,beatriz.rocha.s@email.com,Amil,Dr. Leonardo Barros Pinto,5432/PB,Psiquiatria,50
413,26,9,9,2025-05-26 16:45:00,Transtorno de ansiedade e pânico,Realizada,Sala 210,262.4,Renata Vasconcelos Paiva,592.318.985-61,1976-07-16,Feminino,"Rua Bancários, 18 - Cabo Branco, João Pessoa/PB",(83) 99848-1960,renata.vasconce@email.com,Amil,Dr. Leonardo Barros Pinto,5432/PB,Psiquiatria,50
1510,26,9,9,2026-06-23 17:45:00,Avaliação de déficit de atenção,Realizada,Sala 210,262.4,Renata Vasconcelos Paiva,592.318.985-61,1976-07-16,Feminino,"Rua Bancários, 18 - Cabo Branco, João Pessoa/PB",(83) 99848-1960,renata.vasconce@email.com,Amil,Dr. Leonardo Barros Pinto,5432/PB,Psiquiatria,50
1070,16,9,9,2026-01-09 13:45:00,Avaliação de déficit de atenção,Realizada,Sala 210,288.0,Aline Meireles Pontes,214.471.999-49,1996-08-01,Feminino,"Rua Epitácio Pessoa, 332 - Bessa, João Pessoa/PB",(83) 98490-1949,aline.meireles.@email.com,Unimed,Dr. Leonardo Barros Pinto,5432/PB,Psiquiatria,50
1090,16,9,9,2026-01-16 09:45:00,Transtorno de ansiedade e pânico,Cancelada,Sala 210,288.0,Aline Meireles Pontes,214.471.999-49,1996-08-01,Feminino,"Rua Epitácio Pessoa, 332 - Bessa, João Pessoa/PB",(83) 98490-1949,aline.meireles.@email.com,Unimed,Dr. Leonardo Barros Pinto,5432/PB,Psiquiatria,50
1497,61,9,9,2026-06-18 14:15:00,Avaliação de déficit de atenção,Realizada,Sala 210,281.6,Carolina Marques Andrade,351.950.188-45,1989-06-28,Feminino,"Rua Bancários, 2344 - Bessa, João Pessoa/PB",(83) 99805-8385,carolina.marque@email.com,Bradesco Saúde,Dr. Leonardo Barros Pinto,5432/PB,Psiquiatria,50
870,116,9,9,2025-10-29 17:15:00,Avaliação de déficit de atenção,Realizada,Sala 210,320.0,Fernanda Martins Silva,732.571.951-98,1996-03-26,Feminino,"Rua Bancários, 443 - Tambaú, João Pessoa/PB",(83) 99883-6928,fernanda.martin@email.com,Particular,Dr. Leonardo Barros Pinto,5432/PB,Psiquiatria,50
717,38,9,9,2025-09-10 15:00:00,Acompanhamento de depressão maior,Realizada,Sala 210,288.0,Isabela Andrade Rodrigues,930.281.522-13,1985-03-26,Feminino,"Rua Esperança, 1026 - Bancários, João Pessoa/PB",(83) 98367-6442,isabela.andrade@email.com,Unimed,Dr. Leonardo Barros Pinto,5432/PB,Psiquiatria,50
1447,38,9,9,2026-06-02 11:30:00,Acompanhamento de depressão maior,Realizada,Sala 210,288.0,Isabela Andrade Rodrigues,930.281.522-13,1985-03-26,Feminino,"Rua Esperança, 1026 - Bancários, João Pessoa/PB",(83) 98367-6442,isabela.andrade@email.com,Unimed,Dr. Leonardo Barros Pinto,5432/PB,Psiquiatria,50
1557,112,9,9,2026-07-07 15:15:00,Avaliação de déficit de atenção,Realizada,Sala 210,288.0,Lucas Lima Almeida,552.524.379-37,2009-08-20,Masculino,"Rua dos Ipês, 1770 - Tambaú, João Pessoa/PB",(83) 99546-9394,lucas.lima.alme@email.com,Unimed,Dr. Leonardo Barros Pinto,5432/PB,Psiquiatria,50
651,64,9,9,2025-08-16 15:00:00,Transtorno de ansiedade e pânico,Não Compareceu,Sala 210,281.6,Thiago Pereira Martins,695.477.584-80,1986-05-22,Masculino,"Rua Esperança, 2264 - Bancários, João Pessoa/PB",(83) 99087-6632,thiago.pereira.@email.com,Bradesco Saúde,Dr. Leonardo Barros Pinto,5432/PB,Psiquiatria,50
718,64,9,9,2025-09-10 15:15:00,Transtorno de ansiedade e pânico,Não Compareceu,Sala 210,281.6,Thiago Pereira Martins,695.477.584-80,1986-05-22,Masculino,"Rua Esperança, 2264 - Bancários, João Pessoa/PB",(83) 99087-6632,thiago.pereira.@email.com,Bradesco Saúde,Dr. Leonardo Barros Pinto,5432/PB,Psiquiatria,50
1169,64,9,9,2026-02-13 16:15:00,Avaliação de déficit de atenção,Realizada,Sala 210,281.6,Thiago Pereira Martins,695.477.584-80,1986-05-22,Masculino,"Rua Esperança, 2264 - Bancários, João Pessoa/PB",(83) 99087-6632,thiago.pereira.@email.com,Bradesco Saúde,Dr. Leonardo Barros Pinto,5432/PB,Psiquiatria,50
864,37,9,9,2025-10-27 10:00:00,Avaliação de déficit de atenção,Realizada,Sala 210,288.0,Rodrigo Rodrigues Santos,981.140.466-36,1994-06-26,Masculino,"Rua dos Ipês, 2303 - Tambaú, João Pessoa/PB",(83) 99396-5088,rodrigo.rodrigu@email.com,Unimed,Dr. Leonardo Barros Pinto,5432/PB,Psiquiatria,50
1152,10,7,7,2026-02-06 11:45:00,Ajuste de insulina,Realizada,Sala 205,254.2,Camila Farias Albuquerque,246.371.242-41,2005-11-15,Feminino,"Rua Esperança, 2404 - Altiplano, João Pessoa/PB",(83) 99525-9830,camila.farias.a@email.com,Amil,Dr. Gustavo Henrique Neves,8765/PB,Endocrinologia,40
1545,10,7,7,2026-07-03 12:00:00,Acompanhamento de diabetes tipo 2,Realizada,Sala 205,254.2,Camila Farias Albuquerque,246.371.242-41,2005-11-15,Feminino,"Rua Esperança, 2404 - Altiplano, João Pessoa/PB",(83) 99525-9830,camila.farias.a@email.com,Amil,Dr. Gustavo Henrique Neves,8765/PB,Endocrinologia,40
320,57,7,7,2025-04-25 09:30:00,Nódulos tireoidianos e TSH alterado,Realizada,Sala 205,279.0,Marcelo Nascimento Lima,721.865.835-24,2002-03-20,Masculino,"Rua Principal, 2380 - Altiplano, João Pessoa/PB",(83) 99592-3683,marcelo.nascime@email.com,Unimed,Dr. Gustavo Henrique Neves,8765/PB,Endocrinologia,40
551,57,7,7,2025-07-11 12:30:00,Ajuste de insulina,Realizada,Sala 205,279.0,Marcelo Nascimento Lima,721.865.835-24,2002-03-20,Masculino,"Rua Principal, 2380 - Altiplano, João Pessoa/PB",(83) 99592-3683,marcelo.nascime@email.com,Unimed,Dr. Gustavo Henrique Neves,8765/PB,Endocrinologia,40
1163,87,7,7,2026-02-11 10:30:00,Controle ponderal e metabolismo,Realizada,Sala 205,254.2,Pedro Costa Nunes,483.541.249-41,1962-05-12,Masculino,"Rua Esperança, 747 - Jaguaribe, João Pessoa/PB",(83) 99087-7751,pedro.costa.nun@email.com,Amil,Dr. Gustavo Henrique Neves,8765/PB,Endocrinologia,40
1139,72,7,7,2026-02-02 14:30:00,Acompanhamento de diabetes tipo 2,Realizada,Sala 205,279.0,Débora Oliveira Dias,910.740.703-94,1984-05-26,Feminino,"Rua Principal, 2240 - Bancários, João Pessoa/PB",(83) 99646-4241,débora.oliveira@email.com,Unimed,Dr. Gustavo Henrique Neves,8765/PB,Endocrinologia,40
1568,75,7,7,2026-07-11 09:45:00,Nódulos tireoidianos e TSH alterado,Realizada,Sala 205,254.2,Diego Vieira Santos,767.552.384-33,1977-08-17,Masculino,"Rua Principal, 1935 - Centro, João Pessoa/PB",(83) 99198-8141,diego.vieira.sa@email.com,Amil,Dr. Gustavo Henrique Neves,8765/PB,Endocrinologia,40
1378,83,7,7,2026-05-08 12:15:00,Controle ponderal e metabolismo,Não Compareceu,Sala 205,279.0,André Vieira Martins,425.862.584-58,1984-07-02,Masculino,"Rua Principal, 527 - Centro, João Pessoa/PB",(83) 98790-3492,andré.vieira.ma@email.com,Unimed,Dr. Gustavo Henrique Neves,8765/PB,Endocrinologia,40
1641,83,7,7,2026-08-04 14:15:00,Controle ponderal e metabolismo,Realizada,Sala 205,279.0,André Vieira Martins,425.862.584-58,1984-07-02,Masculino,"Rua Principal, 527 - Centro, João Pessoa/PB",(83) 98790-3492,andré.vieira.ma@email.com,Unimed,Dr. Gustavo Henrique Neves,8765/PB,Endocrinologia,40
145,24,7,7,2025-02-21 15:45:00,Acompanhamento de diabetes tipo 2,Cancelada,Sala 205,272.8,Isabela Duarte Correia,294.649.559-27,1968-04-07,Feminino,"Rua Bancários, 1033 - Altiplano, João Pessoa/PB",(83) 98864-4006,isabela.duarte.@email.com,Bradesco Saúde,Dr. Gustavo Henrique Neves,8765/PB,Endocrinologia,40
1167,24,7,7,2026-02-12 13:30:00,Ajuste de insulina,Realizada,Sala 205,272.8,Isabela Duarte Correia,294.649.559-27,1968-04-07,Feminino,"Rua Bancários, 1033 - Altiplano, João Pessoa/PB",(83) 98864-4006,isabela.duarte.@email.com,Bradesco Saúde,Dr. Gustavo Henrique Neves,8765/PB,Endocrinologia,40
1275,65,7,7,2026-03-31 16:30:00,Controle ponderal e metabolismo,Não Compareceu,Sala 205,279.0,Amanda Nascimento Almeida,336.223.838-34,1989-05-09,Feminino,"Rua Esperança, 768 - Torre, João Pessoa/PB",(83) 98646-2958,amanda.nascimen@email.com,Unimed,Dr. Gustavo Henrique Neves,8765/PB,Endocrinologia,40
914,98,7,7,2025-11-13 16:00:00,Acompanhamento de diabetes tipo 2,Realizada,Sala 205,272.8,Fernanda Marques Lopes,806.479.322-66,2007-05-02,Feminino,"Rua Principal, 1514 - Mangabeira, João Pessoa/PB",(83) 98910-4868,fernanda.marque@email.com,Bradesco Saúde,Dr. Gustavo Henrique Neves,8765/PB,Endocrinologia,40
287,117,7,7,2025-04-14 15:30:00,Nódulos tireoidianos e TSH alterado,Realizada,Sala 205,254.2,Rodrigo Vieira Martins,417.863.447-38,1965-07-28,Masculino,"Rua Epitácio Pessoa, 477 - Tambaú, João Pessoa/PB",(83) 98682-3754,rodrigo.vieira.@email.com,Amil,Dr. Gustavo Henrique Neves,8765/PB,Endocrinologia,40
607,118,7,7,2025-08-01 13:00:00,Ajuste de insulina,Realizada,Sala 205,279.0,Bruno Ribeiro Andrade,249.362.302-32,1973-04-04,Masculino,"Rua das Flores, 2033 - Tambaú, João Pessoa/PB",(83) 99233-3504,bruno.ribeiro.a@email.com,Unimed,Dr. Gustavo Henrique Neves,8765/PB,Endocrinologia,40
1292,118,7,7,2026-04-07 09:30:00,Ajuste de insulina,Realizada,Sala 205,279.0,Bruno Ribeiro Andrade,249.362.302-32,1973-04-04,Masculino,"Rua das Flores, 2033 - Tambaú, João Pessoa/PB",(83) 99233-3504,bruno.ribeiro.a@email.com,Unimed,Dr. Gustavo Henrique Neves,8765/PB,Endocrinologia,40
1393,118,7,7,2026-05-14 14:30:00,Nódulos tireoidianos e TSH alterado,Cancelada,Sala 205,279.0,Bruno Ribeiro Andrade,249.362.302-32,1973-04-04,Masculino,"Rua das Flores, 2033 - Tambaú, João Pessoa/PB",(83) 99233-3504,bruno.ribeiro.a@email.com,Unimed,Dr. Gustavo Henrique Neves,8765/PB,Endocrinologia,40
1440,33,7,7,2026-05-29 12:30:00,Acompanhamento de diabetes tipo 2,Realizada,Sala 205,279.0,Bruno Gomes Ferreira,409.726.926-93,2011-09-23,Masculino,"Rua dos Ipês, 434 - Torre, João Pessoa/PB",(83) 99083-1128,bruno.gomes.fer@email.com,Unimed,Dr. Gustavo Henrique Neves,8765/PB,Endocrinologia,40
1512,33,7,7,2026-06-23 13:30:00,Acompanhamento de diabetes tipo 2,Realizada,Sala 205,279.0,Bruno Gomes Ferreira,409.726.926-93,2011-09-23,Masculino,"Rua dos Ipês, 434 - Torre, João Pessoa/PB",(83) 99083-1128,bruno.gomes.fer@email.com,Unimed,Dr. Gustavo Henrique Neves,8765/PB,Endocrinologia,40
1441,77,7,7,2026-05-29 08:30:00,Ajuste de insulina,Realizada,Sala 205,254.2,Felipe Lima Costa,626.944.101-94,1969-07-28,Masculino,"Rua Bancários, 232 - Centro, João Pessoa/PB",(83) 99780-9889,felipe.lima.cos@email.com,Amil,Dr. Gustavo Henrique Neves,8765/PB,Endocrinologia,40
640,79,7,7,2025-08-13 10:45:00,Ajuste de insulina,Cancelada,Sala 205,272.8,João Rocha Barbosa,418.664.114-80,1985-12-06,Masculino,"Rua Principal, 1900 - Bessa, João Pessoa/PB",(83) 98835-2527,joão.rocha.barb@email.com,Bradesco Saúde,Dr. Gustavo Henrique Neves,8765/PB,Endocrinologia,40
1698,79,7,7,2026-08-25 12:45:00,Controle ponderal e metabolismo,Realizada,Sala 205,272.8,João Rocha Barbosa,418.664.114-80,1985-12-06,Masculino,"Rua Principal, 1900 - Bessa, João Pessoa/PB",(83) 98835-2527,joão.rocha.barb@email.com,Bradesco Saúde,Dr. Gustavo Henrique Neves,8765/PB,Endocrinologia,40
568,68,7,7,2025-07-18 16:15:00,Acompanhamento de diabetes tipo 2,Realizada,Sala 205,254.2,Daniela Lopes Almeida,358.982.589-24,1998-03-02,Feminino,"Rua Bancários, 313 - Bancários, João Pessoa/PB",(83) 99683-2070,daniela.lopes.a@email.com,Amil,Dr. Gustavo Henrique Neves,8765/PB,Endocrinologia,40
847,107,7,7,2025-10-21 08:30:00,Ajuste de insulina,Não Compareceu,Sala 205,272.8,Lucas Marques Oliveira,862.856.481-26,1966-07-04,Masculino,"Rua Epitácio Pessoa, 2310 - Jaguaribe, João Pessoa/PB",(83) 99139-1982,lucas.marques.o@email.com,Bradesco Saúde,Dr. Gustavo Henrique Neves,8765/PB,Endocrinologia,40
1258,107,7,7,2026-03-24 12:30:00,Controle ponderal e metabolismo,Realizada,Sala 205,272.8,Lucas Marques Oliveira,862.856.481-26,1966-07-04,Masculino,"Rua Epitácio Pessoa, 2310 - Jaguaribe, João Pessoa/PB",(83) 99139-1982,lucas.marques.o@email.com,Bradesco Saúde,Dr. Gustavo Henrique Neves,8765/PB,Endocrinologia,40
1392,107,7,7,2026-05-14 08:15:00,Nódulos tireoidianos e TSH alterado,Realizada,Sala 205,272.8,Lucas Marques Oliveira,862.856.481-26,1966-07-04,Masculino,"Rua Epitácio Pessoa, 2310 - Jaguaribe, João Pessoa/PB",(83) 99139-1982,lucas.marques.o@email.com,Bradesco Saúde,Dr. Gustavo Henrique Neves,8765/PB,Endocrinologia,40
31,66,7,7,2025-01-10 16:45:00,Nódulos tireoidianos e TSH alterado,Realizada,Sala 205,272.8,Rafael Andrade Lopes,878.637.711-46,1990-12-19,Masculino,"Rua das Flores, 1488 - Altiplano, João Pessoa/PB",(83) 98205-4180,rafael.andrade.@email.com,Bradesco Saúde,Dr. Gustavo Henrique Neves,8765/PB,Endocrinologia,40
424,66,7,7,2025-05-29 13:00:00,Acompanhamento de diabetes tipo 2,Cancelada,Sala 205,272.8,Rafael Andrade Lopes,878.637.711-46,1990-12-19,Masculino,"Rua das Flores, 1488 - Altiplano, João Pessoa/PB",(83) 98205-4180,rafael.andrade.@email.com,Bradesco Saúde,Dr. Gustavo Henrique Neves,8765/PB,Endocrinologia,40
33,114,7,7,2025-01-13 15:45:00,Nódulos tireoidianos e TSH alterado,Realizada,Sala 205,254.2,Gabriel Moreira Lima,107.609.864-65,1992-06-04,Masculino,"Rua Epitácio Pessoa, 952 - Bancários, João Pessoa/PB",(83) 98359-3116,gabriel.moreira@email.com,Amil,Dr. Gustavo Henrique Neves,8765/PB,Endocrinologia,40
271,114,7,7,2025-04-09 13:15:00,Controle ponderal e metabolismo,Realizada,Sala 205,254.2,Gabriel Moreira Lima,107.609.864-65,1992-06-04,Masculino,"Rua Epitácio Pessoa, 952 - Bancários, João Pessoa/PB",(83) 98359-3116,gabriel.moreira@email.com,Amil,Dr. Gustavo Henrique Neves,8765/PB,Endocrinologia,40
1032,114,7,7,2025-12-27 17:30:00,Acompanhamento de diabetes tipo 2,Realizada,Sala 205,254.2,Gabriel Moreira Lima,107.609.864-65,1992-06-04,Masculino,"Rua Epitácio Pessoa, 952 - Bancários, João Pessoa/PB",(83) 98359-3116,gabriel.moreira@email.com,Amil,Dr. Gustavo Henrique Neves,8765/PB,Endocrinologia,40
1420,114,7,7,2026-05-22 08:30:00,Controle ponderal e metabolismo,Realizada,Sala 205,254.2,Gabriel Moreira Lima,107.609.864-65,1992-06-04,Masculino,"Rua Epitácio Pessoa, 952 - Bancários, João Pessoa/PB",(83) 98359-3116,gabriel.moreira@email.com,Amil,Dr. Gustavo Henrique Neves,8765/PB,Endocrinologia,40
92,106,7,7,2025-01-31 16:30:00,Acompanhamento de diabetes tipo 2,Não Compareceu,Sala 205,279.0,Aline Marques Almeida,197.420.537-50,2006-07-24,Feminino,"Rua das Flores, 1952 - Mangabeira, João Pessoa/PB",(83) 99362-5176,aline.marques.a@email.com,Unimed,Dr. Gustavo Henrique Neves,8765/PB,Endocrinologia,40
604,40,7,7,2025-07-30 09:00:00,Ajuste de insulina,Realizada,Sala 205,272.8,João Dias Alves,985.171.891-45,2006-06-09,Masculino,"Rua Esperança, 2206 - Bancários, João Pessoa/PB",(83) 98719-9346,joão.dias.alves@email.com,Bradesco Saúde,Dr. Gustavo Henrique Neves,8765/PB,Endocrinologia,40
981,40,7,7,2025-12-09 15:15:00,Controle ponderal e metabolismo,Realizada,Sala 205,272.8,João Dias Alves,985.171.891-45,2006-06-09,Masculino,"Rua Esperança, 2206 - Bancários, João Pessoa/PB",(83) 98719-9346,joão.dias.alves@email.com,Bradesco Saúde,Dr. Gustavo Henrique Neves,8765/PB,Endocrinologia,40
1225,40,7,7,2026-03-09 11:00:00,Ajuste de insulina,Realizada,Sala 205,272.8,João Dias Alves,985.171.891-45,2006-06-09,Masculino,"Rua Esperança, 2206 - Bancários, João Pessoa/PB",(83) 98719-9346,joão.dias.alves@email.com,Bradesco Saúde,Dr. Gustavo Henrique Neves,8765/PB,Endocrinologia,40
1122,86,7,7,2026-01-27 11:45:00,Acompanhamento de diabetes tipo 2,Realizada,Sala 205,279.0,André Rocha Dias,192.544.200-91,1991-04-24,Masculino,"Rua das Flores, 1236 - Centro, João Pessoa/PB",(83) 99441-2646,andré.rocha.dia@email.com,Unimed,Dr. Gustavo Henrique Neves,8765/PB,Endocrinologia,40
777,109,7,7,2025-09-27 12:30:00,Controle ponderal e metabolismo,Realizada,Sala 205,279.0,Mateus Ribeiro Machado,385.687.331-64,2002-02-25,Masculino,"Rua Esperança, 1105 - Jaguaribe, João Pessoa/PB",(83) 99730-1430,mateus.ribeiro.@email.com,Unimed,Dr. Gustavo Henrique Neves,8765/PB,Endocrinologia,40
40,47,7,7,2025-01-15 17:00:00,Ajuste de insulina,Realizada,Sala 205,279.0,Leonardo Lopes Martins,804.105.868-23,1986-03-21,Masculino,"Rua das Flores, 2131 - Bessa, João Pessoa/PB",(83) 99594-7965,leonardo.lopes.@email.com,Unimed,Dr. Gustavo Henrique Neves,8765/PB,Endocrinologia,40
395,47,7,7,2025-05-20 11:30:00,Acompanhamento de diabetes tipo 2,Cancelada,Sala 205,279.0,Leonardo Lopes Martins,804.105.868-23,1986-03-21,Masculino,"Rua das Flores, 2131 - Bessa, João Pessoa/PB",(83) 99594-7965,leonardo.lopes.@email.com,Unimed,Dr. Gustavo Henrique Neves,8765/PB,Endocrinologia,40
449,47,7,7,2025-06-09 12:45:00,Nódulos tireoidianos e TSH alterado,Cancelada,Sala 205,279.0,Leonardo Lopes Martins,804.105.868-23,1986-03-21,Masculino,"Rua das Flores, 2131 - Bessa, João Pessoa/PB",(83) 99594-7965,leonardo.lopes.@email.com,Unimed,Dr. Gustavo Henrique Neves,8765/PB,Endocrinologia,40
768,47,7,7,2025-09-25 11:45:00,Acompanhamento de diabetes tipo 2,Realizada,Sala 205,279.0,Leonardo Lopes Martins,804.105.868-23,1986-03-21,Masculino,"Rua das Flores, 2131 - Bessa, João Pessoa/PB",(83) 99594-7965,leonardo.lopes.@email.com,Unimed,Dr. Gustavo Henrique Neves,8765/PB,Endocrinologia,40
1018,32,7,7,2025-12-22 10:15:00,Ajuste de insulina,Realizada,Sala 205,279.0,Daniela Coutinho Lins,202.175.650-37,2013-10-19,Feminino,"Rua dos Ipês, 291 - Cabo Branco, João Pessoa/PB",(83) 99036-5345,daniela.coutinh@email.com,Unimed,Dr. Gustavo Henrique Neves,8765/PB,Endocrinologia,40
1303,18,7,7,2026-04-10 16:15:00,Acompanhamento de diabetes tipo 2,Realizada,Sala 205,272.8,Clarice Lispector Cunha,993.721.533-37,1976-05-17,Feminino,"Rua Esperança, 1286 - Bessa, João Pessoa/PB",(83) 99902-9835,clarice.lispect@email.com,Bradesco Saúde,Dr. Gustavo Henrique Neves,8765/PB,Endocrinologia,40
1642,18,7,7,2026-08-05 09:15:00,Nódulos tireoidianos e TSH alterado,Realizada,Sala 205,272.8,Clarice Lispector Cunha,993.721.533-37,1976-05-17,Feminino,"Rua Esperança, 1286 - Bessa, João Pessoa/PB",(83) 99902-9835,clarice.lispect@email.com,Bradesco Saúde,Dr. Gustavo Henrique Neves,8765/PB,Endocrinologia,40
983,9,7,7,2025-12-10 17:15:00,Ajuste de insulina,Realizada,Sala 205,263.5,Thiago Rocha Cavalcanti,374.167.316-82,1959-06-13,Masculino,"Rua Esperança, 2054 - Bessa, João Pessoa/PB",(83) 99794-6155,thiago.rocha.ca@email.com,SulAmérica,Dr. Gustavo Henrique Neves,8765/PB,Endocrinologia,40
759,76,7,7,2025-09-23 17:30:00,Controle ponderal e metabolismo,Realizada,Sala 205,254.2,Carolina Costa Costa,521.810.607-46,1968-03-11,Feminino,"Rua Principal, 1872 - Torre, João Pessoa/PB",(83) 99356-7561,carolina.costa.@email.com,Amil,Dr. Gustavo Henrique Neves,8765/PB,Endocrinologia,40
1248,76,7,7,2026-03-20 12:30:00,Acompanhamento de diabetes tipo 2,Realizada,Sala 205,254.2,Carolina Costa Costa,521.810.607-46,1968-03-11,Feminino,"Rua Principal, 1872 - Torre, João Pessoa/PB",(83) 99356-7561,carolina.costa.@email.com,Amil,Dr. Gustavo Henrique Neves,8765/PB,Endocrinologia,40
81,115,7,7,2025-01-28 13:15:00,Controle ponderal e metabolismo,Realizada,Sala 205,263.5,Juliana Martins Machado,570.179.982-50,1960-07-01,Feminino,"Rua Bancários, 1720 - Jaguaribe, João Pessoa/PB",(83) 99179-8033,juliana.martins@email.com,SulAmérica,Dr. Gustavo Henrique Neves,8765/PB,Endocrinologia,40
274,108,7,7,2025-04-09 16:45:00,Ajuste de insulina,Realizada,Sala 205,254.2,Fernanda Carvalho Ribeiro,394.714.419-55,2009-12-02,Feminino,"Rua das Flores, 1985 - Bessa, João Pessoa/PB",(83) 98212-9313,fernanda.carval@email.com,Amil,Dr. Gustavo Henrique Neves,8765/PB,Endocrinologia,40
1520,108,7,7,2026-06-25 09:15:00,Controle ponderal e metabolismo,Realizada,Sala 205,254.2,Fernanda Carvalho Ribeiro,394.714.419-55,2009-12-02,Feminino,"Rua das Flores, 1985 - Bessa, João Pessoa/PB",(83) 98212-9313,fernanda.carval@email.com,Amil,Dr. Gustavo Henrique Neves,8765/PB,Endocrinologia,40
1491,54,7,7,2026-06-17 12:45:00,Nódulos tireoidianos e TSH alterado,Realizada,Sala 205,310.0,Leonardo Vieira Vieira,538.238.987-69,1958-02-21,Masculino,"Rua Bancários, 1350 - Altiplano, João Pessoa/PB",(83) 98372-1823,leonardo.vieira@email.com,Particular,Dr. Gustavo Henrique Neves,8765/PB,Endocrinologia,40
105,58,7,7,2025-02-05 14:00:00,Nódulos tireoidianos e TSH alterado,Realizada,Sala 205,279.0,Thiago Vieira Dias,303.177.706-98,2003-07-23,Masculino,"Rua Esperança, 1245 - Tambaú, João Pessoa/PB",(83) 99701-4978,thiago.vieira.d@email.com,Unimed,Dr. Gustavo Henrique Neves,8765/PB,Endocrinologia,40
1388,58,7,7,2026-05-12 11:15:00,Nódulos tireoidianos e TSH alterado,Realizada,Sala 205,279.0,Thiago Vieira Dias,303.177.706-98,2003-07-23,Masculino,"Rua Esperança, 1245 - Tambaú, João Pessoa/PB",(83) 99701-4978,thiago.vieira.d@email.com,Unimed,Dr. Gustavo Henrique Neves,8765/PB,Endocrinologia,40
1395,58,7,7,2026-05-15 15:45:00,Ajuste de insulina,Realizada,Sala 205,279.0,Thiago Vieira Dias,303.177.706-98,2003-07-23,Masculino,"Rua Esperança, 1245 - Tambaú, João Pessoa/PB",(83) 99701-4978,thiago.vieira.d@email.com,Unimed,Dr. Gustavo Henrique Neves,8765/PB,Endocrinologia,40
1633,58,7,7,2026-08-01 16:00:00,Nódulos tireoidianos e TSH alterado,Realizada,Sala 205,279.0,Thiago Vieira Dias,303.177.706-98,2003-07-23,Masculino,"Rua Esperança, 1245 - Tambaú, João Pessoa/PB",(83) 99701-4978,thiago.vieira.d@email.com,Unimed,Dr. Gustavo Henrique Neves,8765/PB,Endocrinologia,40
998,7,7,7,2025-12-15 11:15:00,Nódulos tireoidianos e TSH alterado,Realizada,Sala 205,279.0,Gabriel Martins Ferreira,473.266.479-55,2013-11-27,Masculino,"Rua Epitácio Pessoa, 710 - Tambaú, João Pessoa/PB",(83) 98429-5374,gabriel.martins@email.com,Unimed,Dr. Gustavo Henrique Neves,8765/PB,Endocrinologia,40
1348,7,7,7,2026-04-27 14:15:00,Ajuste de insulina,Realizada,Sala 205,279.0,Gabriel Martins Ferreira,473.266.479-55,2013-11-27,Masculino,"Rua Epitácio Pessoa, 710 - Tambaú, João Pessoa/PB",(83) 98429-5374,gabriel.martins@email.com,Unimed,Dr. Gustavo Henrique Neves,8765/PB,Endocrinologia,40
65,6,7,7,2025-01-23 08:15:00,Controle ponderal e metabolismo,Realizada,Sala 205,279.0,Juliana Barbosa Dias,146.777.333-47,1979-12-03,Feminino,"Rua Bancários, 1148 - Tambaú, João Pessoa/PB",(83) 98163-4814,juliana.barbosa@email.com,Unimed,Dr. Gustavo Henrique Neves,8765/PB,Endocrinologia,40
1290,19,7,7,2026-04-06 11:15:00,Acompanhamento de diabetes tipo 2,Realizada,Sala 205,272.8,Otávio Mesquita Barros,482.548.629-67,2006-11-21,Masculino,"Rua Principal, 1394 - Bessa, João Pessoa/PB",(83) 98247-5061,otávio.mesquita@email.com,Bradesco Saúde,Dr. Gustavo Henrique Neves,8765/PB,Endocrinologia,40
430,100,7,7,2025-06-02 13:45:00,Nódulos tireoidianos e TSH alterado,Realizada,Sala 205,279.0,Gustavo Alves Oliveira,932.990.338-52,1981-10-07,Masculino,"Rua Principal, 1145 - Jaguaribe, João Pessoa/PB",(83) 99585-3417,gustavo.alves.o@email.com,Unimed,Dr. Gustavo Henrique Neves,8765/PB,Endocrinologia,40
1271,100,7,7,2026-03-30 11:00:00,Nódulos tireoidianos e TSH alterado,Realizada,Sala 205,279.0,Gustavo Alves Oliveira,932.990.338-52,1981-10-07,Masculino,"Rua Principal, 1145 - Jaguaribe, João Pessoa/PB",(83) 99585-3417,gustavo.alves.o@email.com,Unimed,Dr. Gustavo Henrique Neves,8765/PB,Endocrinologia,40
308,44,7,7,2025-04-21 17:45:00,Nódulos tireoidianos e TSH alterado,Cancelada,Sala 205,310.0,Rodrigo Dias Martins,408.515.661-10,1977-10-19,Masculino,"Rua Bancários, 2385 - Bessa, João Pessoa/PB",(83) 98622-5700,rodrigo.dias.ma@email.com,Particular,Dr. Gustavo Henrique Neves,8765/PB,Endocrinologia,40
1181,29,7,7,2026-02-19 10:00:00,Ajuste de insulina,Realizada,Sala 205,263.5,Vinicius Albuquerque Luz,182.971.290-18,1975-01-17,Masculino,"Rua Bancários, 501 - Bessa, João Pessoa/PB",(83) 99218-2113,vinicius.albuqu@email.com,SulAmérica,Dr. Gustavo Henrique Neves,8765/PB,Endocrinologia,40
1535,29,7,7,2026-07-01 15:45:00,Ajuste de insulina,Realizada,Sala 205,263.5,Vinicius Albuquerque Luz,182.971.290-18,1975-01-17,Masculino,"Rua Bancários, 501 - Bessa, João Pessoa/PB",(83) 99218-2113,vinicius.albuqu@email.com,SulAmérica,Dr. Gustavo Henrique Neves,8765/PB,Endocrinologia,40
815,119,7,7,2025-10-09 12:30:00,Controle ponderal e metabolismo,Realizada,Sala 205,310.0,Helena Moreira Vieira,758.750.739-51,2012-11-19,Feminino,"Rua Bancários, 289 - Cabo Branco, João Pessoa/PB",(83) 99769-6179,helena.moreira.@email.com,Particular,Dr. Gustavo Henrique Neves,8765/PB,Endocrinologia,40
314,14,7,7,2025-04-23 16:30:00,Acompanhamento de diabetes tipo 2,Cancelada,Sala 205,279.0,Patrícia Cunha Freitas,839.996.836-43,1975-08-01,Feminino,"Rua Epitácio Pessoa, 445 - Cabo Branco, João Pessoa/PB",(83) 99990-9201,patrícia.cunha.@email.com,Unimed,Dr. Gustavo Henrique Neves,8765/PB,Endocrinologia,40
351,14,7,7,2025-05-06 17:30:00,Ajuste de insulina,Realizada,Sala 205,279.0,Patrícia Cunha Freitas,839.996.836-43,1975-08-01,Feminino,"Rua Epitácio Pessoa, 445 - Cabo Branco, João Pessoa/PB",(83) 99990-9201,patrícia.cunha.@email.com,Unimed,Dr. Gustavo Henrique Neves,8765/PB,Endocrinologia,40
130,71,7,7,2025-02-13 08:00:00,Controle ponderal e metabolismo,Realizada,Sala 205,254.2,André Ferreira Fernandes,518.561.805-86,1964-03-01,Masculino,"Rua das Flores, 1190 - Manaíra, João Pessoa/PB",(83) 98962-5771,andré.ferreira.@email.com,Amil,Dr. Gustavo Henrique Neves,8765/PB,Endocrinologia,40
350,71,7,7,2025-05-05 17:45:00,Nódulos tireoidianos e TSH alterado,Realizada,Sala 205,254.2,André Ferreira Fernandes,518.561.805-86,1964-03-01,Masculino,"Rua das Flores, 1190 - Manaíra, João Pessoa/PB",(83) 98962-5771,andré.ferreira.@email.com,Amil,Dr. Gustavo Henrique Neves,8765/PB,Endocrinologia,40
519,71,7,7,2025-07-01 12:00:00,Ajuste de insulina,Realizada,Sala 205,254.2,André Ferreira Fernandes,518.561.805-86,1964-03-01,Masculino,"Rua das Flores, 1190 - Manaíra, João Pessoa/PB",(83) 98962-5771,andré.ferreira.@email.com,Amil,Dr. Gustavo Henrique Neves,8765/PB,Endocrinologia,40
745,71,7,7,2025-09-18 12:45:00,Acompanhamento de diabetes tipo 2,Realizada,Sala 205,254.2,André Ferreira Fernandes,518.561.805-86,1964-03-01,Masculino,"Rua das Flores, 1190 - Manaíra, João Pessoa/PB",(83) 98962-5771,andré.ferreira.@email.com,Amil,Dr. Gustavo Henrique Neves,8765/PB,Endocrinologia,40
261,113,7,7,2025-04-05 13:45:00,Ajuste de insulina,Cancelada,Sala 205,310.0,Thiago Dias Dias,415.146.325-60,2017-09-22,Masculino,"Rua das Flores, 1244 - Manaíra, João Pessoa/PB",(83) 99227-1897,thiago.dias.dia@email.com,Particular,Dr. Gustavo Henrique Neves,8765/PB,Endocrinologia,40
535,113,7,7,2025-07-07 08:30:00,Controle ponderal e metabolismo,Realizada,Sala 205,310.0,Thiago Dias Dias,415.146.325-60,2017-09-22,Masculino,"Rua das Flores, 1244 - Manaíra, João Pessoa/PB",(83) 99227-1897,thiago.dias.dia@email.com,Particular,Dr. Gustavo Henrique Neves,8765/PB,Endocrinologia,40
1031,113,7,7,2025-12-26 10:45:00,Controle ponderal e metabolismo,Realizada,Sala 205,310.0,Thiago Dias Dias,415.146.325-60,2017-09-22,Masculino,"Rua das Flores, 1244 - Manaíra, João Pessoa/PB",(83) 99227-1897,thiago.dias.dia@email.com,Particular,Dr. Gustavo Henrique Neves,8765/PB,Endocrinologia,40
176,25,7,7,2025-03-05 16:45:00,Ajuste de insulina,Realizada,Sala 205,272.8,Wagner Mendonça Filho,982.976.663-22,1964-08-26,Masculino,"Rua Principal, 978 - Manaíra, João Pessoa/PB",(83) 98103-9856,wagner.mendonça@email.com,Bradesco Saúde,Dr. Gustavo Henrique Neves,8765/PB,Endocrinologia,40
1026,25,7,7,2025-12-25 12:30:00,Ajuste de insulina,Realizada,Sala 205,272.8,Wagner Mendonça Filho,982.976.663-22,1964-08-26,Masculino,"Rua Principal, 978 - Manaíra, João Pessoa/PB",(83) 98103-9856,wagner.mendonça@email.com,Bradesco Saúde,Dr. Gustavo Henrique Neves,8765/PB,Endocrinologia,40
1277,25,7,7,2026-03-31 10:30:00,Ajuste de insulina,Realizada,Sala 205,272.8,Wagner Mendonça Filho,982.976.663-22,1964-08-26,Masculino,"Rua Principal, 978 - Manaíra, João Pessoa/PB",(83) 98103-9856,wagner.mendonça@email.com,Bradesco Saúde,Dr. Gustavo Henrique Neves,8765/PB,Endocrinologia,40
1009,95,7,7,2025-12-18 11:00:00,Controle ponderal e metabolismo,Não Compareceu,Sala 205,254.2,Marcelo Ribeiro Dias,942.753.480-23,1988-10-13,Masculino,"Rua Principal, 2309 - Centro, João Pessoa/PB",(83) 99382-4830,marcelo.ribeiro@email.com,Amil,Dr. Gustavo Henrique Neves,8765/PB,Endocrinologia,40
1659,95,7,7,2026-08-10 13:15:00,Acompanhamento de diabetes tipo 2,Realizada,Sala 205,254.2,Marcelo Ribeiro Dias,942.753.480-23,1988-10-13,Masculino,"Rua Principal, 2309 - Centro, João Pessoa/PB",(83) 99382-4830,marcelo.ribeiro@email.com,Amil,Dr. Gustavo Henrique Neves,8765/PB,Endocrinologia,40
1580,8,7,7,2026-07-15 13:15:00,Controle ponderal e metabolismo,Realizada,Sala 205,310.0,Beatriz Nogueira Mendes,488.376.755-98,1986-03-15,Feminino,"Rua Principal, 948 - Mangabeira, João Pessoa/PB",(83) 99140-4598,beatriz.nogueir@email.com,Particular,Dr. Gustavo Henrique Neves,8765/PB,Endocrinologia,40
421,88,7,7,2025-05-29 11:45:00,Ajuste de insulina,Realizada,Sala 205,263.5,Carlos Oliveira Barbosa,346.609.697-28,2003-10-22,Masculino,"Rua Bancários, 1055 - Altiplano, João Pessoa/PB",(83) 98475-8555,carlos.oliveira@email.com,SulAmérica,Dr. Gustavo Henrique Neves,8765/PB,Endocrinologia,40
1237,88,7,7,2026-03-16 14:30:00,Ajuste de insulina,Realizada,Sala 205,263.5,Carlos Oliveira Barbosa,346.609.697-28,2003-10-22,Masculino,"Rua Bancários, 1055 - Altiplano, João Pessoa/PB",(83) 98475-8555,carlos.oliveira@email.com,SulAmérica,Dr. Gustavo Henrique Neves,8765/PB,Endocrinologia,40
280,15,7,7,2025-04-11 10:15:00,Acompanhamento de diabetes tipo 2,Realizada,Sala 205,279.0,Bruno Cardoso Tavares,723.303.256-57,1993-11-17,Masculino,"Rua Epitácio Pessoa, 12 - Torre, João Pessoa/PB",(83) 99561-3646,bruno.cardoso.t@email.com,Unimed,Dr. Gustavo Henrique Neves,8765/PB,Endocrinologia,40
334,15,7,7,2025-04-30 15:00:00,Controle ponderal e metabolismo,Não Compareceu,Sala 205,279.0,Bruno Cardoso Tavares,723.303.256-57,1993-11-17,Masculino,"Rua Epitácio Pessoa, 12 - Torre, João Pessoa/PB",(83) 99561-3646,bruno.cardoso.t@email.com,Unimed,Dr. Gustavo Henrique Neves,8765/PB,Endocrinologia,40
744,15,7,7,2025-09-18 12:45:00,Controle ponderal e metabolismo,Realizada,Sala 205,279.0,Bruno Cardoso Tavares,723.303.256-57,1993-11-17,Masculino,"Rua Epitácio Pessoa, 12 - Torre, João Pessoa/PB",(83) 99561-3646,bruno.cardoso.t@email.com,Unimed,Dr. Gustavo Henrique Neves,8765/PB,Endocrinologia,40
1055,110,7,7,2026-01-05 11:15:00,Controle ponderal e metabolismo,Realizada,Sala 205,279.0,Carlos Lima Nascimento,106.285.990-28,1994-06-12,Masculino,"Rua das Flores, 135 - Tambaú, João Pessoa/PB",(83) 99159-7566,carlos.lima.nas@email.com,Unimed,Dr. Gustavo Henrique Neves,8765/PB,Endocrinologia,40
674,23,7,7,2025-08-26 13:15:00,Nódulos tireoidianos e TSH alterado,Realizada,Sala 205,279.0,Henrique Fagundes Moura,846.155.789-93,2007-08-28,Masculino,"Rua Bancários, 1399 - Manaíra, João Pessoa/PB",(83) 99323-2612,henrique.fagund@email.com,Unimed,Dr. Gustavo Henrique Neves,8765/PB,Endocrinologia,40
321,39,7,7,2025-04-25 09:30:00,Nódulos tireoidianos e TSH alterado,Realizada,Sala 205,263.5,Camila Nunes Nascimento,139.979.581-38,1968-07-28,Feminino,"Rua dos Ipês, 942 - Mangabeira, João Pessoa/PB",(83) 98408-8541,camila.nunes.na@email.com,SulAmérica,Dr. Gustavo Henrique Neves,8765/PB,Endocrinologia,40
458,74,7,7,2025-06-12 09:00:00,Nódulos tireoidianos e TSH alterado,Cancelada,Sala 205,254.2,Bruna Lima Soares,712.140.542-51,2018-08-03,Feminino,"Rua Principal, 947 - Manaíra, João Pessoa/PB",(83) 99236-5102,bruna.lima.soar@email.com,Amil,Dr. Gustavo Henrique Neves,8765/PB,Endocrinologia,40
1166,74,7,7,2026-02-12 12:15:00,Nódulos tireoidianos e TSH alterado,Não Compareceu,Sala 205,254.2,Bruna Lima Soares,712.140.542-51,2018-08-03,Feminino,"Rua Principal, 947 - Manaíra, João Pessoa/PB",(83) 99236-5102,bruna.lima.soar@email.com,Amil,Dr. Gustavo Henrique Neves,8765/PB,Endocrinologia,40
1125,49,7,7,2026-01-28 16:30:00,Nódulos tireoidianos e TSH alterado,Realizada,Sala 205,272.8,Gabriela Almeida Mendes,586.560.365-41,1975-12-28,Feminino,"Rua Bancários, 989 - Torre, João Pessoa/PB",(83) 99720-5543,gabriela.almeid@email.com,Bradesco Saúde,Dr. Gustavo Henrique Neves,8765/PB,Endocrinologia,40
1017,11,7,7,2025-12-22 15:30:00,Nódulos tireoidianos e TSH alterado,Cancelada,Sala 205,279.0,Antônio Moreira Guimarães,470.324.241-75,2009-10-13,Masculino,"Rua Principal, 636 - Manaíra, João Pessoa/PB",(83) 99010-2489,antônio.moreira@email.com,Unimed,Dr. Gustavo Henrique Neves,8765/PB,Endocrinologia,40
1039,11,7,7,2025-12-29 09:30:00,Acompanhamento de diabetes tipo 2,Não Compareceu,Sala 205,279.0,Antônio Moreira Guimarães,470.324.241-75,2009-10-13,Masculino,"Rua Principal, 636 - Manaíra, João Pessoa/PB",(83) 99010-2489,antônio.moreira@email.com,Unimed,Dr. Gustavo Henrique Neves,8765/PB,Endocrinologia,40
311,82,7,7,2025-04-23 14:45:00,Ajuste de insulina,Realizada,Sala 205,263.5,Helena Vieira Dias,651.595.453-52,2017-03-15,Feminino,"Rua Bancários, 1328 - Bancários, João Pessoa/PB",(83) 99130-9903,helena.vieira.d@email.com,SulAmérica,Dr. Gustavo Henrique Neves,8765/PB,Endocrinologia,40
1176,73,7,7,2026-02-17 10:15:00,Nódulos tireoidianos e TSH alterado,Realizada,Sala 205,279.0,Gabriel Freitas Lima,269.911.414-86,1973-02-02,Masculino,"Rua Principal, 1929 - Centro, João Pessoa/PB",(83) 99533-5728,gabriel.freitas@email.com,Unimed,Dr. Gustavo Henrique Neves,8765/PB,Endocrinologia,40
831,12,7,7,2025-10-16 13:15:00,Ajuste de insulina,Realizada,Sala 205,248.0,Larissa Vasconcelos Brito,710.165.494-58,1975-11-14,Feminino,"Rua dos Ipês, 2276 - Torre, João Pessoa/PB",(83) 99220-8668,larissa.vasconc@email.com,Cassi,Dr. Gustavo Henrique Neves,8765/PB,Endocrinologia,40
151,1,7,7,2025-02-24 13:45:00,Controle ponderal e metabolismo,Realizada,Sala 205,272.8,Carlos Eduardo Silva,381.350.328-27,1969-01-24,Masculino,"Rua Principal, 2428 - Torre, João Pessoa/PB",(83) 99508-2679,carlos.eduardo.@email.com,Bradesco Saúde,Dr. Gustavo Henrique Neves,8765/PB,Endocrinologia,40
223,1,7,7,2025-03-22 08:15:00,Acompanhamento de diabetes tipo 2,Realizada,Sala 205,272.8,Carlos Eduardo Silva,381.350.328-27,1969-01-24,Masculino,"Rua Principal, 2428 - Torre, João Pessoa/PB",(83) 99508-2679,carlos.eduardo.@email.com,Bradesco Saúde,Dr. Gustavo Henrique Neves,8765/PB,Endocrinologia,40
268,1,7,7,2025-04-08 09:30:00,Ajuste de insulina,Realizada,Sala 205,272.8,Carlos Eduardo Silva,381.350.328-27,1969-01-24,Masculino,"Rua Principal, 2428 - Torre, João Pessoa/PB",(83) 99508-2679,carlos.eduardo.@email.com,Bradesco Saúde,Dr. Gustavo Henrique Neves,8765/PB,Endocrinologia,40
926,1,7,7,2025-11-19 11:30:00,Acompanhamento de diabetes tipo 2,Não Compareceu,Sala 205,272.8,Carlos Eduardo Silva,381.350.328-27,1969-01-24,Masculino,"Rua Principal, 2428 - Torre, João Pessoa/PB",(83) 99508-2679,carlos.eduardo.@email.com,Bradesco Saúde,Dr. Gustavo Henrique Neves,8765/PB,Endocrinologia,40
1609,1,7,7,2026-07-23 14:45:00,Acompanhamento de diabetes tipo 2,Realizada,Sala 205,272.8,Carlos Eduardo Silva,381.350.328-27,1969-01-24,Masculino,"Rua Principal, 2428 - Torre, João Pessoa/PB",(83) 99508-2679,carlos.eduardo.@email.com,Bradesco Saúde,Dr. Gustavo Henrique Neves,8765/PB,Endocrinologia,40
154,36,7,7,2025-02-25 13:00:00,Nódulos tireoidianos e TSH alterado,Realizada,Sala 205,254.2,Marcelo Fernandes Nascimento,214.177.807-29,2009-09-01,Masculino,"Rua Epitácio Pessoa, 2273 - Mangabeira, João Pessoa/PB",(83) 99117-1590,marcelo.fernand@email.com,Amil,Dr. Gustavo Henrique Neves,8765/PB,Endocrinologia,40
1092,13,7,7,2026-01-16 11:45:00,Acompanhamento de diabetes tipo 2,Realizada,Sala 205,254.2,Rodrigo Teixeira Santos,217.798.649-44,1956-11-24,Masculino,"Rua dos Ipês, 1790 - Tambaú, João Pessoa/PB",(83) 99574-6573,rodrigo.teixeir@email.com,Amil,Dr. Gustavo Henrique Neves,8765/PB,Endocrinologia,40
1682,13,7,7,2026-08-19 17:45:00,Ajuste de insulina,Realizada,Sala 205,254.2,Rodrigo Teixeira Santos,217.798.649-44,1956-11-24,Masculino,"Rua dos Ipês, 1790 - Tambaú, João Pessoa/PB",(83) 99574-6573,rodrigo.teixeir@email.com,Amil,Dr. Gustavo Henrique Neves,8765/PB,Endocrinologia,40
1519,55,7,7,2026-06-25 08:15:00,Controle ponderal e metabolismo,Realizada,Sala 205,263.5,Marcelo Costa Costa,951.531.358-20,2003-05-25,Masculino,"Rua Principal, 1443 - Torre, João Pessoa/PB",(83) 98963-1317,marcelo.costa.c@email.com,SulAmérica,Dr. Gustavo Henrique Neves,8765/PB,Endocrinologia,40
1188,41,7,7,2026-02-21 13:15:00,Acompanhamento de diabetes tipo 2,Realizada,Sala 205,279.0,Maria Souza Mendes,371.139.211-86,1988-03-19,Feminino,"Rua Bancários, 2493 - Mangabeira, João Pessoa/PB",(83) 98889-6663,maria.souza.men@email.com,Unimed,Dr. Gustavo Henrique Neves,8765/PB,Endocrinologia,40
480,105,7,7,2025-06-19 08:00:00,Nódulos tireoidianos e TSH alterado,Realizada,Sala 205,310.0,Bruna Barbosa Soares,719.540.201-99,1992-08-17,Feminino,"Rua Bancários, 945 - Bancários, João Pessoa/PB",(83) 98234-4522,bruna.barbosa.s@email.com,Particular,Dr. Gustavo Henrique Neves,8765/PB,Endocrinologia,40
1319,105,7,7,2026-04-16 10:00:00,Acompanhamento de diabetes tipo 2,Realizada,Sala 205,310.0,Bruna Barbosa Soares,719.540.201-99,1992-08-17,Feminino,"Rua Bancários, 945 - Bancários, João Pessoa/PB",(83) 98234-4522,bruna.barbosa.s@email.com,Particular,Dr. Gustavo Henrique Neves,8765/PB,Endocrinologia,40
1430,105,7,7,2026-05-26 14:15:00,Controle ponderal e metabolismo,Realizada,Sala 205,310.0,Bruna Barbosa Soares,719.540.201-99,1992-08-17,Feminino,"Rua Bancários, 945 - Bancários, João Pessoa/PB",(83) 98234-4522,bruna.barbosa.s@email.com,Particular,Dr. Gustavo Henrique Neves,8765/PB,Endocrinologia,40
1329,94,7,7,2026-04-21 14:00:00,Controle ponderal e metabolismo,Não Compareceu,Sala 205,263.5,Marcelo Oliveira Rodrigues,790.506.966-81,1983-11-24,Masculino,"Rua Principal, 1093 - Bancários, João Pessoa/PB",(83) 98749-2479,marcelo.oliveir@email.com,SulAmérica,Dr. Gustavo Henrique Neves,8765/PB,Endocrinologia,40
518,101,7,7,2025-07-01 10:15:00,Ajuste de insulina,Realizada,Sala 205,279.0,Gabriel Fernandes Lima,987.126.234-11,1977-02-22,Masculino,"Rua dos Ipês, 74 - Jaguaribe, João Pessoa/PB",(83) 98733-4898,gabriel.fernand@email.com,Unimed,Dr. Gustavo Henrique Neves,8765/PB,Endocrinologia,40
1089,101,7,7,2026-01-16 14:00:00,Nódulos tireoidianos e TSH alterado,Realizada,Sala 205,279.0,Gabriel Fernandes Lima,987.126.234-11,1977-02-22,Masculino,"Rua dos Ipês, 74 - Jaguaribe, João Pessoa/PB",(83) 98733-4898,gabriel.fernand@email.com,Unimed,Dr. Gustavo Henrique Neves,8765/PB,Endocrinologia,40
207,102,7,7,2025-03-15 16:30:00,Ajuste de insulina,Realizada,Sala 205,263.5,Diego Santos Rodrigues,863.165.587-67,2008-09-04,Masculino,"Rua Epitácio Pessoa, 456 - Torre, João Pessoa/PB",(83) 99593-6931,diego.santos.ro@email.com,SulAmérica,Dr. Gustavo Henrique Neves,8765/PB,Endocrinologia,40
1206,102,7,7,2026-03-02 15:15:00,Acompanhamento de diabetes tipo 2,Não Compareceu,Sala 205,263.5,Diego Santos Rodrigues,863.165.587-67,2008-09-04,Masculino,"Rua Epitácio Pessoa, 456 - Torre, João Pessoa/PB",(83) 99593-6931,diego.santos.ro@email.com,SulAmérica,Dr. Gustavo Henrique Neves,8765/PB,Endocrinologia,40
1174,90,7,7,2026-02-16 13:00:00,Acompanhamento de diabetes tipo 2,Realizada,Sala 205,272.8,Leonardo Machado Lopes,685.467.688-47,1968-04-13,Masculino,"Rua Esperança, 1631 - Manaíra, João Pessoa/PB",(83) 99432-5837,leonardo.machad@email.com,Bradesco Saúde,Dr. Gustavo Henrique Neves,8765/PB,Endocrinologia,40
531,30,7,7,2025-07-04 16:00:00,Ajuste de insulina,Realizada,Sala 205,279.0,Letícia Holanda Freire,140.734.183-63,1986-10-20,Feminino,"Rua dos Ipês, 846 - Mangabeira, João Pessoa/PB",(83) 99346-9565,letícia.holanda@email.com,Unimed,Dr. Gustavo Henrique Neves,8765/PB,Endocrinologia,40
610,92,7,7,2025-08-01 14:45:00,Nódulos tireoidianos e TSH alterado,Realizada,Sala 205,254.2,Beatriz Rocha Souza,551.134.693-56,1960-05-26,Feminino,"Rua dos Ipês, 1348 - Tambaú, João Pessoa/PB",(83) 99499-3153,beatriz.rocha.s@email.com,Amil,Dr. Gustavo Henrique Neves,8765/PB,Endocrinologia,40
711,92,7,7,2025-09-08 13:45:00,Controle ponderal e metabolismo,Realizada,Sala 205,254.2,Beatriz Rocha Souza,551.134.693-56,1960-05-26,Feminino,"Rua dos Ipês, 1348 - Tambaú, João Pessoa/PB",(83) 99499-3153,beatriz.rocha.s@email.com,Amil,Dr. Gustavo Henrique Neves,8765/PB,Endocrinologia,40
877,92,7,7,2025-10-30 16:15:00,Nódulos tireoidianos e TSH alterado,Cancelada,Sala 205,254.2,Beatriz Rocha Souza,551.134.693-56,1960-05-26,Feminino,"Rua dos Ipês, 1348 - Tambaú, João Pessoa/PB",(83) 99499-3153,beatriz.rocha.s@email.com,Amil,Dr. Gustavo Henrique Neves,8765/PB,Endocrinologia,40
236,26,7,7,2025-03-27 13:00:00,Controle ponderal e metabolismo,Realizada,Sala 205,254.2,Renata Vasconcelos Paiva,592.318.985-61,1976-07-16,Feminino,"Rua Bancários, 18 - Cabo Branco, João Pessoa/PB",(83) 99848-1960,renata.vasconce@email.com,Amil,Dr. Gustavo Henrique Neves,8765/PB,Endocrinologia,40
293,4,7,7,2025-04-15 08:15:00,Nódulos tireoidianos e TSH alterado,Realizada,Sala 205,263.5,Fernanda Costa Oliveira,444.204.194-58,1974-04-25,Feminino,"Rua Epitácio Pessoa, 1093 - Mangabeira, João Pessoa/PB",(83) 98198-6881,fernanda.costa.@email.com,SulAmérica,Dr. Gustavo Henrique Neves,8765/PB,Endocrinologia,40
357,4,7,7,2025-05-08 10:00:00,Nódulos tireoidianos e TSH alterado,Realizada,Sala 205,263.5,Fernanda Costa Oliveira,444.204.194-58,1974-04-25,Feminino,"Rua Epitácio Pessoa, 1093 - Mangabeira, João Pessoa/PB",(83) 98198-6881,fernanda.costa.@email.com,SulAmérica,Dr. Gustavo Henrique Neves,8765/PB,Endocrinologia,40
1177,61,7,7,2026-02-17 13:45:00,Acompanhamento de diabetes tipo 2,Realizada,Sala 205,272.8,Carolina Marques Andrade,351.950.188-45,1989-06-28,Feminino,"Rua Bancários, 2344 - Bessa, João Pessoa/PB",(83) 99805-8385,carolina.marque@email.com,Bradesco Saúde,Dr. Gustavo Henrique Neves,8765/PB,Endocrinologia,40
765,116,7,7,2025-09-24 12:00:00,Acompanhamento de diabetes tipo 2,Realizada,Sala 205,310.0,Fernanda Martins Silva,732.571.951-98,1996-03-26,Feminino,"Rua Bancários, 443 - Tambaú, João Pessoa/PB",(83) 99883-6928,fernanda.martin@email.com,Particular,Dr. Gustavo Henrique Neves,8765/PB,Endocrinologia,40
891,116,7,7,2025-11-05 13:00:00,Ajuste de insulina,Realizada,Sala 205,310.0,Fernanda Martins Silva,732.571.951-98,1996-03-26,Feminino,"Rua Bancários, 443 - Tambaú, João Pessoa/PB",(83) 99883-6928,fernanda.martin@email.com,Particular,Dr. Gustavo Henrique Neves,8765/PB,Endocrinologia,40
1356,116,7,7,2026-04-30 17:45:00,Nódulos tireoidianos e TSH alterado,Realizada,Sala 205,310.0,Fernanda Martins Silva,732.571.951-98,1996-03-26,Feminino,"Rua Bancários, 443 - Tambaú, João Pessoa/PB",(83) 99883-6928,fernanda.martin@email.com,Particular,Dr. Gustavo Henrique Neves,8765/PB,Endocrinologia,40
606,38,7,7,2025-07-31 17:45:00,Controle ponderal e metabolismo,Realizada,Sala 205,279.0,Isabela Andrade Rodrigues,930.281.522-13,1985-03-26,Feminino,"Rua Esperança, 1026 - Bancários, João Pessoa/PB",(83) 98367-6442,isabela.andrade@email.com,Unimed,Dr. Gustavo Henrique Neves,8765/PB,Endocrinologia,40
368,69,7,7,2025-05-12 09:30:00,Nódulos tireoidianos e TSH alterado,Realizada,Sala 205,279.0,Gabriel Rodrigues Nunes,221.671.882-63,1993-02-08,Masculino,"Rua Bancários, 1855 - Torre, João Pessoa/PB",(83) 99241-4697,gabriel.rodrigu@email.com,Unimed,Dr. Gustavo Henrique Neves,8765/PB,Endocrinologia,40
980,69,7,7,2025-12-09 15:00:00,Nódulos tireoidianos e TSH alterado,Realizada,Sala 205,279.0,Gabriel Rodrigues Nunes,221.671.882-63,1993-02-08,Masculino,"Rua Bancários, 1855 - Torre, João Pessoa/PB",(83) 99241-4697,gabriel.rodrigu@email.com,Unimed,Dr. Gustavo Henrique Neves,8765/PB,Endocrinologia,40
1509,69,7,7,2026-06-23 09:15:00,Controle ponderal e metabolismo,Não Compareceu,Sala 205,279.0,Gabriel Rodrigues Nunes,221.671.882-63,1993-02-08,Masculino,"Rua Bancários, 1855 - Torre, João Pessoa/PB",(83) 99241-4697,gabriel.rodrigu@email.com,Unimed,Dr. Gustavo Henrique Neves,8765/PB,Endocrinologia,40
715,97,7,7,2025-09-09 09:00:00,Controle ponderal e metabolismo,Realizada,Sala 205,272.8,Daniela Souza Souza,497.564.479-95,1985-09-05,Feminino,"Rua Epitácio Pessoa, 642 - Bancários, João Pessoa/PB",(83) 99944-9850,daniela.souza.s@email.com,Bradesco Saúde,Dr. Gustavo Henrique Neves,8765/PB,Endocrinologia,40
734,97,7,7,2025-09-15 08:15:00,Acompanhamento de diabetes tipo 2,Cancelada,Sala 205,272.8,Daniela Souza Souza,497.564.479-95,1985-09-05,Feminino,"Rua Epitácio Pessoa, 642 - Bancários, João Pessoa/PB",(83) 99944-9850,daniela.souza.s@email.com,Bradesco Saúde,Dr. Gustavo Henrique Neves,8765/PB,Endocrinologia,40
1065,97,7,7,2026-01-08 14:00:00,Controle ponderal e metabolismo,Realizada,Sala 205,272.8,Daniela Souza Souza,497.564.479-95,1985-09-05,Feminino,"Rua Epitácio Pessoa, 642 - Bancários, João Pessoa/PB",(83) 99944-9850,daniela.souza.s@email.com,Bradesco Saúde,Dr. Gustavo Henrique Neves,8765/PB,Endocrinologia,40
1095,97,7,7,2026-01-17 10:30:00,Ajuste de insulina,Realizada,Sala 205,272.8,Daniela Souza Souza,497.564.479-95,1985-09-05,Feminino,"Rua Epitácio Pessoa, 642 - Bancários, João Pessoa/PB",(83) 99944-9850,daniela.souza.s@email.com,Bradesco Saúde,Dr. Gustavo Henrique Neves,8765/PB,Endocrinologia,40
1308,97,7,7,2026-04-13 10:45:00,Ajuste de insulina,Realizada,Sala 205,272.8,Daniela Souza Souza,497.564.479-95,1985-09-05,Feminino,"Rua Epitácio Pessoa, 642 - Bancários, João Pessoa/PB",(83) 99944-9850,daniela.souza.s@email.com,Bradesco Saúde,Dr. Gustavo Henrique Neves,8765/PB,Endocrinologia,40
1196,10,3,3,2026-02-25 15:30:00,Tendinite de ombro,Realizada,Sala 105,229.6,Camila Farias Albuquerque,246.371.242-41,2005-11-15,Feminino,"Rua Esperança, 2404 - Altiplano, João Pessoa/PB",(83) 99525-9830,camila.farias.a@email.com,Amil,Dr. Renato Gomes Peixoto,7456/PB,Ortopedia,30
1597,10,3,3,2026-07-20 17:30:00,Entorse de tornozelo,Realizada,Sala 105,229.6,Camila Farias Albuquerque,246.371.242-41,2005-11-15,Feminino,"Rua Esperança, 2404 - Altiplano, João Pessoa/PB",(83) 99525-9830,camila.farias.a@email.com,Amil,Dr. Renato Gomes Peixoto,7456/PB,Ortopedia,30
265,84,3,3,2025-04-07 17:45:00,Dor no joelho pós-atividade,Cancelada,Sala 105,252.0,Fernanda Machado Machado,567.115.839-28,2011-02-17,Feminino,"Rua Bancários, 1095 - Tambaú, João Pessoa/PB",(83) 98839-3529,fernanda.machad@email.com,Unimed,Dr. Renato Gomes Peixoto,7456/PB,Ortopedia,30
1067,84,3,3,2026-01-08 17:15:00,Entorse de tornozelo,Realizada,Sala 105,252.0,Fernanda Machado Machado,567.115.839-28,2011-02-17,Feminino,"Rua Bancários, 1095 - Tambaú, João Pessoa/PB",(83) 98839-3529,fernanda.machad@email.com,Unimed,Dr. Renato Gomes Peixoto,7456/PB,Ortopedia,30
1080,84,3,3,2026-01-12 09:30:00,Dor no joelho pós-atividade,Realizada,Sala 105,252.0,Fernanda Machado Machado,567.115.839-28,2011-02-17,Feminino,"Rua Bancários, 1095 - Tambaú, João Pessoa/PB",(83) 98839-3529,fernanda.machad@email.com,Unimed,Dr. Renato Gomes Peixoto,7456/PB,Ortopedia,30
353,104,3,3,2025-05-06 10:45:00,Tendinite de ombro,Realizada,Sala 105,246.4,Fernanda Lopes Nascimento,429.722.251-18,2011-02-03,Feminino,"Rua Esperança, 2407 - Jaguaribe, João Pessoa/PB",(83) 98258-5505,fernanda.lopes.@email.com,Bradesco Saúde,Dr. Renato Gomes Peixoto,7456/PB,Ortopedia,30
1334,104,3,3,2026-04-22 08:30:00,Dor no joelho pós-atividade,Realizada,Sala 105,246.4,Fernanda Lopes Nascimento,429.722.251-18,2011-02-03,Feminino,"Rua Esperança, 2407 - Jaguaribe, João Pessoa/PB",(83) 98258-5505,fernanda.lopes.@email.com,Bradesco Saúde,Dr. Renato Gomes Peixoto,7456/PB,Ortopedia,30
1352,57,3,3,2026-04-29 12:00:00,Lombalgia aguda,Realizada,Sala 105,252.0,Marcelo Nascimento Lima,721.865.835-24,2002-03-20,Masculino,"Rua Principal, 2380 - Altiplano, João Pessoa/PB",(83) 99592-3683,marcelo.nascime@email.com,Unimed,Dr. Renato Gomes Peixoto,7456/PB,Ortopedia,30
585,87,3,3,2025-07-23 11:00:00,Dor no joelho pós-atividade,Realizada,Sala 105,229.6,Pedro Costa Nunes,483.541.249-41,1962-05-12,Masculino,"Rua Esperança, 747 - Jaguaribe, João Pessoa/PB",(83) 99087-7751,pedro.costa.nun@email.com,Amil,Dr. Renato Gomes Peixoto,7456/PB,Ortopedia,30
857,87,3,3,2025-10-23 10:00:00,Tendinite de ombro,Realizada,Sala 105,229.6,Pedro Costa Nunes,483.541.249-41,1962-05-12,Masculino,"Rua Esperança, 747 - Jaguaribe, João Pessoa/PB",(83) 99087-7751,pedro.costa.nun@email.com,Amil,Dr. Renato Gomes Peixoto,7456/PB,Ortopedia,30
1069,87,3,3,2026-01-09 08:00:00,Entorse de tornozelo,Realizada,Sala 105,229.6,Pedro Costa Nunes,483.541.249-41,1962-05-12,Masculino,"Rua Esperança, 747 - Jaguaribe, João Pessoa/PB",(83) 99087-7751,pedro.costa.nun@email.com,Amil,Dr. Renato Gomes Peixoto,7456/PB,Ortopedia,30
1646,75,3,3,2026-08-06 15:30:00,Dor no joelho pós-atividade,Cancelada,Sala 105,229.6,Diego Vieira Santos,767.552.384-33,1977-08-17,Masculino,"Rua Principal, 1935 - Centro, João Pessoa/PB",(83) 99198-8141,diego.vieira.sa@email.com,Amil,Dr. Renato Gomes Peixoto,7456/PB,Ortopedia,30
992,91,3,3,2025-12-11 13:45:00,Dor no joelho pós-atividade,Realizada,Sala 105,252.0,Maria Vieira Machado,608.952.393-39,1961-10-24,Feminino,"Rua Esperança, 788 - Bessa, João Pessoa/PB",(83) 99243-6772,maria.vieira.ma@email.com,Unimed,Dr. Renato Gomes Peixoto,7456/PB,Ortopedia,30
295,83,3,3,2025-04-16 17:00:00,Tendinite de ombro,Cancelada,Sala 105,252.0,André Vieira Martins,425.862.584-58,1984-07-02,Masculino,"Rua Principal, 527 - Centro, João Pessoa/PB",(83) 98790-3492,andré.vieira.ma@email.com,Unimed,Dr. Renato Gomes Peixoto,7456/PB,Ortopedia,30
488,83,3,3,2025-06-21 16:00:00,Lombalgia aguda,Não Compareceu,Sala 105,252.0,André Vieira Martins,425.862.584-58,1984-07-02,Masculino,"Rua Principal, 527 - Centro, João Pessoa/PB",(83) 98790-3492,andré.vieira.ma@email.com,Unimed,Dr. Renato Gomes Peixoto,7456/PB,Ortopedia,30
93,24,3,3,2025-01-31 15:30:00,Dor no joelho pós-atividade,Realizada,Sala 105,246.4,Isabela Duarte Correia,294.649.559-27,1968-04-07,Feminino,"Rua Bancários, 1033 - Altiplano, João Pessoa/PB",(83) 98864-4006,isabela.duarte.@email.com,Bradesco Saúde,Dr. Renato Gomes Peixoto,7456/PB,Ortopedia,30
700,24,3,3,2025-09-04 10:15:00,Dor no joelho pós-atividade,Realizada,Sala 105,246.4,Isabela Duarte Correia,294.649.559-27,1968-04-07,Feminino,"Rua Bancários, 1033 - Altiplano, João Pessoa/PB",(83) 98864-4006,isabela.duarte.@email.com,Bradesco Saúde,Dr. Renato Gomes Peixoto,7456/PB,Ortopedia,30
12,21,3,3,2025-01-06 17:15:00,Dor no joelho pós-atividade,Realizada,Sala 105,238.0,Felipe Augusto Matos,343.385.785-72,1997-02-17,Masculino,"Rua Esperança, 2348 - Cabo Branco, João Pessoa/PB",(83) 98438-9834,felipe.augusto.@email.com,SulAmérica,Dr. Renato Gomes Peixoto,7456/PB,Ortopedia,30
397,21,3,3,2025-05-21 17:15:00,Entorse de tornozelo,Realizada,Sala 105,238.0,Felipe Augusto Matos,343.385.785-72,1997-02-17,Masculino,"Rua Esperança, 2348 - Cabo Branco, João Pessoa/PB",(83) 98438-9834,felipe.augusto.@email.com,SulAmérica,Dr. Renato Gomes Peixoto,7456/PB,Ortopedia,30
227,65,3,3,2025-03-24 14:00:00,Dor no joelho pós-atividade,Realizada,Sala 105,252.0,Amanda Nascimento Almeida,336.223.838-34,1989-05-09,Feminino,"Rua Esperança, 768 - Torre, João Pessoa/PB",(83) 98646-2958,amanda.nascimen@email.com,Unimed,Dr. Renato Gomes Peixoto,7456/PB,Ortopedia,30
1189,65,3,3,2026-02-23 08:45:00,Dor no joelho pós-atividade,Realizada,Sala 105,252.0,Amanda Nascimento Almeida,336.223.838-34,1989-05-09,Feminino,"Rua Esperança, 768 - Torre, João Pessoa/PB",(83) 98646-2958,amanda.nascimen@email.com,Unimed,Dr. Renato Gomes Peixoto,7456/PB,Ortopedia,30
1390,65,3,3,2026-05-13 17:45:00,Lombalgia aguda,Realizada,Sala 105,252.0,Amanda Nascimento Almeida,336.223.838-34,1989-05-09,Feminino,"Rua Esperança, 768 - Torre, João Pessoa/PB",(83) 98646-2958,amanda.nascimen@email.com,Unimed,Dr. Renato Gomes Peixoto,7456/PB,Ortopedia,30
17,98,3,3,2025-01-07 12:45:00,Lombalgia aguda,Realizada,Sala 105,246.4,Fernanda Marques Lopes,806.479.322-66,2007-05-02,Feminino,"Rua Principal, 1514 - Mangabeira, João Pessoa/PB",(83) 98910-4868,fernanda.marque@email.com,Bradesco Saúde,Dr. Renato Gomes Peixoto,7456/PB,Ortopedia,30
968,98,3,3,2025-12-04 14:15:00,Lombalgia aguda,Cancelada,Sala 105,246.4,Fernanda Marques Lopes,806.479.322-66,2007-05-02,Feminino,"Rua Principal, 1514 - Mangabeira, João Pessoa/PB",(83) 98910-4868,fernanda.marque@email.com,Bradesco Saúde,Dr. Renato Gomes Peixoto,7456/PB,Ortopedia,30
1180,120,3,3,2026-02-18 12:00:00,Lombalgia aguda,Realizada,Sala 105,246.4,Débora Rocha Gomes,460.619.175-49,1990-10-02,Feminino,"Rua Principal, 1520 - Manaíra, João Pessoa/PB",(83) 98945-8404,débora.rocha.go@email.com,Bradesco Saúde,Dr. Renato Gomes Peixoto,7456/PB,Ortopedia,30
539,118,3,3,2025-07-08 13:00:00,Dor no joelho pós-atividade,Realizada,Sala 105,252.0,Bruno Ribeiro Andrade,249.362.302-32,1973-04-04,Masculino,"Rua das Flores, 2033 - Tambaú, João Pessoa/PB",(83) 99233-3504,bruno.ribeiro.a@email.com,Unimed,Dr. Renato Gomes Peixoto,7456/PB,Ortopedia,30
411,77,3,3,2025-05-24 17:15:00,Tendinite de ombro,Realizada,Sala 105,229.6,Felipe Lima Costa,626.944.101-94,1969-07-28,Masculino,"Rua Bancários, 232 - Centro, João Pessoa/PB",(83) 99780-9889,felipe.lima.cos@email.com,Amil,Dr. Renato Gomes Peixoto,7456/PB,Ortopedia,30
664,77,3,3,2025-08-21 15:00:00,Tendinite de ombro,Realizada,Sala 105,229.6,Felipe Lima Costa,626.944.101-94,1969-07-28,Masculino,"Rua Bancários, 232 - Centro, João Pessoa/PB",(83) 99780-9889,felipe.lima.cos@email.com,Amil,Dr. Renato Gomes Peixoto,7456/PB,Ortopedia,30
1681,77,3,3,2026-08-18 10:00:00,Entorse de tornozelo,Realizada,Sala 105,229.6,Felipe Lima Costa,626.944.101-94,1969-07-28,Masculino,"Rua Bancários, 232 - Centro, João Pessoa/PB",(83) 99780-9889,felipe.lima.cos@email.com,Amil,Dr. Renato Gomes Peixoto,7456/PB,Ortopedia,30
132,68,3,3,2025-02-14 11:15:00,Tendinite de ombro,Realizada,Sala 105,229.6,Daniela Lopes Almeida,358.982.589-24,1998-03-02,Feminino,"Rua Bancários, 313 - Bancários, João Pessoa/PB",(83) 99683-2070,daniela.lopes.a@email.com,Amil,Dr. Renato Gomes Peixoto,7456/PB,Ortopedia,30
803,48,3,3,2025-10-06 17:00:00,Entorse de tornozelo,Não Compareceu,Sala 105,246.4,Ana Fernandes Pereira,920.575.783-77,1970-08-05,Feminino,"Rua Epitácio Pessoa, 2077 - Centro, João Pessoa/PB",(83) 99144-6198,ana.fernandes.p@email.com,Bradesco Saúde,Dr. Renato Gomes Peixoto,7456/PB,Ortopedia,30
971,48,3,3,2025-12-05 17:15:00,Dor no joelho pós-atividade,Realizada,Sala 105,246.4,Ana Fernandes Pereira,920.575.783-77,1970-08-05,Feminino,"Rua Epitácio Pessoa, 2077 - Centro, João Pessoa/PB",(83) 99144-6198,ana.fernandes.p@email.com,Bradesco Saúde,Dr. Renato Gomes Peixoto,7456/PB,Ortopedia,30
1250,48,3,3,2026-03-20 13:00:00,Dor no joelho pós-atividade,Não Compareceu,Sala 105,246.4,Ana Fernandes Pereira,920.575.783-77,1970-08-05,Feminino,"Rua Epitácio Pessoa, 2077 - Centro, João Pessoa/PB",(83) 99144-6198,ana.fernandes.p@email.com,Bradesco Saúde,Dr. Renato Gomes Peixoto,7456/PB,Ortopedia,30
1518,5,3,3,2026-06-25 17:00:00,Dor no joelho pós-atividade,Realizada,Sala 105,252.0,Roberto Alves Monteiro,649.227.487-20,1960-12-15,Masculino,"Rua dos Ipês, 2374 - Jaguaribe, João Pessoa/PB",(83) 99130-5803,roberto.alves.m@email.com,Unimed,Dr. Renato Gomes Peixoto,7456/PB,Ortopedia,30
1622,66,3,3,2026-07-29 10:15:00,Dor no joelho pós-atividade,Realizada,Sala 105,246.4,Rafael Andrade Lopes,878.637.711-46,1990-12-19,Masculino,"Rua das Flores, 1488 - Altiplano, João Pessoa/PB",(83) 98205-4180,rafael.andrade.@email.com,Bradesco Saúde,Dr. Renato Gomes Peixoto,7456/PB,Ortopedia,30
892,111,3,3,2025-11-05 08:30:00,Dor no joelho pós-atividade,Realizada,Sala 105,252.0,Fernando Alves Martins,261.478.419-51,2008-08-11,Masculino,"Rua das Flores, 654 - Manaíra, João Pessoa/PB",(83) 99590-2391,fernando.alves.@email.com,Unimed,Dr. Renato Gomes Peixoto,7456/PB,Ortopedia,30
1407,111,3,3,2026-05-19 12:00:00,Dor no joelho pós-atividade,Realizada,Sala 105,252.0,Fernando Alves Martins,261.478.419-51,2008-08-11,Masculino,"Rua das Flores, 654 - Manaíra, João Pessoa/PB",(83) 99590-2391,fernando.alves.@email.com,Unimed,Dr. Renato Gomes Peixoto,7456/PB,Ortopedia,30
35,106,3,3,2025-01-13 16:30:00,Dor no joelho pós-atividade,Realizada,Sala 105,252.0,Aline Marques Almeida,197.420.537-50,2006-07-24,Feminino,"Rua das Flores, 1952 - Mangabeira, João Pessoa/PB",(83) 99362-5176,aline.marques.a@email.com,Unimed,Dr. Renato Gomes Peixoto,7456/PB,Ortopedia,30
425,106,3,3,2025-05-30 15:45:00,Tendinite de ombro,Não Compareceu,Sala 105,252.0,Aline Marques Almeida,197.420.537-50,2006-07-24,Feminino,"Rua das Flores, 1952 - Mangabeira, João Pessoa/PB",(83) 99362-5176,aline.marques.a@email.com,Unimed,Dr. Renato Gomes Peixoto,7456/PB,Ortopedia,30
1151,40,3,3,2026-02-06 10:45:00,Lombalgia aguda,Realizada,Sala 105,246.4,João Dias Alves,985.171.891-45,2006-06-09,Masculino,"Rua Esperança, 2206 - Bancários, João Pessoa/PB",(83) 98719-9346,joão.dias.alves@email.com,Bradesco Saúde,Dr. Renato Gomes Peixoto,7456/PB,Ortopedia,30
303,109,3,3,2025-04-19 16:15:00,Entorse de tornozelo,Realizada,Sala 105,252.0,Mateus Ribeiro Machado,385.687.331-64,2002-02-25,Masculino,"Rua Esperança, 1105 - Jaguaribe, João Pessoa/PB",(83) 99730-1430,mateus.ribeiro.@email.com,Unimed,Dr. Renato Gomes Peixoto,7456/PB,Ortopedia,30
1172,109,3,3,2026-02-14 12:45:00,Entorse de tornozelo,Não Compareceu,Sala 105,252.0,Mateus Ribeiro Machado,385.687.331-64,2002-02-25,Masculino,"Rua Esperança, 1105 - Jaguaribe, João Pessoa/PB",(83) 99730-1430,mateus.ribeiro.@email.com,Unimed,Dr. Renato Gomes Peixoto,7456/PB,Ortopedia,30
448,47,3,3,2025-06-09 15:45:00,Tendinite de ombro,Cancelada,Sala 105,252.0,Leonardo Lopes Martins,804.105.868-23,1986-03-21,Masculino,"Rua das Flores, 2131 - Bessa, João Pessoa/PB",(83) 99594-7965,leonardo.lopes.@email.com,Unimed,Dr. Renato Gomes Peixoto,7456/PB,Ortopedia,30
1515,32,3,3,2026-06-24 09:00:00,Lombalgia aguda,Não Compareceu,Sala 105,252.0,Daniela Coutinho Lins,202.175.650-37,2013-10-19,Feminino,"Rua dos Ipês, 291 - Cabo Branco, João Pessoa/PB",(83) 99036-5345,daniela.coutinh@email.com,Unimed,Dr. Renato Gomes Peixoto,7456/PB,Ortopedia,30
818,34,3,3,2025-10-10 15:45:00,Entorse de tornozelo,Não Compareceu,Sala 105,280.0,Diego Souza Mendes,259.378.388-87,1968-12-18,Masculino,"Rua Esperança, 1091 - Bessa, João Pessoa/PB",(83) 98431-6617,diego.souza.men@email.com,Particular,Dr. Renato Gomes Peixoto,7456/PB,Ortopedia,30
1640,18,3,3,2026-08-04 15:15:00,Lombalgia aguda,Realizada,Sala 105,246.4,Clarice Lispector Cunha,993.721.533-37,1976-05-17,Feminino,"Rua Esperança, 1286 - Bessa, João Pessoa/PB",(83) 99902-9835,clarice.lispect@email.com,Bradesco Saúde,Dr. Renato Gomes Peixoto,7456/PB,Ortopedia,30
50,76,3,3,2025-01-18 10:45:00,Dor no joelho pós-atividade,Realizada,Sala 105,229.6,Carolina Costa Costa,521.810.607-46,1968-03-11,Feminino,"Rua Principal, 1872 - Torre, João Pessoa/PB",(83) 99356-7561,carolina.costa.@email.com,Amil,Dr. Renato Gomes Peixoto,7456/PB,Ortopedia,30
138,76,3,3,2025-02-18 14:00:00,Lombalgia aguda,Realizada,Sala 105,229.6,Carolina Costa Costa,521.810.607-46,1968-03-11,Feminino,"Rua Principal, 1872 - Torre, João Pessoa/PB",(83) 99356-7561,carolina.costa.@email.com,Amil,Dr. Renato Gomes Peixoto,7456/PB,Ortopedia,30
511,20,3,3,2025-06-28 12:30:00,Lombalgia aguda,Realizada,Sala 105,252.0,Luciana Guedes Nogueira,335.702.325-10,1957-10-18,Feminino,"Rua Principal, 138 - Bessa, João Pessoa/PB",(83) 98145-1964,luciana.guedes.@email.com,Unimed,Dr. Renato Gomes Peixoto,7456/PB,Ortopedia,30
589,20,3,3,2025-07-25 12:00:00,Dor no joelho pós-atividade,Não Compareceu,Sala 105,252.0,Luciana Guedes Nogueira,335.702.325-10,1957-10-18,Feminino,"Rua Principal, 138 - Bessa, João Pessoa/PB",(83) 98145-1964,luciana.guedes.@email.com,Unimed,Dr. Renato Gomes Peixoto,7456/PB,Ortopedia,30
1113,115,3,3,2026-01-24 16:30:00,Entorse de tornozelo,Não Compareceu,Sala 105,238.0,Juliana Martins Machado,570.179.982-50,1960-07-01,Feminino,"Rua Bancários, 1720 - Jaguaribe, João Pessoa/PB",(83) 99179-8033,juliana.martins@email.com,SulAmérica,Dr. Renato Gomes Peixoto,7456/PB,Ortopedia,30
540,108,3,3,2025-07-08 08:30:00,Entorse de tornozelo,Realizada,Sala 105,229.6,Fernanda Carvalho Ribeiro,394.714.419-55,2009-12-02,Feminino,"Rua das Flores, 1985 - Bessa, João Pessoa/PB",(83) 98212-9313,fernanda.carval@email.com,Amil,Dr. Renato Gomes Peixoto,7456/PB,Ortopedia,30
720,54,3,3,2025-09-10 15:15:00,Tendinite de ombro,Não Compareceu,Sala 105,280.0,Leonardo Vieira Vieira,538.238.987-69,1958-02-21,Masculino,"Rua Bancários, 1350 - Altiplano, João Pessoa/PB",(83) 98372-1823,leonardo.vieira@email.com,Particular,Dr. Renato Gomes Peixoto,7456/PB,Ortopedia,30
1449,54,3,3,2026-06-02 10:45:00,Dor no joelho pós-atividade,Não Compareceu,Sala 105,280.0,Leonardo Vieira Vieira,538.238.987-69,1958-02-21,Masculino,"Rua Bancários, 1350 - Altiplano, João Pessoa/PB",(83) 98372-1823,leonardo.vieira@email.com,Particular,Dr. Renato Gomes Peixoto,7456/PB,Ortopedia,30
1504,54,3,3,2026-06-20 10:45:00,Dor no joelho pós-atividade,Realizada,Sala 105,280.0,Leonardo Vieira Vieira,538.238.987-69,1958-02-21,Masculino,"Rua Bancários, 1350 - Altiplano, João Pessoa/PB",(83) 98372-1823,leonardo.vieira@email.com,Particular,Dr. Renato Gomes Peixoto,7456/PB,Ortopedia,30
58,52,3,3,2025-01-22 13:00:00,Entorse de tornozelo,Realizada,Sala 105,229.6,Bruno Gomes Moreira,865.852.659-87,2004-07-18,Masculino,"Rua das Flores, 1127 - Centro, João Pessoa/PB",(83) 99838-4613,bruno.gomes.mor@email.com,Amil,Dr. Renato Gomes Peixoto,7456/PB,Ortopedia,30
240,58,3,3,2025-03-28 08:15:00,Entorse de tornozelo,Realizada,Sala 105,252.0,Thiago Vieira Dias,303.177.706-98,2003-07-23,Masculino,"Rua Esperança, 1245 - Tambaú, João Pessoa/PB",(83) 99701-4978,thiago.vieira.d@email.com,Unimed,Dr. Renato Gomes Peixoto,7456/PB,Ortopedia,30
490,93,3,3,2025-06-23 12:00:00,Entorse de tornozelo,Realizada,Sala 105,229.6,Camila Alves Rodrigues,379.950.268-42,2001-09-17,Feminino,"Rua Esperança, 1397 - Altiplano, João Pessoa/PB",(83) 99871-8894,camila.alves.ro@email.com,Amil,Dr. Renato Gomes Peixoto,7456/PB,Ortopedia,30
476,3,3,3,2025-06-18 09:30:00,Entorse de tornozelo,Realizada,Sala 105,229.6,Lucas Pereira Ramos,703.384.928-10,2008-04-15,Masculino,"Rua dos Ipês, 1148 - Bancários, João Pessoa/PB",(83) 99554-3615,lucas.pereira.r@email.com,Amil,Dr. Renato Gomes Peixoto,7456/PB,Ortopedia,30
627,7,3,3,2025-08-09 15:45:00,Entorse de tornozelo,Realizada,Sala 105,252.0,Gabriel Martins Ferreira,473.266.479-55,2013-11-27,Masculino,"Rua Epitácio Pessoa, 710 - Tambaú, João Pessoa/PB",(83) 98429-5374,gabriel.martins@email.com,Unimed,Dr. Renato Gomes Peixoto,7456/PB,Ortopedia,30
1200,2,3,3,2026-02-27 09:30:00,Entorse de tornozelo,Realizada,Sala 105,224.0,Mariana Souza Lima,195.323.338-74,2009-01-01,Feminino,"Rua das Flores, 2242 - Torre, João Pessoa/PB",(83) 99232-1434,mariana.souza.l@email.com,Cassi,Dr. Renato Gomes Peixoto,7456/PB,Ortopedia,30
1391,2,3,3,2026-05-13 09:45:00,Entorse de tornozelo,Realizada,Sala 105,224.0,Mariana Souza Lima,195.323.338-74,2009-01-01,Feminino,"Rua das Flores, 2242 - Torre, João Pessoa/PB",(83) 99232-1434,mariana.souza.l@email.com,Cassi,Dr. Renato Gomes Peixoto,7456/PB,Ortopedia,30
557,6,3,3,2025-07-15 13:15:00,Lombalgia aguda,Cancelada,Sala 105,252.0,Juliana Barbosa Dias,146.777.333-47,1979-12-03,Feminino,"Rua Bancários, 1148 - Tambaú, João Pessoa/PB",(83) 98163-4814,juliana.barbosa@email.com,Unimed,Dr. Renato Gomes Peixoto,7456/PB,Ortopedia,30
1706,6,3,3,2026-08-27 10:15:00,Tendinite de ombro,Realizada,Sala 105,252.0,Juliana Barbosa Dias,146.777.333-47,1979-12-03,Feminino,"Rua Bancários, 1148 - Tambaú, João Pessoa/PB",(83) 98163-4814,juliana.barbosa@email.com,Unimed,Dr. Renato Gomes Peixoto,7456/PB,Ortopedia,30
235,103,3,3,2025-03-26 09:00:00,Lombalgia aguda,Não Compareceu,Sala 105,252.0,Eduarda Pereira Barbosa,987.774.633-48,1960-12-26,Feminino,"Rua Bancários, 1655 - Manaíra, João Pessoa/PB",(83) 98938-1510,eduarda.pereira@email.com,Unimed,Dr. Renato Gomes Peixoto,7456/PB,Ortopedia,30
1427,103,3,3,2026-05-25 13:30:00,Lombalgia aguda,Realizada,Sala 105,252.0,Eduarda Pereira Barbosa,987.774.633-48,1960-12-26,Feminino,"Rua Bancários, 1655 - Manaíra, João Pessoa/PB",(83) 98938-1510,eduarda.pereira@email.com,Unimed,Dr. Renato Gomes Peixoto,7456/PB,Ortopedia,30
1408,42,3,3,2026-05-19 16:30:00,Dor no joelho pós-atividade,Realizada,Sala 105,246.4,Leonardo Mendes Vieira,825.546.101-76,1979-05-02,Masculino,"Rua dos Ipês, 1776 - Bessa, João Pessoa/PB",(83) 99895-9821,leonardo.mendes@email.com,Bradesco Saúde,Dr. Renato Gomes Peixoto,7456/PB,Ortopedia,30
1438,43,3,3,2026-05-28 09:00:00,Lombalgia aguda,Realizada,Sala 105,252.0,Felipe Barbosa Costa,619.416.782-62,1970-12-10,Masculino,"Rua Epitácio Pessoa, 531 - Altiplano, João Pessoa/PB",(83) 98668-7592,felipe.barbosa.@email.com,Unimed,Dr. Renato Gomes Peixoto,7456/PB,Ortopedia,30
198,100,3,3,2025-03-12 10:00:00,Dor no joelho pós-atividade,Realizada,Sala 105,252.0,Gustavo Alves Oliveira,932.990.338-52,1981-10-07,Masculino,"Rua Principal, 1145 - Jaguaribe, João Pessoa/PB",(83) 99585-3417,gustavo.alves.o@email.com,Unimed,Dr. Renato Gomes Peixoto,7456/PB,Ortopedia,30
661,100,3,3,2025-08-20 08:45:00,Dor no joelho pós-atividade,Não Compareceu,Sala 105,252.0,Gustavo Alves Oliveira,932.990.338-52,1981-10-07,Masculino,"Rua Principal, 1145 - Jaguaribe, João Pessoa/PB",(83) 99585-3417,gustavo.alves.o@email.com,Unimed,Dr. Renato Gomes Peixoto,7456/PB,Ortopedia,30
415,85,3,3,2025-05-26 17:00:00,Entorse de tornozelo,Realizada,Sala 105,252.0,Isabela Nascimento Martins,790.979.646-58,1965-06-28,Feminino,"Rua Epitácio Pessoa, 157 - Centro, João Pessoa/PB",(83) 99954-6188,isabela.nascime@email.com,Unimed,Dr. Renato Gomes Peixoto,7456/PB,Ortopedia,30
951,85,3,3,2025-11-28 16:45:00,Dor no joelho pós-atividade,Realizada,Sala 105,252.0,Isabela Nascimento Martins,790.979.646-58,1965-06-28,Feminino,"Rua Epitácio Pessoa, 157 - Centro, João Pessoa/PB",(83) 99954-6188,isabela.nascime@email.com,Unimed,Dr. Renato Gomes Peixoto,7456/PB,Ortopedia,30
1625,85,3,3,2026-07-30 17:00:00,Entorse de tornozelo,Realizada,Sala 105,252.0,Isabela Nascimento Martins,790.979.646-58,1965-06-28,Feminino,"Rua Epitácio Pessoa, 157 - Centro, João Pessoa/PB",(83) 99954-6188,isabela.nascime@email.com,Unimed,Dr. Renato Gomes Peixoto,7456/PB,Ortopedia,30
420,14,3,3,2025-05-28 14:30:00,Entorse de tornozelo,Realizada,Sala 105,252.0,Patrícia Cunha Freitas,839.996.836-43,1975-08-01,Feminino,"Rua Epitácio Pessoa, 445 - Cabo Branco, João Pessoa/PB",(83) 99990-9201,patrícia.cunha.@email.com,Unimed,Dr. Renato Gomes Peixoto,7456/PB,Ortopedia,30
85,71,3,3,2025-01-29 14:45:00,Lombalgia aguda,Realizada,Sala 105,229.6,André Ferreira Fernandes,518.561.805-86,1964-03-01,Masculino,"Rua das Flores, 1190 - Manaíra, João Pessoa/PB",(83) 98962-5771,andré.ferreira.@email.com,Amil,Dr. Renato Gomes Peixoto,7456/PB,Ortopedia,30
1667,71,3,3,2026-08-12 12:00:00,Lombalgia aguda,Realizada,Sala 105,229.6,André Ferreira Fernandes,518.561.805-86,1964-03-01,Masculino,"Rua das Flores, 1190 - Manaíra, João Pessoa/PB",(83) 98962-5771,andré.ferreira.@email.com,Amil,Dr. Renato Gomes Peixoto,7456/PB,Ortopedia,30
87,113,3,3,2025-01-30 08:45:00,Lombalgia aguda,Realizada,Sala 105,280.0,Thiago Dias Dias,415.146.325-60,2017-09-22,Masculino,"Rua das Flores, 1244 - Manaíra, João Pessoa/PB",(83) 99227-1897,thiago.dias.dia@email.com,Particular,Dr. Renato Gomes Peixoto,7456/PB,Ortopedia,30
952,113,3,3,2025-11-28 11:15:00,Tendinite de ombro,Realizada,Sala 105,280.0,Thiago Dias Dias,415.146.325-60,2017-09-22,Masculino,"Rua das Flores, 1244 - Manaíra, João Pessoa/PB",(83) 99227-1897,thiago.dias.dia@email.com,Particular,Dr. Renato Gomes Peixoto,7456/PB,Ortopedia,30
817,25,3,3,2025-10-10 08:15:00,Entorse de tornozelo,Cancelada,Sala 105,246.4,Wagner Mendonça Filho,982.976.663-22,1964-08-26,Masculino,"Rua Principal, 978 - Manaíra, João Pessoa/PB",(83) 98103-9856,wagner.mendonça@email.com,Bradesco Saúde,Dr. Renato Gomes Peixoto,7456/PB,Ortopedia,30
1634,25,3,3,2026-08-01 11:00:00,Tendinite de ombro,Cancelada,Sala 105,246.4,Wagner Mendonça Filho,982.976.663-22,1964-08-26,Masculino,"Rua Principal, 978 - Manaíra, João Pessoa/PB",(83) 98103-9856,wagner.mendonça@email.com,Bradesco Saúde,Dr. Renato Gomes Peixoto,7456/PB,Ortopedia,30
332,15,3,3,2025-04-29 08:15:00,Entorse de tornozelo,Não Compareceu,Sala 105,252.0,Bruno Cardoso Tavares,723.303.256-57,1993-11-17,Masculino,"Rua Epitácio Pessoa, 12 - Torre, João Pessoa/PB",(83) 99561-3646,bruno.cardoso.t@email.com,Unimed,Dr. Renato Gomes Peixoto,7456/PB,Ortopedia,30
667,15,3,3,2025-08-23 15:45:00,Dor no joelho pós-atividade,Cancelada,Sala 105,252.0,Bruno Cardoso Tavares,723.303.256-57,1993-11-17,Masculino,"Rua Epitácio Pessoa, 12 - Torre, João Pessoa/PB",(83) 99561-3646,bruno.cardoso.t@email.com,Unimed,Dr. Renato Gomes Peixoto,7456/PB,Ortopedia,30
730,15,3,3,2025-09-13 08:45:00,Tendinite de ombro,Realizada,Sala 105,252.0,Bruno Cardoso Tavares,723.303.256-57,1993-11-17,Masculino,"Rua Epitácio Pessoa, 12 - Torre, João Pessoa/PB",(83) 99561-3646,bruno.cardoso.t@email.com,Unimed,Dr. Renato Gomes Peixoto,7456/PB,Ortopedia,30
1576,110,3,3,2026-07-14 17:15:00,Entorse de tornozelo,Realizada,Sala 105,252.0,Carlos Lima Nascimento,106.285.990-28,1994-06-12,Masculino,"Rua das Flores, 135 - Tambaú, João Pessoa/PB",(83) 99159-7566,carlos.lima.nas@email.com,Unimed,Dr. Renato Gomes Peixoto,7456/PB,Ortopedia,30
276,23,3,3,2025-04-10 11:15:00,Entorse de tornozelo,Não Compareceu,Sala 105,252.0,Henrique Fagundes Moura,846.155.789-93,2007-08-28,Masculino,"Rua Bancários, 1399 - Manaíra, João Pessoa/PB",(83) 99323-2612,henrique.fagund@email.com,Unimed,Dr. Renato Gomes Peixoto,7456/PB,Ortopedia,30
1533,23,3,3,2026-06-30 14:45:00,Lombalgia aguda,Realizada,Sala 105,252.0,Henrique Fagundes Moura,846.155.789-93,2007-08-28,Masculino,"Rua Bancários, 1399 - Manaíra, João Pessoa/PB",(83) 99323-2612,henrique.fagund@email.com,Unimed,Dr. Renato Gomes Peixoto,7456/PB,Ortopedia,30
834,39,3,3,2025-10-16 10:30:00,Entorse de tornozelo,Realizada,Sala 105,238.0,Camila Nunes Nascimento,139.979.581-38,1968-07-28,Feminino,"Rua dos Ipês, 942 - Mangabeira, João Pessoa/PB",(83) 98408-8541,camila.nunes.na@email.com,SulAmérica,Dr. Renato Gomes Peixoto,7456/PB,Ortopedia,30
1555,39,3,3,2026-07-06 17:00:00,Entorse de tornozelo,Realizada,Sala 105,238.0,Camila Nunes Nascimento,139.979.581-38,1968-07-28,Feminino,"Rua dos Ipês, 942 - Mangabeira, João Pessoa/PB",(83) 98408-8541,camila.nunes.na@email.com,SulAmérica,Dr. Renato Gomes Peixoto,7456/PB,Ortopedia,30
1603,39,3,3,2026-07-22 14:30:00,Lombalgia aguda,Realizada,Sala 105,238.0,Camila Nunes Nascimento,139.979.581-38,1968-07-28,Feminino,"Rua dos Ipês, 942 - Mangabeira, João Pessoa/PB",(83) 98408-8541,camila.nunes.na@email.com,SulAmérica,Dr. Renato Gomes Peixoto,7456/PB,Ortopedia,30
128,53,3,3,2025-02-13 11:00:00,Dor no joelho pós-atividade,Realizada,Sala 105,280.0,Daniela Silva Martins,917.514.841-31,1998-11-22,Feminino,"Rua Epitácio Pessoa, 2197 - Cabo Branco, João Pessoa/PB",(83) 99721-8657,daniela.silva.m@email.com,Particular,Dr. Renato Gomes Peixoto,7456/PB,Ortopedia,30
115,49,3,3,2025-02-10 16:45:00,Lombalgia aguda,Realizada,Sala 105,246.4,Gabriela Almeida Mendes,586.560.365-41,1975-12-28,Feminino,"Rua Bancários, 989 - Torre, João Pessoa/PB",(83) 99720-5543,gabriela.almeid@email.com,Bradesco Saúde,Dr. Renato Gomes Peixoto,7456/PB,Ortopedia,30
1361,49,3,3,2026-05-02 14:00:00,Dor no joelho pós-atividade,Realizada,Sala 105,246.4,Gabriela Almeida Mendes,586.560.365-41,1975-12-28,Feminino,"Rua Bancários, 989 - Torre, João Pessoa/PB",(83) 99720-5543,gabriela.almeid@email.com,Bradesco Saúde,Dr. Renato Gomes Peixoto,7456/PB,Ortopedia,30
126,59,3,3,2025-02-13 13:15:00,Entorse de tornozelo,Não Compareceu,Sala 105,252.0,Gustavo Nunes Santos,777.479.170-74,1999-09-14,Masculino,"Rua Bancários, 2017 - Manaíra, João Pessoa/PB",(83) 99326-6590,gustavo.nunes.s@email.com,Unimed,Dr. Renato Gomes Peixoto,7456/PB,Ortopedia,30
613,11,3,3,2025-08-04 14:45:00,Entorse de tornozelo,Realizada,Sala 105,252.0,Antônio Moreira Guimarães,470.324.241-75,2009-10-13,Masculino,"Rua Principal, 636 - Manaíra, João Pessoa/PB",(83) 99010-2489,antônio.moreira@email.com,Unimed,Dr. Renato Gomes Peixoto,7456/PB,Ortopedia,30
1439,11,3,3,2026-05-29 14:45:00,Lombalgia aguda,Realizada,Sala 105,252.0,Antônio Moreira Guimarães,470.324.241-75,2009-10-13,Masculino,"Rua Principal, 636 - Manaíra, João Pessoa/PB",(83) 99010-2489,antônio.moreira@email.com,Unimed,Dr. Renato Gomes Peixoto,7456/PB,Ortopedia,30
1495,11,3,3,2026-06-18 11:15:00,Lombalgia aguda,Realizada,Sala 105,252.0,Antônio Moreira Guimarães,470.324.241-75,2009-10-13,Masculino,"Rua Principal, 636 - Manaíra, João Pessoa/PB",(83) 99010-2489,antônio.moreira@email.com,Unimed,Dr. Renato Gomes Peixoto,7456/PB,Ortopedia,30
401,73,3,3,2025-05-21 14:45:00,Dor no joelho pós-atividade,Realizada,Sala 105,252.0,Gabriel Freitas Lima,269.911.414-86,1973-02-02,Masculino,"Rua Principal, 1929 - Centro, João Pessoa/PB",(83) 99533-5728,gabriel.freitas@email.com,Unimed,Dr. Renato Gomes Peixoto,7456/PB,Ortopedia,30
698,73,3,3,2025-09-03 12:15:00,Lombalgia aguda,Realizada,Sala 105,252.0,Gabriel Freitas Lima,269.911.414-86,1973-02-02,Masculino,"Rua Principal, 1929 - Centro, João Pessoa/PB",(83) 99533-5728,gabriel.freitas@email.com,Unimed,Dr. Renato Gomes Peixoto,7456/PB,Ortopedia,30
1483,50,3,3,2026-06-15 16:15:00,Entorse de tornozelo,Realizada,Sala 105,252.0,Débora Oliveira Nascimento,443.427.653-20,1991-04-09,Feminino,"Rua Bancários, 635 - Bessa, João Pessoa/PB",(83) 98283-3471,débora.oliveira@email.com,Unimed,Dr. Renato Gomes Peixoto,7456/PB,Ortopedia,30
816,56,3,3,2025-10-09 13:45:00,Lombalgia aguda,Realizada,Sala 105,280.0,Lucas Moreira Rocha,304.959.120-89,1960-01-08,Masculino,"Rua Bancários, 478 - Cabo Branco, João Pessoa/PB",(83) 98312-4908,lucas.moreira.r@email.com,Particular,Dr. Renato Gomes Peixoto,7456/PB,Ortopedia,30
1129,56,3,3,2026-01-29 12:45:00,Tendinite de ombro,Realizada,Sala 105,280.0,Lucas Moreira Rocha,304.959.120-89,1960-01-08,Masculino,"Rua Bancários, 478 - Cabo Branco, João Pessoa/PB",(83) 98312-4908,lucas.moreira.r@email.com,Particular,Dr. Renato Gomes Peixoto,7456/PB,Ortopedia,30
1316,56,3,3,2026-04-16 08:15:00,Lombalgia aguda,Não Compareceu,Sala 105,280.0,Lucas Moreira Rocha,304.959.120-89,1960-01-08,Masculino,"Rua Bancários, 478 - Cabo Branco, João Pessoa/PB",(83) 98312-4908,lucas.moreira.r@email.com,Particular,Dr. Renato Gomes Peixoto,7456/PB,Ortopedia,30
143,35,3,3,2025-02-20 14:15:00,Tendinite de ombro,Realizada,Sala 105,224.0,Letícia Mendes Freitas,533.949.383-15,1961-02-21,Feminino,"Rua Esperança, 1082 - Cabo Branco, João Pessoa/PB",(83) 98007-6464,letícia.mendes.@email.com,Cassi,Dr. Renato Gomes Peixoto,7456/PB,Ortopedia,30
780,35,3,3,2025-09-29 08:30:00,Tendinite de ombro,Realizada,Sala 105,224.0,Letícia Mendes Freitas,533.949.383-15,1961-02-21,Feminino,"Rua Esperança, 1082 - Cabo Branco, João Pessoa/PB",(83) 98007-6464,letícia.mendes.@email.com,Cassi,Dr. Renato Gomes Peixoto,7456/PB,Ortopedia,30
477,12,3,3,2025-06-18 08:45:00,Entorse de tornozelo,Cancelada,Sala 105,224.0,Larissa Vasconcelos Brito,710.165.494-58,1975-11-14,Feminino,"Rua dos Ipês, 2276 - Torre, João Pessoa/PB",(83) 99220-8668,larissa.vasconc@email.com,Cassi,Dr. Renato Gomes Peixoto,7456/PB,Ortopedia,30
976,12,3,3,2025-12-08 09:15:00,Entorse de tornozelo,Não Compareceu,Sala 105,224.0,Larissa Vasconcelos Brito,710.165.494-58,1975-11-14,Feminino,"Rua dos Ipês, 2276 - Torre, João Pessoa/PB",(83) 99220-8668,larissa.vasconc@email.com,Cassi,Dr. Renato Gomes Peixoto,7456/PB,Ortopedia,30
1101,12,3,3,2026-01-20 17:00:00,Tendinite de ombro,Não Compareceu,Sala 105,224.0,Larissa Vasconcelos Brito,710.165.494-58,1975-11-14,Feminino,"Rua dos Ipês, 2276 - Torre, João Pessoa/PB",(83) 99220-8668,larissa.vasconc@email.com,Cassi,Dr. Renato Gomes Peixoto,7456/PB,Ortopedia,30
1606,12,3,3,2026-07-23 16:00:00,Lombalgia aguda,Cancelada,Sala 105,224.0,Larissa Vasconcelos Brito,710.165.494-58,1975-11-14,Feminino,"Rua dos Ipês, 2276 - Torre, João Pessoa/PB",(83) 99220-8668,larissa.vasconc@email.com,Cassi,Dr. Renato Gomes Peixoto,7456/PB,Ortopedia,30
1684,12,3,3,2026-08-20 12:45:00,Tendinite de ombro,Cancelada,Sala 105,224.0,Larissa Vasconcelos Brito,710.165.494-58,1975-11-14,Feminino,"Rua dos Ipês, 2276 - Torre, João Pessoa/PB",(83) 99220-8668,larissa.vasconc@email.com,Cassi,Dr. Renato Gomes Peixoto,7456/PB,Ortopedia,30
1313,1,3,3,2026-04-15 17:00:00,Lombalgia aguda,Realizada,Sala 105,246.4,Carlos Eduardo Silva,381.350.328-27,1969-01-24,Masculino,"Rua Principal, 2428 - Torre, João Pessoa/PB",(83) 99508-2679,carlos.eduardo.@email.com,Bradesco Saúde,Dr. Renato Gomes Peixoto,7456/PB,Ortopedia,30
693,51,3,3,2025-09-01 12:00:00,Tendinite de ombro,Não Compareceu,Sala 105,224.0,Lucas Carvalho Carvalho,525.163.311-63,1997-09-15,Masculino,"Rua Bancários, 1963 - Jaguaribe, João Pessoa/PB",(83) 98797-1320,lucas.carvalho.@email.com,Cassi,Dr. Renato Gomes Peixoto,7456/PB,Ortopedia,30
659,36,3,3,2025-08-20 14:15:00,Lombalgia aguda,Realizada,Sala 105,229.6,Marcelo Fernandes Nascimento,214.177.807-29,2009-09-01,Masculino,"Rua Epitácio Pessoa, 2273 - Mangabeira, João Pessoa/PB",(83) 99117-1590,marcelo.fernand@email.com,Amil,Dr. Renato Gomes Peixoto,7456/PB,Ortopedia,30
167,81,3,3,2025-03-01 10:45:00,Lombalgia aguda,Realizada,Sala 105,280.0,Larissa Freitas Barbosa,891.908.974-63,1972-02-09,Feminino,"Rua Principal, 1168 - Altiplano, João Pessoa/PB",(83) 98696-9318,larissa.freitas@email.com,Particular,Dr. Renato Gomes Peixoto,7456/PB,Ortopedia,30
174,55,3,3,2025-03-04 15:15:00,Entorse de tornozelo,Realizada,Sala 105,238.0,Marcelo Costa Costa,951.531.358-20,2003-05-25,Masculino,"Rua Principal, 1443 - Torre, João Pessoa/PB",(83) 98963-1317,marcelo.costa.c@email.com,SulAmérica,Dr. Renato Gomes Peixoto,7456/PB,Ortopedia,30
417,55,3,3,2025-05-27 12:45:00,Dor no joelho pós-atividade,Realizada,Sala 105,238.0,Marcelo Costa Costa,951.531.358-20,2003-05-25,Masculino,"Rua Principal, 1443 - Torre, João Pessoa/PB",(83) 98963-1317,marcelo.costa.c@email.com,SulAmérica,Dr. Renato Gomes Peixoto,7456/PB,Ortopedia,30
879,55,3,3,2025-10-31 15:15:00,Tendinite de ombro,Realizada,Sala 105,238.0,Marcelo Costa Costa,951.531.358-20,2003-05-25,Masculino,"Rua Principal, 1443 - Torre, João Pessoa/PB",(83) 98963-1317,marcelo.costa.c@email.com,SulAmérica,Dr. Renato Gomes Peixoto,7456/PB,Ortopedia,30
1249,55,3,3,2026-03-20 13:15:00,Tendinite de ombro,Não Compareceu,Sala 105,238.0,Marcelo Costa Costa,951.531.358-20,2003-05-25,Masculino,"Rua Principal, 1443 - Torre, João Pessoa/PB",(83) 98963-1317,marcelo.costa.c@email.com,SulAmérica,Dr. Renato Gomes Peixoto,7456/PB,Ortopedia,30
1599,55,3,3,2026-07-21 12:15:00,Tendinite de ombro,Realizada,Sala 105,238.0,Marcelo Costa Costa,951.531.358-20,2003-05-25,Masculino,"Rua Principal, 1443 - Torre, João Pessoa/PB",(83) 98963-1317,marcelo.costa.c@email.com,SulAmérica,Dr. Renato Gomes Peixoto,7456/PB,Ortopedia,30
1165,41,3,3,2026-02-12 14:45:00,Entorse de tornozelo,Realizada,Sala 105,252.0,Maria Souza Mendes,371.139.211-86,1988-03-19,Feminino,"Rua Bancários, 2493 - Mangabeira, João Pessoa/PB",(83) 98889-6663,maria.souza.men@email.com,Unimed,Dr. Renato Gomes Peixoto,7456/PB,Ortopedia,30
177,63,3,3,2025-03-05 09:00:00,Lombalgia aguda,Realizada,Sala 105,229.6,Fernando Alves Oliveira,600.668.876-40,1985-12-14,Masculino,"Rua Bancários, 80 - Centro, João Pessoa/PB",(83) 99414-8800,fernando.alves.@email.com,Amil,Dr. Renato Gomes Peixoto,7456/PB,Ortopedia,30
1036,63,3,3,2025-12-29 16:00:00,Lombalgia aguda,Realizada,Sala 105,229.6,Fernando Alves Oliveira,600.668.876-40,1985-12-14,Masculino,"Rua Bancários, 80 - Centro, João Pessoa/PB",(83) 99414-8800,fernando.alves.@email.com,Amil,Dr. Renato Gomes Peixoto,7456/PB,Ortopedia,30
1445,63,3,3,2026-06-01 16:45:00,Tendinite de ombro,Realizada,Sala 105,229.6,Fernando Alves Oliveira,600.668.876-40,1985-12-14,Masculino,"Rua Bancários, 80 - Centro, João Pessoa/PB",(83) 99414-8800,fernando.alves.@email.com,Amil,Dr. Renato Gomes Peixoto,7456/PB,Ortopedia,30
310,27,3,3,2025-04-22 17:15:00,Dor no joelho pós-atividade,Realizada,Sala 105,252.0,Sérgio Ramos Peixoto,903.565.392-64,2004-05-26,Masculino,"Rua das Flores, 1225 - Cabo Branco, João Pessoa/PB",(83) 99426-8973,sérgio.ramos.pe@email.com,Unimed,Dr. Renato Gomes Peixoto,7456/PB,Ortopedia,30
1016,27,3,3,2025-12-22 09:15:00,Lombalgia aguda,Realizada,Sala 105,252.0,Sérgio Ramos Peixoto,903.565.392-64,2004-05-26,Masculino,"Rua das Flores, 1225 - Cabo Branco, João Pessoa/PB",(83) 99426-8973,sérgio.ramos.pe@email.com,Unimed,Dr. Renato Gomes Peixoto,7456/PB,Ortopedia,30
1456,27,3,3,2026-06-04 08:15:00,Dor no joelho pós-atividade,Realizada,Sala 105,252.0,Sérgio Ramos Peixoto,903.565.392-64,2004-05-26,Masculino,"Rua das Flores, 1225 - Cabo Branco, João Pessoa/PB",(83) 99426-8973,sérgio.ramos.pe@email.com,Unimed,Dr. Renato Gomes Peixoto,7456/PB,Ortopedia,30
1287,22,3,3,2026-04-04 09:00:00,Tendinite de ombro,Realizada,Sala 105,252.0,Débora Silveira Campos,584.926.516-34,2015-04-26,Feminino,"Rua dos Ipês, 1744 - Bancários, João Pessoa/PB",(83) 98193-2588,débora.silveira@email.com,Unimed,Dr. Renato Gomes Peixoto,7456/PB,Ortopedia,30
1150,105,3,3,2026-02-05 11:45:00,Lombalgia aguda,Realizada,Sala 105,280.0,Bruna Barbosa Soares,719.540.201-99,1992-08-17,Feminino,"Rua Bancários, 945 - Bancários, João Pessoa/PB",(83) 98234-4522,bruna.barbosa.s@email.com,Particular,Dr. Renato Gomes Peixoto,7456/PB,Ortopedia,30
317,94,3,3,2025-04-24 11:00:00,Lombalgia aguda,Realizada,Sala 105,238.0,Marcelo Oliveira Rodrigues,790.506.966-81,1983-11-24,Masculino,"Rua Principal, 1093 - Bancários, João Pessoa/PB",(83) 98749-2479,marcelo.oliveir@email.com,SulAmérica,Dr. Renato Gomes Peixoto,7456/PB,Ortopedia,30
906,101,3,3,2025-11-11 13:15:00,Entorse de tornozelo,Realizada,Sala 105,252.0,Gabriel Fernandes Lima,987.126.234-11,1977-02-22,Masculino,"Rua dos Ipês, 74 - Jaguaribe, João Pessoa/PB",(83) 98733-4898,gabriel.fernand@email.com,Unimed,Dr. Renato Gomes Peixoto,7456/PB,Ortopedia,30
954,102,3,3,2025-11-28 13:15:00,Tendinite de ombro,Não Compareceu,Sala 105,238.0,Diego Santos Rodrigues,863.165.587-67,2008-09-04,Masculino,"Rua Epitácio Pessoa, 456 - Torre, João Pessoa/PB",(83) 99593-6931,diego.santos.ro@email.com,SulAmérica,Dr. Renato Gomes Peixoto,7456/PB,Ortopedia,30
694,90,3,3,2025-09-02 15:15:00,Dor no joelho pós-atividade,Realizada,Sala 105,246.4,Leonardo Machado Lopes,685.467.688-47,1968-04-13,Masculino,"Rua Esperança, 1631 - Manaíra, João Pessoa/PB",(83) 99432-5837,leonardo.machad@email.com,Bradesco Saúde,Dr. Renato Gomes Peixoto,7456/PB,Ortopedia,30
802,90,3,3,2025-10-06 08:45:00,Tendinite de ombro,Realizada,Sala 105,246.4,Leonardo Machado Lopes,685.467.688-47,1968-04-13,Masculino,"Rua Esperança, 1631 - Manaíra, João Pessoa/PB",(83) 99432-5837,leonardo.machad@email.com,Bradesco Saúde,Dr. Renato Gomes Peixoto,7456/PB,Ortopedia,30
1137,90,3,3,2026-02-02 12:00:00,Dor no joelho pós-atividade,Realizada,Sala 105,246.4,Leonardo Machado Lopes,685.467.688-47,1968-04-13,Masculino,"Rua Esperança, 1631 - Manaíra, João Pessoa/PB",(83) 99432-5837,leonardo.machad@email.com,Bradesco Saúde,Dr. Renato Gomes Peixoto,7456/PB,Ortopedia,30
883,96,3,3,2025-11-01 16:30:00,Dor no joelho pós-atividade,Realizada,Sala 105,246.4,Isabela Pereira Rocha,575.817.409-93,1963-11-27,Feminino,"Rua Principal, 162 - Cabo Branco, João Pessoa/PB",(83) 98836-2911,isabela.pereira@email.com,Bradesco Saúde,Dr. Renato Gomes Peixoto,7456/PB,Ortopedia,30
598,60,3,3,2025-07-29 12:30:00,Lombalgia aguda,Realizada,Sala 105,252.0,Rodrigo Ribeiro Rocha,545.280.851-76,2013-12-05,Masculino,"Rua Epitácio Pessoa, 1990 - Jaguaribe, João Pessoa/PB",(83) 99977-5425,rodrigo.ribeiro@email.com,Unimed,Dr. Renato Gomes Peixoto,7456/PB,Ortopedia,30
251,92,3,3,2025-04-01 13:00:00,Lombalgia aguda,Não Compareceu,Sala 105,229.6,Beatriz Rocha Souza,551.134.693-56,1960-05-26,Feminino,"Rua dos Ipês, 1348 - Tambaú, João Pessoa/PB",(83) 99499-3153,beatriz.rocha.s@email.com,Amil,Dr. Renato Gomes Peixoto,7456/PB,Ortopedia,30
1461,92,3,3,2026-06-06 14:45:00,Tendinite de ombro,Realizada,Sala 105,229.6,Beatriz Rocha Souza,551.134.693-56,1960-05-26,Feminino,"Rua dos Ipês, 1348 - Tambaú, João Pessoa/PB",(83) 99499-3153,beatriz.rocha.s@email.com,Amil,Dr. Renato Gomes Peixoto,7456/PB,Ortopedia,30
1718,26,3,3,2026-09-14 09:30:00,Retorno de rotina programado,Agendada,Sala 105,280.0,Renata Vasconcelos Paiva,592.318.985-61,1976-07-16,Feminino,"Rua Bancários, 18 - Cabo Branco, João Pessoa/PB",(83) 99848-1960,renata.vasconce@email.com,Amil,Dr. Renato Gomes Peixoto,7456/PB,Ortopedia,30
559,16,3,3,2025-07-15 11:00:00,Tendinite de ombro,Realizada,Sala 105,252.0,Aline Meireles Pontes,214.471.999-49,1996-08-01,Feminino,"Rua Epitácio Pessoa, 332 - Bessa, João Pessoa/PB",(83) 98490-1949,aline.meireles.@email.com,Unimed,Dr. Renato Gomes Peixoto,7456/PB,Ortopedia,30
977,4,3,3,2025-12-08 11:00:00,Entorse de tornozelo,Realizada,Sala 105,238.0,Fernanda Costa Oliveira,444.204.194-58,1974-04-25,Feminino,"Rua Epitácio Pessoa, 1093 - Mangabeira, João Pessoa/PB",(83) 98198-6881,fernanda.costa.@email.com,SulAmérica,Dr. Renato Gomes Peixoto,7456/PB,Ortopedia,30
1530,4,3,3,2026-06-29 17:15:00,Entorse de tornozelo,Realizada,Sala 105,238.0,Fernanda Costa Oliveira,444.204.194-58,1974-04-25,Feminino,"Rua Epitácio Pessoa, 1093 - Mangabeira, João Pessoa/PB",(83) 98198-6881,fernanda.costa.@email.com,SulAmérica,Dr. Renato Gomes Peixoto,7456/PB,Ortopedia,30
324,38,3,3,2025-04-25 08:45:00,Entorse de tornozelo,Realizada,Sala 105,252.0,Isabela Andrade Rodrigues,930.281.522-13,1985-03-26,Feminino,"Rua Esperança, 1026 - Bancários, João Pessoa/PB",(83) 98367-6442,isabela.andrade@email.com,Unimed,Dr. Renato Gomes Peixoto,7456/PB,Ortopedia,30
1175,112,3,3,2026-02-16 08:15:00,Dor no joelho pós-atividade,Realizada,Sala 105,252.0,Lucas Lima Almeida,552.524.379-37,2009-08-20,Masculino,"Rua dos Ipês, 1770 - Tambaú, João Pessoa/PB",(83) 99546-9394,lucas.lima.alme@email.com,Unimed,Dr. Renato Gomes Peixoto,7456/PB,Ortopedia,30
1469,112,3,3,2026-06-10 09:45:00,Dor no joelho pós-atividade,Realizada,Sala 105,252.0,Lucas Lima Almeida,552.524.379-37,2009-08-20,Masculino,"Rua dos Ipês, 1770 - Tambaú, João Pessoa/PB",(83) 99546-9394,lucas.lima.alme@email.com,Unimed,Dr. Renato Gomes Peixoto,7456/PB,Ortopedia,30
571,64,3,3,2025-07-18 17:15:00,Lombalgia aguda,Realizada,Sala 105,246.4,Thiago Pereira Martins,695.477.584-80,1986-05-22,Masculino,"Rua Esperança, 2264 - Bancários, João Pessoa/PB",(83) 99087-6632,thiago.pereira.@email.com,Bradesco Saúde,Dr. Renato Gomes Peixoto,7456/PB,Ortopedia,30
713,37,3,3,2025-09-09 14:45:00,Dor no joelho pós-atividade,Não Compareceu,Sala 105,252.0,Rodrigo Rodrigues Santos,981.140.466-36,1994-06-26,Masculino,"Rua dos Ipês, 2303 - Tambaú, João Pessoa/PB",(83) 99396-5088,rodrigo.rodrigu@email.com,Unimed,Dr. Renato Gomes Peixoto,7456/PB,Ortopedia,30
1412,37,3,3,2026-05-20 11:00:00,Lombalgia aguda,Realizada,Sala 105,252.0,Rodrigo Rodrigues Santos,981.140.466-36,1994-06-26,Masculino,"Rua dos Ipês, 2303 - Tambaú, João Pessoa/PB",(83) 99396-5088,rodrigo.rodrigu@email.com,Unimed,Dr. Renato Gomes Peixoto,7456/PB,Ortopedia,30
1212,10,12,12,2026-03-04 17:15:00,Avaliação de exames laboratoriais,Realizada,Sala 102,164.0,Camila Farias Albuquerque,246.371.242-41,2005-11-15,Feminino,"Rua Esperança, 2404 - Altiplano, João Pessoa/PB",(83) 99525-9830,camila.farias.a@email.com,Amil,Dra. Cláudia Melo Gusmão,10987/PB,Clínica Geral,30
1072,84,12,12,2026-01-09 14:00:00,Sintomas gripais,Realizada,Sala 102,180.0,Fernanda Machado Machado,567.115.839-28,2011-02-17,Feminino,"Rua Bancários, 1095 - Tambaú, João Pessoa/PB",(83) 98839-3529,fernanda.machad@email.com,Unimed,Dra. Cláudia Melo Gusmão,10987/PB,Clínica Geral,30
881,57,12,12,2025-10-31 15:45:00,Fadiga crônica e mal-estar,Realizada,Sala 102,180.0,Marcelo Nascimento Lima,721.865.835-24,2002-03-20,Masculino,"Rua Principal, 2380 - Altiplano, João Pessoa/PB",(83) 99592-3683,marcelo.nascime@email.com,Unimed,Dra. Cláudia Melo Gusmão,10987/PB,Clínica Geral,30
13,87,12,12,2025-01-06 11:45:00,Sintomas gripais,Realizada,Sala 102,164.0,Pedro Costa Nunes,483.541.249-41,1962-05-12,Masculino,"Rua Esperança, 747 - Jaguaribe, João Pessoa/PB",(83) 99087-7751,pedro.costa.nun@email.com,Amil,Dra. Cláudia Melo Gusmão,10987/PB,Clínica Geral,30
382,87,12,12,2025-05-16 13:00:00,Fadiga crônica e mal-estar,Realizada,Sala 102,164.0,Pedro Costa Nunes,483.541.249-41,1962-05-12,Masculino,"Rua Esperança, 747 - Jaguaribe, João Pessoa/PB",(83) 99087-7751,pedro.costa.nun@email.com,Amil,Dra. Cláudia Melo Gusmão,10987/PB,Clínica Geral,30
517,87,12,12,2025-06-30 14:45:00,Check-up preventivo geral,Realizada,Sala 102,164.0,Pedro Costa Nunes,483.541.249-41,1962-05-12,Masculino,"Rua Esperança, 747 - Jaguaribe, João Pessoa/PB",(83) 99087-7751,pedro.costa.nun@email.com,Amil,Dra. Cláudia Melo Gusmão,10987/PB,Clínica Geral,30
1531,72,12,12,2026-06-30 15:15:00,Fadiga crônica e mal-estar,Realizada,Sala 102,180.0,Débora Oliveira Dias,910.740.703-94,1984-05-26,Feminino,"Rua Principal, 2240 - Bancários, João Pessoa/PB",(83) 99646-4241,débora.oliveira@email.com,Unimed,Dra. Cláudia Melo Gusmão,10987/PB,Clínica Geral,30
486,75,12,12,2025-06-20 15:15:00,Check-up preventivo geral,Realizada,Sala 102,164.0,Diego Vieira Santos,767.552.384-33,1977-08-17,Masculino,"Rua Principal, 1935 - Centro, João Pessoa/PB",(83) 99198-8141,diego.vieira.sa@email.com,Amil,Dra. Cláudia Melo Gusmão,10987/PB,Clínica Geral,30
1030,83,12,12,2025-12-26 14:45:00,Check-up preventivo geral,Realizada,Sala 102,180.0,André Vieira Martins,425.862.584-58,1984-07-02,Masculino,"Rua Principal, 527 - Centro, João Pessoa/PB",(83) 98790-3492,andré.vieira.ma@email.com,Unimed,Dra. Cláudia Melo Gusmão,10987/PB,Clínica Geral,30
887,24,12,12,2025-11-04 15:00:00,Avaliação de exames laboratoriais,Não Compareceu,Sala 102,176.0,Isabela Duarte Correia,294.649.559-27,1968-04-07,Feminino,"Rua Bancários, 1033 - Altiplano, João Pessoa/PB",(83) 98864-4006,isabela.duarte.@email.com,Bradesco Saúde,Dra. Cláudia Melo Gusmão,10987/PB,Clínica Geral,30
1202,24,12,12,2026-02-27 09:45:00,Fadiga crônica e mal-estar,Realizada,Sala 102,176.0,Isabela Duarte Correia,294.649.559-27,1968-04-07,Feminino,"Rua Bancários, 1033 - Altiplano, João Pessoa/PB",(83) 98864-4006,isabela.duarte.@email.com,Bradesco Saúde,Dra. Cláudia Melo Gusmão,10987/PB,Clínica Geral,30
264,21,12,12,2025-04-07 09:00:00,Sintomas gripais,Realizada,Sala 102,170.0,Felipe Augusto Matos,343.385.785-72,1997-02-17,Masculino,"Rua Esperança, 2348 - Cabo Branco, João Pessoa/PB",(83) 98438-9834,felipe.augusto.@email.com,SulAmérica,Dra. Cláudia Melo Gusmão,10987/PB,Clínica Geral,30
684,21,12,12,2025-08-29 15:00:00,Sintomas gripais,Realizada,Sala 102,170.0,Felipe Augusto Matos,343.385.785-72,1997-02-17,Masculino,"Rua Esperança, 2348 - Cabo Branco, João Pessoa/PB",(83) 98438-9834,felipe.augusto.@email.com,SulAmérica,Dra. Cláudia Melo Gusmão,10987/PB,Clínica Geral,30
672,31,12,12,2025-08-26 14:15:00,Fadiga crônica e mal-estar,Realizada,Sala 102,170.0,Guilherme Sampaio Neves,505.234.787-92,1995-04-09,Masculino,"Rua Principal, 48 - Mangabeira, João Pessoa/PB",(83) 98614-8491,guilherme.sampa@email.com,SulAmérica,Dra. Cláudia Melo Gusmão,10987/PB,Clínica Geral,30
876,31,12,12,2025-10-30 17:15:00,Avaliação de exames laboratoriais,Realizada,Sala 102,170.0,Guilherme Sampaio Neves,505.234.787-92,1995-04-09,Masculino,"Rua Principal, 48 - Mangabeira, João Pessoa/PB",(83) 98614-8491,guilherme.sampa@email.com,SulAmérica,Dra. Cláudia Melo Gusmão,10987/PB,Clínica Geral,30
1011,31,12,12,2025-12-19 17:45:00,Avaliação de exames laboratoriais,Realizada,Sala 102,170.0,Guilherme Sampaio Neves,505.234.787-92,1995-04-09,Masculino,"Rua Principal, 48 - Mangabeira, João Pessoa/PB",(83) 98614-8491,guilherme.sampa@email.com,SulAmérica,Dra. Cláudia Melo Gusmão,10987/PB,Clínica Geral,30
1358,31,12,12,2026-05-01 15:45:00,Check-up preventivo geral,Realizada,Sala 102,170.0,Guilherme Sampaio Neves,505.234.787-92,1995-04-09,Masculino,"Rua Principal, 48 - Mangabeira, João Pessoa/PB",(83) 98614-8491,guilherme.sampa@email.com,SulAmérica,Dra. Cláudia Melo Gusmão,10987/PB,Clínica Geral,30
131,65,12,12,2025-02-14 14:15:00,Check-up preventivo geral,Não Compareceu,Sala 102,180.0,Amanda Nascimento Almeida,336.223.838-34,1989-05-09,Feminino,"Rua Esperança, 768 - Torre, João Pessoa/PB",(83) 98646-2958,amanda.nascimen@email.com,Unimed,Dra. Cláudia Melo Gusmão,10987/PB,Clínica Geral,30
982,65,12,12,2025-12-09 15:30:00,Fadiga crônica e mal-estar,Não Compareceu,Sala 102,180.0,Amanda Nascimento Almeida,336.223.838-34,1989-05-09,Feminino,"Rua Esperança, 768 - Torre, João Pessoa/PB",(83) 98646-2958,amanda.nascimen@email.com,Unimed,Dra. Cláudia Melo Gusmão,10987/PB,Clínica Geral,30
180,98,12,12,2025-03-06 15:15:00,Check-up preventivo geral,Realizada,Sala 102,176.0,Fernanda Marques Lopes,806.479.322-66,2007-05-02,Feminino,"Rua Principal, 1514 - Mangabeira, João Pessoa/PB",(83) 98910-4868,fernanda.marque@email.com,Bradesco Saúde,Dra. Cláudia Melo Gusmão,10987/PB,Clínica Geral,30
763,117,12,12,2025-09-24 09:30:00,Fadiga crônica e mal-estar,Não Compareceu,Sala 102,164.0,Rodrigo Vieira Martins,417.863.447-38,1965-07-28,Masculino,"Rua Epitácio Pessoa, 477 - Tambaú, João Pessoa/PB",(83) 98682-3754,rodrigo.vieira.@email.com,Amil,Dra. Cláudia Melo Gusmão,10987/PB,Clínica Geral,30
1282,117,12,12,2026-04-02 17:45:00,Fadiga crônica e mal-estar,Realizada,Sala 102,164.0,Rodrigo Vieira Martins,417.863.447-38,1965-07-28,Masculino,"Rua Epitácio Pessoa, 477 - Tambaú, João Pessoa/PB",(83) 98682-3754,rodrigo.vieira.@email.com,Amil,Dra. Cláudia Melo Gusmão,10987/PB,Clínica Geral,30
1541,120,12,12,2026-07-02 11:30:00,Check-up preventivo geral,Não Compareceu,Sala 102,176.0,Débora Rocha Gomes,460.619.175-49,1990-10-02,Feminino,"Rua Principal, 1520 - Manaíra, João Pessoa/PB",(83) 98945-8404,débora.rocha.go@email.com,Bradesco Saúde,Dra. Cláudia Melo Gusmão,10987/PB,Clínica Geral,30
352,118,12,12,2025-05-06 11:30:00,Avaliação de exames laboratoriais,Realizada,Sala 102,180.0,Bruno Ribeiro Andrade,249.362.302-32,1973-04-04,Masculino,"Rua das Flores, 2033 - Tambaú, João Pessoa/PB",(83) 99233-3504,bruno.ribeiro.a@email.com,Unimed,Dra. Cláudia Melo Gusmão,10987/PB,Clínica Geral,30
1517,118,12,12,2026-06-24 16:45:00,Avaliação de exames laboratoriais,Não Compareceu,Sala 102,180.0,Bruno Ribeiro Andrade,249.362.302-32,1973-04-04,Masculino,"Rua das Flores, 2033 - Tambaú, João Pessoa/PB",(83) 99233-3504,bruno.ribeiro.a@email.com,Unimed,Dra. Cláudia Melo Gusmão,10987/PB,Clínica Geral,30
1344,77,12,12,2026-04-27 17:00:00,Sintomas gripais,Realizada,Sala 102,164.0,Felipe Lima Costa,626.944.101-94,1969-07-28,Masculino,"Rua Bancários, 232 - Centro, João Pessoa/PB",(83) 99780-9889,felipe.lima.cos@email.com,Amil,Dra. Cláudia Melo Gusmão,10987/PB,Clínica Geral,30
1191,99,12,12,2026-02-24 10:30:00,Fadiga crônica e mal-estar,Realizada,Sala 102,180.0,Ana Martins Lima,943.565.193-94,1979-02-28,Feminino,"Rua dos Ipês, 1007 - Manaíra, João Pessoa/PB",(83) 98434-1349,ana.martins.lim@email.com,Unimed,Dra. Cláudia Melo Gusmão,10987/PB,Clínica Geral,30
1266,99,12,12,2026-03-26 15:15:00,Avaliação de exames laboratoriais,Não Compareceu,Sala 102,180.0,Ana Martins Lima,943.565.193-94,1979-02-28,Feminino,"Rua dos Ipês, 1007 - Manaíra, João Pessoa/PB",(83) 98434-1349,ana.martins.lim@email.com,Unimed,Dra. Cláudia Melo Gusmão,10987/PB,Clínica Geral,30
156,107,12,12,2025-02-26 09:45:00,Fadiga crônica e mal-estar,Realizada,Sala 102,176.0,Lucas Marques Oliveira,862.856.481-26,1966-07-04,Masculino,"Rua Epitácio Pessoa, 2310 - Jaguaribe, João Pessoa/PB",(83) 99139-1982,lucas.marques.o@email.com,Bradesco Saúde,Dra. Cláudia Melo Gusmão,10987/PB,Clínica Geral,30
889,107,12,12,2025-11-05 17:15:00,Sintomas gripais,Realizada,Sala 102,176.0,Lucas Marques Oliveira,862.856.481-26,1966-07-04,Masculino,"Rua Epitácio Pessoa, 2310 - Jaguaribe, João Pessoa/PB",(83) 99139-1982,lucas.marques.o@email.com,Bradesco Saúde,Dra. Cláudia Melo Gusmão,10987/PB,Clínica Geral,30
895,107,12,12,2025-11-06 17:45:00,Avaliação de exames laboratoriais,Não Compareceu,Sala 102,176.0,Lucas Marques Oliveira,862.856.481-26,1966-07-04,Masculino,"Rua Epitácio Pessoa, 2310 - Jaguaribe, João Pessoa/PB",(83) 99139-1982,lucas.marques.o@email.com,Bradesco Saúde,Dra. Cláudia Melo Gusmão,10987/PB,Clínica Geral,30
620,5,12,12,2025-08-06 17:30:00,Avaliação de exames laboratoriais,Realizada,Sala 102,180.0,Roberto Alves Monteiro,649.227.487-20,1960-12-15,Masculino,"Rua dos Ipês, 2374 - Jaguaribe, João Pessoa/PB",(83) 99130-5803,roberto.alves.m@email.com,Unimed,Dra. Cláudia Melo Gusmão,10987/PB,Clínica Geral,30
322,66,12,12,2025-04-25 17:00:00,Check-up preventivo geral,Cancelada,Sala 102,176.0,Rafael Andrade Lopes,878.637.711-46,1990-12-19,Masculino,"Rua das Flores, 1488 - Altiplano, João Pessoa/PB",(83) 98205-4180,rafael.andrade.@email.com,Bradesco Saúde,Dra. Cláudia Melo Gusmão,10987/PB,Clínica Geral,30
1467,111,12,12,2026-06-09 15:45:00,Sintomas gripais,Realizada,Sala 102,180.0,Fernando Alves Martins,261.478.419-51,2008-08-11,Masculino,"Rua das Flores, 654 - Manaíra, João Pessoa/PB",(83) 99590-2391,fernando.alves.@email.com,Unimed,Dra. Cláudia Melo Gusmão,10987/PB,Clínica Geral,30
1110,114,12,12,2026-01-23 10:45:00,Check-up preventivo geral,Realizada,Sala 102,164.0,Gabriel Moreira Lima,107.609.864-65,1992-06-04,Masculino,"Rua Epitácio Pessoa, 952 - Bancários, João Pessoa/PB",(83) 98359-3116,gabriel.moreira@email.com,Amil,Dra. Cláudia Melo Gusmão,10987/PB,Clínica Geral,30
506,106,12,12,2025-06-27 13:15:00,Fadiga crônica e mal-estar,Realizada,Sala 102,180.0,Aline Marques Almeida,197.420.537-50,2006-07-24,Feminino,"Rua das Flores, 1952 - Mangabeira, João Pessoa/PB",(83) 99362-5176,aline.marques.a@email.com,Unimed,Dra. Cláudia Melo Gusmão,10987/PB,Clínica Geral,30
1546,106,12,12,2026-07-03 08:30:00,Check-up preventivo geral,Realizada,Sala 102,180.0,Aline Marques Almeida,197.420.537-50,2006-07-24,Feminino,"Rua das Flores, 1952 - Mangabeira, João Pessoa/PB",(83) 99362-5176,aline.marques.a@email.com,Unimed,Dra. Cláudia Melo Gusmão,10987/PB,Clínica Geral,30
356,86,12,12,2025-05-07 14:30:00,Sintomas gripais,Realizada,Sala 102,180.0,André Rocha Dias,192.544.200-91,1991-04-24,Masculino,"Rua das Flores, 1236 - Centro, João Pessoa/PB",(83) 99441-2646,andré.rocha.dia@email.com,Unimed,Dra. Cláudia Melo Gusmão,10987/PB,Clínica Geral,30
224,109,12,12,2025-03-24 12:00:00,Fadiga crônica e mal-estar,Não Compareceu,Sala 102,180.0,Mateus Ribeiro Machado,385.687.331-64,2002-02-25,Masculino,"Rua Esperança, 1105 - Jaguaribe, João Pessoa/PB",(83) 99730-1430,mateus.ribeiro.@email.com,Unimed,Dra. Cláudia Melo Gusmão,10987/PB,Clínica Geral,30
1013,109,12,12,2025-12-19 13:30:00,Check-up preventivo geral,Cancelada,Sala 102,180.0,Mateus Ribeiro Machado,385.687.331-64,2002-02-25,Masculino,"Rua Esperança, 1105 - Jaguaribe, João Pessoa/PB",(83) 99730-1430,mateus.ribeiro.@email.com,Unimed,Dra. Cláudia Melo Gusmão,10987/PB,Clínica Geral,30
1063,109,12,12,2026-01-07 11:00:00,Fadiga crônica e mal-estar,Realizada,Sala 102,180.0,Mateus Ribeiro Machado,385.687.331-64,2002-02-25,Masculino,"Rua Esperança, 1105 - Jaguaribe, João Pessoa/PB",(83) 99730-1430,mateus.ribeiro.@email.com,Unimed,Dra. Cláudia Melo Gusmão,10987/PB,Clínica Geral,30
259,32,12,12,2025-04-04 09:30:00,Check-up preventivo geral,Cancelada,Sala 102,180.0,Daniela Coutinho Lins,202.175.650-37,2013-10-19,Feminino,"Rua dos Ipês, 291 - Cabo Branco, João Pessoa/PB",(83) 99036-5345,daniela.coutinh@email.com,Unimed,Dra. Cláudia Melo Gusmão,10987/PB,Clínica Geral,30
481,32,12,12,2025-06-19 08:15:00,Check-up preventivo geral,Realizada,Sala 102,180.0,Daniela Coutinho Lins,202.175.650-37,2013-10-19,Feminino,"Rua dos Ipês, 291 - Cabo Branco, João Pessoa/PB",(83) 99036-5345,daniela.coutinh@email.com,Unimed,Dra. Cláudia Melo Gusmão,10987/PB,Clínica Geral,30
624,34,12,12,2025-08-08 11:45:00,Check-up preventivo geral,Não Compareceu,Sala 102,200.0,Diego Souza Mendes,259.378.388-87,1968-12-18,Masculino,"Rua Esperança, 1091 - Bessa, João Pessoa/PB",(83) 98431-6617,diego.souza.men@email.com,Particular,Dra. Cláudia Melo Gusmão,10987/PB,Clínica Geral,30
1481,34,12,12,2026-06-15 15:30:00,Avaliação de exames laboratoriais,Não Compareceu,Sala 102,200.0,Diego Souza Mendes,259.378.388-87,1968-12-18,Masculino,"Rua Esperança, 1091 - Bessa, João Pessoa/PB",(83) 98431-6617,diego.souza.men@email.com,Particular,Dra. Cláudia Melo Gusmão,10987/PB,Clínica Geral,30
466,18,12,12,2025-06-16 16:15:00,Sintomas gripais,Realizada,Sala 102,176.0,Clarice Lispector Cunha,993.721.533-37,1976-05-17,Feminino,"Rua Esperança, 1286 - Bessa, João Pessoa/PB",(83) 99902-9835,clarice.lispect@email.com,Bradesco Saúde,Dra. Cláudia Melo Gusmão,10987/PB,Clínica Geral,30
1613,18,12,12,2026-07-24 15:00:00,Fadiga crônica e mal-estar,Não Compareceu,Sala 102,176.0,Clarice Lispector Cunha,993.721.533-37,1976-05-17,Feminino,"Rua Esperança, 1286 - Bessa, João Pessoa/PB",(83) 99902-9835,clarice.lispect@email.com,Bradesco Saúde,Dra. Cláudia Melo Gusmão,10987/PB,Clínica Geral,30
1676,9,12,12,2026-08-17 12:30:00,Check-up preventivo geral,Realizada,Sala 102,170.0,Thiago Rocha Cavalcanti,374.167.316-82,1959-06-13,Masculino,"Rua Esperança, 2054 - Bessa, João Pessoa/PB",(83) 99794-6155,thiago.rocha.ca@email.com,SulAmérica,Dra. Cláudia Melo Gusmão,10987/PB,Clínica Geral,30
525,20,12,12,2025-07-02 09:00:00,Fadiga crônica e mal-estar,Realizada,Sala 102,180.0,Luciana Guedes Nogueira,335.702.325-10,1957-10-18,Feminino,"Rua Principal, 138 - Bessa, João Pessoa/PB",(83) 98145-1964,luciana.guedes.@email.com,Unimed,Dra. Cláudia Melo Gusmão,10987/PB,Clínica Geral,30
890,20,12,12,2025-11-05 13:00:00,Sintomas gripais,Realizada,Sala 102,180.0,Luciana Guedes Nogueira,335.702.325-10,1957-10-18,Feminino,"Rua Principal, 138 - Bessa, João Pessoa/PB",(83) 98145-1964,luciana.guedes.@email.com,Unimed,Dra. Cláudia Melo Gusmão,10987/PB,Clínica Geral,30
783,108,12,12,2025-09-30 10:15:00,Check-up preventivo geral,Não Compareceu,Sala 102,164.0,Fernanda Carvalho Ribeiro,394.714.419-55,2009-12-02,Feminino,"Rua das Flores, 1985 - Bessa, João Pessoa/PB",(83) 98212-9313,fernanda.carval@email.com,Amil,Dra. Cláudia Melo Gusmão,10987/PB,Clínica Geral,30
916,108,12,12,2025-11-14 08:00:00,Fadiga crônica e mal-estar,Realizada,Sala 102,164.0,Fernanda Carvalho Ribeiro,394.714.419-55,2009-12-02,Feminino,"Rua das Flores, 1985 - Bessa, João Pessoa/PB",(83) 98212-9313,fernanda.carval@email.com,Amil,Dra. Cláudia Melo Gusmão,10987/PB,Clínica Geral,30
1648,108,12,12,2026-08-06 14:45:00,Check-up preventivo geral,Não Compareceu,Sala 102,164.0,Fernanda Carvalho Ribeiro,394.714.419-55,2009-12-02,Feminino,"Rua das Flores, 1985 - Bessa, João Pessoa/PB",(83) 98212-9313,fernanda.carval@email.com,Amil,Dra. Cláudia Melo Gusmão,10987/PB,Clínica Geral,30
838,54,12,12,2025-10-17 12:30:00,Sintomas gripais,Realizada,Sala 102,200.0,Leonardo Vieira Vieira,538.238.987-69,1958-02-21,Masculino,"Rua Bancários, 1350 - Altiplano, João Pessoa/PB",(83) 98372-1823,leonardo.vieira@email.com,Particular,Dra. Cláudia Melo Gusmão,10987/PB,Clínica Geral,30
599,52,12,12,2025-07-29 09:30:00,Check-up preventivo geral,Realizada,Sala 102,164.0,Bruno Gomes Moreira,865.852.659-87,2004-07-18,Masculino,"Rua das Flores, 1127 - Centro, João Pessoa/PB",(83) 99838-4613,bruno.gomes.mor@email.com,Amil,Dra. Cláudia Melo Gusmão,10987/PB,Clínica Geral,30
747,52,12,12,2025-09-19 17:00:00,Fadiga crônica e mal-estar,Realizada,Sala 102,164.0,Bruno Gomes Moreira,865.852.659-87,2004-07-18,Masculino,"Rua das Flores, 1127 - Centro, João Pessoa/PB",(83) 99838-4613,bruno.gomes.mor@email.com,Amil,Dra. Cláudia Melo Gusmão,10987/PB,Clínica Geral,30
1048,52,12,12,2026-01-01 17:00:00,Sintomas gripais,Realizada,Sala 102,164.0,Bruno Gomes Moreira,865.852.659-87,2004-07-18,Masculino,"Rua das Flores, 1127 - Centro, João Pessoa/PB",(83) 99838-4613,bruno.gomes.mor@email.com,Amil,Dra. Cláudia Melo Gusmão,10987/PB,Clínica Geral,30
454,58,12,12,2025-06-11 13:30:00,Avaliação de exames laboratoriais,Realizada,Sala 102,180.0,Thiago Vieira Dias,303.177.706-98,2003-07-23,Masculino,"Rua Esperança, 1245 - Tambaú, João Pessoa/PB",(83) 99701-4978,thiago.vieira.d@email.com,Unimed,Dra. Cláudia Melo Gusmão,10987/PB,Clínica Geral,30
194,93,12,12,2025-03-11 11:45:00,Check-up preventivo geral,Realizada,Sala 102,164.0,Camila Alves Rodrigues,379.950.268-42,2001-09-17,Feminino,"Rua Esperança, 1397 - Altiplano, João Pessoa/PB",(83) 99871-8894,camila.alves.ro@email.com,Amil,Dra. Cláudia Melo Gusmão,10987/PB,Clínica Geral,30
326,93,12,12,2025-04-28 09:30:00,Sintomas gripais,Realizada,Sala 102,164.0,Camila Alves Rodrigues,379.950.268-42,2001-09-17,Feminino,"Rua Esperança, 1397 - Altiplano, João Pessoa/PB",(83) 99871-8894,camila.alves.ro@email.com,Amil,Dra. Cláudia Melo Gusmão,10987/PB,Clínica Geral,30
335,2,12,12,2025-04-30 16:15:00,Avaliação de exames laboratoriais,Realizada,Sala 102,160.0,Mariana Souza Lima,195.323.338-74,2009-01-01,Feminino,"Rua das Flores, 2242 - Torre, João Pessoa/PB",(83) 99232-1434,mariana.souza.l@email.com,Cassi,Dra. Cláudia Melo Gusmão,10987/PB,Clínica Geral,30
1711,6,12,12,2026-09-05 08:30:00,Retorno de rotina programado,Agendada,Sala 102,200.0,Juliana Barbosa Dias,146.777.333-47,1979-12-03,Feminino,"Rua Bancários, 1148 - Tambaú, João Pessoa/PB",(83) 98163-4814,juliana.barbosa@email.com,Unimed,Dra. Cláudia Melo Gusmão,10987/PB,Clínica Geral,30
451,103,12,12,2025-06-10 10:45:00,Fadiga crônica e mal-estar,Realizada,Sala 102,180.0,Eduarda Pereira Barbosa,987.774.633-48,1960-12-26,Feminino,"Rua Bancários, 1655 - Manaíra, João Pessoa/PB",(83) 98938-1510,eduarda.pereira@email.com,Unimed,Dra. Cláudia Melo Gusmão,10987/PB,Clínica Geral,30
1672,42,12,12,2026-08-14 11:15:00,Sintomas gripais,Não Compareceu,Sala 102,176.0,Leonardo Mendes Vieira,825.546.101-76,1979-05-02,Masculino,"Rua dos Ipês, 1776 - Bessa, João Pessoa/PB",(83) 99895-9821,leonardo.mendes@email.com,Bradesco Saúde,Dra. Cláudia Melo Gusmão,10987/PB,Clínica Geral,30
1665,19,12,12,2026-08-12 13:30:00,Sintomas gripais,Realizada,Sala 102,176.0,Otávio Mesquita Barros,482.548.629-67,2006-11-21,Masculino,"Rua Principal, 1394 - Bessa, João Pessoa/PB",(83) 98247-5061,otávio.mesquita@email.com,Bradesco Saúde,Dra. Cláudia Melo Gusmão,10987/PB,Clínica Geral,30
1170,100,12,12,2026-02-13 11:00:00,Check-up preventivo geral,Cancelada,Sala 102,180.0,Gustavo Alves Oliveira,932.990.338-52,1981-10-07,Masculino,"Rua Principal, 1145 - Jaguaribe, João Pessoa/PB",(83) 99585-3417,gustavo.alves.o@email.com,Unimed,Dra. Cláudia Melo Gusmão,10987/PB,Clínica Geral,30
1425,100,12,12,2026-05-23 13:30:00,Check-up preventivo geral,Realizada,Sala 102,180.0,Gustavo Alves Oliveira,932.990.338-52,1981-10-07,Masculino,"Rua Principal, 1145 - Jaguaribe, João Pessoa/PB",(83) 99585-3417,gustavo.alves.o@email.com,Unimed,Dra. Cláudia Melo Gusmão,10987/PB,Clínica Geral,30
1577,100,12,12,2026-07-15 12:15:00,Sintomas gripais,Realizada,Sala 102,180.0,Gustavo Alves Oliveira,932.990.338-52,1981-10-07,Masculino,"Rua Principal, 1145 - Jaguaribe, João Pessoa/PB",(83) 99585-3417,gustavo.alves.o@email.com,Unimed,Dra. Cláudia Melo Gusmão,10987/PB,Clínica Geral,30
836,85,12,12,2025-10-17 17:30:00,Check-up preventivo geral,Realizada,Sala 102,180.0,Isabela Nascimento Martins,790.979.646-58,1965-06-28,Feminino,"Rua Epitácio Pessoa, 157 - Centro, João Pessoa/PB",(83) 99954-6188,isabela.nascime@email.com,Unimed,Dra. Cláudia Melo Gusmão,10987/PB,Clínica Geral,30
1382,85,12,12,2026-05-11 10:45:00,Check-up preventivo geral,Realizada,Sala 102,180.0,Isabela Nascimento Martins,790.979.646-58,1965-06-28,Feminino,"Rua Epitácio Pessoa, 157 - Centro, João Pessoa/PB",(83) 99954-6188,isabela.nascime@email.com,Unimed,Dra. Cláudia Melo Gusmão,10987/PB,Clínica Geral,30
1363,44,12,12,2026-05-04 17:45:00,Check-up preventivo geral,Realizada,Sala 102,200.0,Rodrigo Dias Martins,408.515.661-10,1977-10-19,Masculino,"Rua Bancários, 2385 - Bessa, João Pessoa/PB",(83) 98622-5700,rodrigo.dias.ma@email.com,Particular,Dra. Cláudia Melo Gusmão,10987/PB,Clínica Geral,30
917,29,12,12,2025-11-14 08:30:00,Avaliação de exames laboratoriais,Realizada,Sala 102,170.0,Vinicius Albuquerque Luz,182.971.290-18,1975-01-17,Masculino,"Rua Bancários, 501 - Bessa, João Pessoa/PB",(83) 99218-2113,vinicius.albuqu@email.com,SulAmérica,Dra. Cláudia Melo Gusmão,10987/PB,Clínica Geral,30
1637,29,12,12,2026-08-03 10:45:00,Avaliação de exames laboratoriais,Realizada,Sala 102,170.0,Vinicius Albuquerque Luz,182.971.290-18,1975-01-17,Masculino,"Rua Bancários, 501 - Bessa, João Pessoa/PB",(83) 99218-2113,vinicius.albuqu@email.com,SulAmérica,Dra. Cláudia Melo Gusmão,10987/PB,Clínica Geral,30
507,119,12,12,2025-06-27 12:30:00,Sintomas gripais,Realizada,Sala 102,200.0,Helena Moreira Vieira,758.750.739-51,2012-11-19,Feminino,"Rua Bancários, 289 - Cabo Branco, João Pessoa/PB",(83) 99769-6179,helena.moreira.@email.com,Particular,Dra. Cláudia Melo Gusmão,10987/PB,Clínica Geral,30
400,14,12,12,2025-05-21 16:30:00,Avaliação de exames laboratoriais,Realizada,Sala 102,180.0,Patrícia Cunha Freitas,839.996.836-43,1975-08-01,Feminino,"Rua Epitácio Pessoa, 445 - Cabo Branco, João Pessoa/PB",(83) 99990-9201,patrícia.cunha.@email.com,Unimed,Dra. Cláudia Melo Gusmão,10987/PB,Clínica Geral,30
1331,14,12,12,2026-04-21 15:45:00,Fadiga crônica e mal-estar,Não Compareceu,Sala 102,180.0,Patrícia Cunha Freitas,839.996.836-43,1975-08-01,Feminino,"Rua Epitácio Pessoa, 445 - Cabo Branco, João Pessoa/PB",(83) 99990-9201,patrícia.cunha.@email.com,Unimed,Dra. Cláudia Melo Gusmão,10987/PB,Clínica Geral,30
1454,14,12,12,2026-06-04 11:30:00,Check-up preventivo geral,Não Compareceu,Sala 102,180.0,Patrícia Cunha Freitas,839.996.836-43,1975-08-01,Feminino,"Rua Epitácio Pessoa, 445 - Cabo Branco, João Pessoa/PB",(83) 99990-9201,patrícia.cunha.@email.com,Unimed,Dra. Cláudia Melo Gusmão,10987/PB,Clínica Geral,30
330,113,12,12,2025-04-29 09:30:00,Fadiga crônica e mal-estar,Realizada,Sala 102,200.0,Thiago Dias Dias,415.146.325-60,2017-09-22,Masculino,"Rua das Flores, 1244 - Manaíra, João Pessoa/PB",(83) 99227-1897,thiago.dias.dia@email.com,Particular,Dra. Cláudia Melo Gusmão,10987/PB,Clínica Geral,30
1478,113,12,12,2026-06-12 11:30:00,Fadiga crônica e mal-estar,Realizada,Sala 102,200.0,Thiago Dias Dias,415.146.325-60,2017-09-22,Masculino,"Rua das Flores, 1244 - Manaíra, João Pessoa/PB",(83) 99227-1897,thiago.dias.dia@email.com,Particular,Dra. Cláudia Melo Gusmão,10987/PB,Clínica Geral,30
966,25,12,12,2025-12-03 17:15:00,Avaliação de exames laboratoriais,Realizada,Sala 102,176.0,Wagner Mendonça Filho,982.976.663-22,1964-08-26,Masculino,"Rua Principal, 978 - Manaíra, João Pessoa/PB",(83) 98103-9856,wagner.mendonça@email.com,Bradesco Saúde,Dra. Cláudia Melo Gusmão,10987/PB,Clínica Geral,30
1133,25,12,12,2026-01-30 15:00:00,Avaliação de exames laboratoriais,Não Compareceu,Sala 102,176.0,Wagner Mendonça Filho,982.976.663-22,1964-08-26,Masculino,"Rua Principal, 978 - Manaíra, João Pessoa/PB",(83) 98103-9856,wagner.mendonça@email.com,Bradesco Saúde,Dra. Cláudia Melo Gusmão,10987/PB,Clínica Geral,30
431,95,12,12,2025-06-02 09:00:00,Avaliação de exames laboratoriais,Realizada,Sala 102,164.0,Marcelo Ribeiro Dias,942.753.480-23,1988-10-13,Masculino,"Rua Principal, 2309 - Centro, João Pessoa/PB",(83) 99382-4830,marcelo.ribeiro@email.com,Amil,Dra. Cláudia Melo Gusmão,10987/PB,Clínica Geral,30
1291,95,12,12,2026-04-06 14:30:00,Check-up preventivo geral,Não Compareceu,Sala 102,164.0,Marcelo Ribeiro Dias,942.753.480-23,1988-10-13,Masculino,"Rua Principal, 2309 - Centro, João Pessoa/PB",(83) 99382-4830,marcelo.ribeiro@email.com,Amil,Dra. Cláudia Melo Gusmão,10987/PB,Clínica Geral,30
1037,8,12,12,2025-12-29 10:15:00,Sintomas gripais,Cancelada,Sala 102,200.0,Beatriz Nogueira Mendes,488.376.755-98,1986-03-15,Feminino,"Rua Principal, 948 - Mangabeira, João Pessoa/PB",(83) 99140-4598,beatriz.nogueir@email.com,Particular,Dra. Cláudia Melo Gusmão,10987/PB,Clínica Geral,30
336,89,12,12,2025-04-30 17:00:00,Fadiga crônica e mal-estar,Realizada,Sala 102,200.0,Marcelo Mendes Gomes,453.701.406-91,1975-02-15,Masculino,"Rua Bancários, 1247 - Altiplano, João Pessoa/PB",(83) 99970-7951,marcelo.mendes.@email.com,Particular,Dra. Cláudia Melo Gusmão,10987/PB,Clínica Geral,30
538,89,12,12,2025-07-08 16:15:00,Fadiga crônica e mal-estar,Realizada,Sala 102,200.0,Marcelo Mendes Gomes,453.701.406-91,1975-02-15,Masculino,"Rua Bancários, 1247 - Altiplano, João Pessoa/PB",(83) 99970-7951,marcelo.mendes.@email.com,Particular,Dra. Cláudia Melo Gusmão,10987/PB,Clínica Geral,30
1563,89,12,12,2026-07-10 15:15:00,Avaliação de exames laboratoriais,Não Compareceu,Sala 102,200.0,Marcelo Mendes Gomes,453.701.406-91,1975-02-15,Masculino,"Rua Bancários, 1247 - Altiplano, João Pessoa/PB",(83) 99970-7951,marcelo.mendes.@email.com,Particular,Dra. Cláudia Melo Gusmão,10987/PB,Clínica Geral,30
1584,89,12,12,2026-07-16 15:15:00,Sintomas gripais,Cancelada,Sala 102,200.0,Marcelo Mendes Gomes,453.701.406-91,1975-02-15,Masculino,"Rua Bancários, 1247 - Altiplano, João Pessoa/PB",(83) 99970-7951,marcelo.mendes.@email.com,Particular,Dra. Cláudia Melo Gusmão,10987/PB,Clínica Geral,30
628,88,12,12,2025-08-11 14:45:00,Sintomas gripais,Cancelada,Sala 102,170.0,Carlos Oliveira Barbosa,346.609.697-28,2003-10-22,Masculino,"Rua Bancários, 1055 - Altiplano, João Pessoa/PB",(83) 98475-8555,carlos.oliveira@email.com,SulAmérica,Dra. Cláudia Melo Gusmão,10987/PB,Clínica Geral,30
1335,88,12,12,2026-04-22 16:45:00,Fadiga crônica e mal-estar,Não Compareceu,Sala 102,170.0,Carlos Oliveira Barbosa,346.609.697-28,2003-10-22,Masculino,"Rua Bancários, 1055 - Altiplano, João Pessoa/PB",(83) 98475-8555,carlos.oliveira@email.com,SulAmérica,Dra. Cláudia Melo Gusmão,10987/PB,Clínica Geral,30
1505,88,12,12,2026-06-22 09:45:00,Check-up preventivo geral,Realizada,Sala 102,170.0,Carlos Oliveira Barbosa,346.609.697-28,2003-10-22,Masculino,"Rua Bancários, 1055 - Altiplano, João Pessoa/PB",(83) 98475-8555,carlos.oliveira@email.com,SulAmérica,Dra. Cláudia Melo Gusmão,10987/PB,Clínica Geral,30
1715,88,12,12,2026-09-10 10:30:00,Retorno de rotina programado,Agendada,Sala 102,200.0,Carlos Oliveira Barbosa,346.609.697-28,2003-10-22,Masculino,"Rua Bancários, 1055 - Altiplano, João Pessoa/PB",(83) 98475-8555,carlos.oliveira@email.com,SulAmérica,Dra. Cláudia Melo Gusmão,10987/PB,Clínica Geral,30
837,15,12,12,2025-10-17 15:15:00,Sintomas gripais,Realizada,Sala 102,180.0,Bruno Cardoso Tavares,723.303.256-57,1993-11-17,Masculino,"Rua Epitácio Pessoa, 12 - Torre, João Pessoa/PB",(83) 99561-3646,bruno.cardoso.t@email.com,Unimed,Dra. Cláudia Melo Gusmão,10987/PB,Clínica Geral,30
732,110,12,12,2025-09-15 10:15:00,Fadiga crônica e mal-estar,Realizada,Sala 102,180.0,Carlos Lima Nascimento,106.285.990-28,1994-06-12,Masculino,"Rua das Flores, 135 - Tambaú, João Pessoa/PB",(83) 99159-7566,carlos.lima.nas@email.com,Unimed,Dra. Cláudia Melo Gusmão,10987/PB,Clínica Geral,30
1327,110,12,12,2026-04-20 10:15:00,Check-up preventivo geral,Não Compareceu,Sala 102,180.0,Carlos Lima Nascimento,106.285.990-28,1994-06-12,Masculino,"Rua das Flores, 135 - Tambaú, João Pessoa/PB",(83) 99159-7566,carlos.lima.nas@email.com,Unimed,Dra. Cláudia Melo Gusmão,10987/PB,Clínica Geral,30
254,23,12,12,2025-04-03 16:30:00,Fadiga crônica e mal-estar,Cancelada,Sala 102,180.0,Henrique Fagundes Moura,846.155.789-93,2007-08-28,Masculino,"Rua Bancários, 1399 - Manaíra, João Pessoa/PB",(83) 99323-2612,henrique.fagund@email.com,Unimed,Dra. Cláudia Melo Gusmão,10987/PB,Clínica Geral,30
558,23,12,12,2025-07-15 08:45:00,Sintomas gripais,Realizada,Sala 102,180.0,Henrique Fagundes Moura,846.155.789-93,2007-08-28,Masculino,"Rua Bancários, 1399 - Manaíra, João Pessoa/PB",(83) 99323-2612,henrique.fagund@email.com,Unimed,Dra. Cláudia Melo Gusmão,10987/PB,Clínica Geral,30
593,23,12,12,2025-07-26 17:45:00,Avaliação de exames laboratoriais,Realizada,Sala 102,180.0,Henrique Fagundes Moura,846.155.789-93,2007-08-28,Masculino,"Rua Bancários, 1399 - Manaíra, João Pessoa/PB",(83) 99323-2612,henrique.fagund@email.com,Unimed,Dra. Cláudia Melo Gusmão,10987/PB,Clínica Geral,30
731,23,12,12,2025-09-15 12:00:00,Check-up preventivo geral,Realizada,Sala 102,180.0,Henrique Fagundes Moura,846.155.789-93,2007-08-28,Masculino,"Rua Bancários, 1399 - Manaíra, João Pessoa/PB",(83) 99323-2612,henrique.fagund@email.com,Unimed,Dra. Cláudia Melo Gusmão,10987/PB,Clínica Geral,30
1134,39,12,12,2026-01-30 15:15:00,Fadiga crônica e mal-estar,Realizada,Sala 102,170.0,Camila Nunes Nascimento,139.979.581-38,1968-07-28,Feminino,"Rua dos Ipês, 942 - Mangabeira, João Pessoa/PB",(83) 98408-8541,camila.nunes.na@email.com,SulAmérica,Dra. Cláudia Melo Gusmão,10987/PB,Clínica Geral,30
491,70,12,12,2025-06-23 15:15:00,Avaliação de exames laboratoriais,Realizada,Sala 102,160.0,Patrícia Machado Vieira,735.161.724-22,2009-05-19,Feminino,"Rua dos Ipês, 342 - Bessa, João Pessoa/PB",(83) 99940-4404,patrícia.machad@email.com,Cassi,Dra. Cláudia Melo Gusmão,10987/PB,Clínica Geral,30
602,70,12,12,2025-07-30 11:15:00,Check-up preventivo geral,Realizada,Sala 102,160.0,Patrícia Machado Vieira,735.161.724-22,2009-05-19,Feminino,"Rua dos Ipês, 342 - Bessa, João Pessoa/PB",(83) 99940-4404,patrícia.machad@email.com,Cassi,Dra. Cláudia Melo Gusmão,10987/PB,Clínica Geral,30
642,74,12,12,2025-08-14 12:45:00,Sintomas gripais,Não Compareceu,Sala 102,164.0,Bruna Lima Soares,712.140.542-51,2018-08-03,Feminino,"Rua Principal, 947 - Manaíra, João Pessoa/PB",(83) 99236-5102,bruna.lima.soar@email.com,Amil,Dra. Cláudia Melo Gusmão,10987/PB,Clínica Geral,30
1479,49,12,12,2026-06-13 12:15:00,Avaliação de exames laboratoriais,Cancelada,Sala 102,176.0,Gabriela Almeida Mendes,586.560.365-41,1975-12-28,Feminino,"Rua Bancários, 989 - Torre, João Pessoa/PB",(83) 99720-5543,gabriela.almeid@email.com,Bradesco Saúde,Dra. Cláudia Melo Gusmão,10987/PB,Clínica Geral,30
1088,82,12,12,2026-01-15 11:30:00,Fadiga crônica e mal-estar,Realizada,Sala 102,170.0,Helena Vieira Dias,651.595.453-52,2017-03-15,Feminino,"Rua Bancários, 1328 - Bancários, João Pessoa/PB",(83) 99130-9903,helena.vieira.d@email.com,SulAmérica,Dra. Cláudia Melo Gusmão,10987/PB,Clínica Geral,30
1470,82,12,12,2026-06-10 08:30:00,Avaliação de exames laboratoriais,Não Compareceu,Sala 102,170.0,Helena Vieira Dias,651.595.453-52,2017-03-15,Feminino,"Rua Bancários, 1328 - Bancários, João Pessoa/PB",(83) 99130-9903,helena.vieira.d@email.com,SulAmérica,Dra. Cláudia Melo Gusmão,10987/PB,Clínica Geral,30
139,50,12,12,2025-02-19 10:00:00,Avaliação de exames laboratoriais,Realizada,Sala 102,180.0,Débora Oliveira Nascimento,443.427.653-20,1991-04-09,Feminino,"Rua Bancários, 635 - Bessa, João Pessoa/PB",(83) 98283-3471,débora.oliveira@email.com,Unimed,Dra. Cláudia Melo Gusmão,10987/PB,Clínica Geral,30
997,50,12,12,2025-12-15 12:45:00,Check-up preventivo geral,Não Compareceu,Sala 102,180.0,Débora Oliveira Nascimento,443.427.653-20,1991-04-09,Feminino,"Rua Bancários, 635 - Bessa, João Pessoa/PB",(83) 98283-3471,débora.oliveira@email.com,Unimed,Dra. Cláudia Melo Gusmão,10987/PB,Clínica Geral,30
1364,50,12,12,2026-05-04 12:45:00,Avaliação de exames laboratoriais,Realizada,Sala 102,180.0,Débora Oliveira Nascimento,443.427.653-20,1991-04-09,Feminino,"Rua Bancários, 635 - Bessa, João Pessoa/PB",(83) 98283-3471,débora.oliveira@email.com,Unimed,Dra. Cláudia Melo Gusmão,10987/PB,Clínica Geral,30
1052,56,12,12,2026-01-02 08:15:00,Avaliação de exames laboratoriais,Realizada,Sala 102,200.0,Lucas Moreira Rocha,304.959.120-89,1960-01-08,Masculino,"Rua Bancários, 478 - Cabo Branco, João Pessoa/PB",(83) 98312-4908,lucas.moreira.r@email.com,Particular,Dra. Cláudia Melo Gusmão,10987/PB,Clínica Geral,30
1677,56,12,12,2026-08-17 10:45:00,Sintomas gripais,Não Compareceu,Sala 102,200.0,Lucas Moreira Rocha,304.959.120-89,1960-01-08,Masculino,"Rua Bancários, 478 - Cabo Branco, João Pessoa/PB",(83) 98312-4908,lucas.moreira.r@email.com,Particular,Dra. Cláudia Melo Gusmão,10987/PB,Clínica Geral,30
536,12,12,12,2025-07-07 14:15:00,Fadiga crônica e mal-estar,Realizada,Sala 102,160.0,Larissa Vasconcelos Brito,710.165.494-58,1975-11-14,Feminino,"Rua dos Ipês, 2276 - Torre, João Pessoa/PB",(83) 99220-8668,larissa.vasconc@email.com,Cassi,Dra. Cláudia Melo Gusmão,10987/PB,Clínica Geral,30
1647,12,12,12,2026-08-06 17:30:00,Sintomas gripais,Cancelada,Sala 102,160.0,Larissa Vasconcelos Brito,710.165.494-58,1975-11-14,Feminino,"Rua dos Ipês, 2276 - Torre, João Pessoa/PB",(83) 99220-8668,larissa.vasconc@email.com,Cassi,Dra. Cláudia Melo Gusmão,10987/PB,Clínica Geral,30
188,1,12,12,2025-03-10 09:45:00,Avaliação de exames laboratoriais,Realizada,Sala 102,176.0,Carlos Eduardo Silva,381.350.328-27,1969-01-24,Masculino,"Rua Principal, 2428 - Torre, João Pessoa/PB",(83) 99508-2679,carlos.eduardo.@email.com,Bradesco Saúde,Dra. Cláudia Melo Gusmão,10987/PB,Clínica Geral,30
575,51,12,12,2025-07-21 17:00:00,Fadiga crônica e mal-estar,Realizada,Sala 102,160.0,Lucas Carvalho Carvalho,525.163.311-63,1997-09-15,Masculino,"Rua Bancários, 1963 - Jaguaribe, João Pessoa/PB",(83) 98797-1320,lucas.carvalho.@email.com,Cassi,Dra. Cláudia Melo Gusmão,10987/PB,Clínica Geral,30
1409,13,12,12,2026-05-20 16:30:00,Check-up preventivo geral,Não Compareceu,Sala 102,164.0,Rodrigo Teixeira Santos,217.798.649-44,1956-11-24,Masculino,"Rua dos Ipês, 1790 - Tambaú, João Pessoa/PB",(83) 99574-6573,rodrigo.teixeir@email.com,Amil,Dra. Cláudia Melo Gusmão,10987/PB,Clínica Geral,30
1432,13,12,12,2026-05-26 17:45:00,Avaliação de exames laboratoriais,Não Compareceu,Sala 102,164.0,Rodrigo Teixeira Santos,217.798.649-44,1956-11-24,Masculino,"Rua dos Ipês, 1790 - Tambaú, João Pessoa/PB",(83) 99574-6573,rodrigo.teixeir@email.com,Amil,Dra. Cláudia Melo Gusmão,10987/PB,Clínica Geral,30
313,81,12,12,2025-04-23 11:15:00,Avaliação de exames laboratoriais,Realizada,Sala 102,200.0,Larissa Freitas Barbosa,891.908.974-63,1972-02-09,Feminino,"Rua Principal, 1168 - Altiplano, João Pessoa/PB",(83) 98696-9318,larissa.freitas@email.com,Particular,Dra. Cláudia Melo Gusmão,10987/PB,Clínica Geral,30
1132,81,12,12,2026-01-30 17:00:00,Fadiga crônica e mal-estar,Não Compareceu,Sala 102,200.0,Larissa Freitas Barbosa,891.908.974-63,1972-02-09,Feminino,"Rua Principal, 1168 - Altiplano, João Pessoa/PB",(83) 98696-9318,larissa.freitas@email.com,Particular,Dra. Cláudia Melo Gusmão,10987/PB,Clínica Geral,30
733,55,12,12,2025-09-15 09:00:00,Sintomas gripais,Não Compareceu,Sala 102,170.0,Marcelo Costa Costa,951.531.358-20,2003-05-25,Masculino,"Rua Principal, 1443 - Torre, João Pessoa/PB",(83) 98963-1317,marcelo.costa.c@email.com,SulAmérica,Dra. Cláudia Melo Gusmão,10987/PB,Clínica Geral,30
278,41,12,12,2025-04-10 09:00:00,Sintomas gripais,Realizada,Sala 102,180.0,Maria Souza Mendes,371.139.211-86,1988-03-19,Feminino,"Rua Bancários, 2493 - Mangabeira, João Pessoa/PB",(83) 98889-6663,maria.souza.men@email.com,Unimed,Dra. Cláudia Melo Gusmão,10987/PB,Clínica Geral,30
1386,41,12,12,2026-05-12 09:15:00,Sintomas gripais,Realizada,Sala 102,180.0,Maria Souza Mendes,371.139.211-86,1988-03-19,Feminino,"Rua Bancários, 2493 - Mangabeira, João Pessoa/PB",(83) 98889-6663,maria.souza.men@email.com,Unimed,Dra. Cláudia Melo Gusmão,10987/PB,Clínica Geral,30
182,27,12,12,2025-03-07 17:30:00,Sintomas gripais,Realizada,Sala 102,180.0,Sérgio Ramos Peixoto,903.565.392-64,2004-05-26,Masculino,"Rua das Flores, 1225 - Cabo Branco, João Pessoa/PB",(83) 99426-8973,sérgio.ramos.pe@email.com,Unimed,Dra. Cláudia Melo Gusmão,10987/PB,Clínica Geral,30
1024,94,12,12,2025-12-24 13:45:00,Sintomas gripais,Realizada,Sala 102,170.0,Marcelo Oliveira Rodrigues,790.506.966-81,1983-11-24,Masculino,"Rua Principal, 1093 - Bancários, João Pessoa/PB",(83) 98749-2479,marcelo.oliveir@email.com,SulAmérica,Dra. Cláudia Melo Gusmão,10987/PB,Clínica Geral,30
1214,67,12,12,2026-03-04 08:45:00,Fadiga crônica e mal-estar,Realizada,Sala 102,180.0,Thiago Silva Nascimento,155.666.399-99,1971-05-02,Masculino,"Rua Principal, 60 - Centro, João Pessoa/PB",(83) 99933-3068,thiago.silva.na@email.com,Unimed,Dra. Cláudia Melo Gusmão,10987/PB,Clínica Geral,30
360,101,12,12,2025-05-09 12:00:00,Sintomas gripais,Realizada,Sala 102,180.0,Gabriel Fernandes Lima,987.126.234-11,1977-02-22,Masculino,"Rua dos Ipês, 74 - Jaguaribe, João Pessoa/PB",(83) 98733-4898,gabriel.fernand@email.com,Unimed,Dra. Cláudia Melo Gusmão,10987/PB,Clínica Geral,30
652,101,12,12,2025-08-18 08:45:00,Sintomas gripais,Não Compareceu,Sala 102,180.0,Gabriel Fernandes Lima,987.126.234-11,1977-02-22,Masculino,"Rua dos Ipês, 74 - Jaguaribe, João Pessoa/PB",(83) 98733-4898,gabriel.fernand@email.com,Unimed,Dra. Cláudia Melo Gusmão,10987/PB,Clínica Geral,30
384,96,12,12,2025-05-16 13:15:00,Fadiga crônica e mal-estar,Realizada,Sala 102,176.0,Isabela Pereira Rocha,575.817.409-93,1963-11-27,Feminino,"Rua Principal, 162 - Cabo Branco, João Pessoa/PB",(83) 98836-2911,isabela.pereira@email.com,Bradesco Saúde,Dra. Cláudia Melo Gusmão,10987/PB,Clínica Geral,30
216,30,12,12,2025-03-20 16:00:00,Check-up preventivo geral,Não Compareceu,Sala 102,180.0,Letícia Holanda Freire,140.734.183-63,1986-10-20,Feminino,"Rua dos Ipês, 846 - Mangabeira, João Pessoa/PB",(83) 99346-9565,letícia.holanda@email.com,Unimed,Dra. Cláudia Melo Gusmão,10987/PB,Clínica Geral,30
365,60,12,12,2025-05-12 10:00:00,Avaliação de exames laboratoriais,Não Compareceu,Sala 102,180.0,Rodrigo Ribeiro Rocha,545.280.851-76,2013-12-05,Masculino,"Rua Epitácio Pessoa, 1990 - Jaguaribe, João Pessoa/PB",(83) 99977-5425,rodrigo.ribeiro@email.com,Unimed,Dra. Cláudia Melo Gusmão,10987/PB,Clínica Geral,30
1243,60,12,12,2026-03-18 15:45:00,Sintomas gripais,Realizada,Sala 102,180.0,Rodrigo Ribeiro Rocha,545.280.851-76,2013-12-05,Masculino,"Rua Epitácio Pessoa, 1990 - Jaguaribe, João Pessoa/PB",(83) 99977-5425,rodrigo.ribeiro@email.com,Unimed,Dra. Cláudia Melo Gusmão,10987/PB,Clínica Geral,30
1527,60,12,12,2026-06-29 15:15:00,Fadiga crônica e mal-estar,Realizada,Sala 102,180.0,Rodrigo Ribeiro Rocha,545.280.851-76,2013-12-05,Masculino,"Rua Epitácio Pessoa, 1990 - Jaguaribe, João Pessoa/PB",(83) 99977-5425,rodrigo.ribeiro@email.com,Unimed,Dra. Cláudia Melo Gusmão,10987/PB,Clínica Geral,30
296,92,12,12,2025-04-16 12:45:00,Avaliação de exames laboratoriais,Realizada,Sala 102,164.0,Beatriz Rocha Souza,551.134.693-56,1960-05-26,Feminino,"Rua dos Ipês, 1348 - Tambaú, João Pessoa/PB",(83) 99499-3153,beatriz.rocha.s@email.com,Amil,Dra. Cláudia Melo Gusmão,10987/PB,Clínica Geral,30
387,26,12,12,2025-05-17 17:45:00,Avaliação de exames laboratoriais,Realizada,Sala 102,164.0,Renata Vasconcelos Paiva,592.318.985-61,1976-07-16,Feminino,"Rua Bancários, 18 - Cabo Branco, João Pessoa/PB",(83) 99848-1960,renata.vasconce@email.com,Amil,Dra. Cláudia Melo Gusmão,10987/PB,Clínica Geral,30
794,61,12,12,2025-10-02 14:30:00,Check-up preventivo geral,Realizada,Sala 102,176.0,Carolina Marques Andrade,351.950.188-45,1989-06-28,Feminino,"Rua Bancários, 2344 - Bessa, João Pessoa/PB",(83) 99805-8385,carolina.marque@email.com,Bradesco Saúde,Dra. Cláudia Melo Gusmão,10987/PB,Clínica Geral,30
1550,116,12,12,2026-07-04 15:15:00,Avaliação de exames laboratoriais,Realizada,Sala 102,200.0,Fernanda Martins Silva,732.571.951-98,1996-03-26,Feminino,"Rua Bancários, 443 - Tambaú, João Pessoa/PB",(83) 99883-6928,fernanda.martin@email.com,Particular,Dra. Cláudia Melo Gusmão,10987/PB,Clínica Geral,30
1446,38,12,12,2026-06-01 12:30:00,Avaliação de exames laboratoriais,Realizada,Sala 102,180.0,Isabela Andrade Rodrigues,930.281.522-13,1985-03-26,Feminino,"Rua Esperança, 1026 - Bancários, João Pessoa/PB",(83) 98367-6442,isabela.andrade@email.com,Unimed,Dra. Cláudia Melo Gusmão,10987/PB,Clínica Geral,30
799,112,12,12,2025-10-04 10:30:00,Avaliação de exames laboratoriais,Não Compareceu,Sala 102,180.0,Lucas Lima Almeida,552.524.379-37,2009-08-20,Masculino,"Rua dos Ipês, 1770 - Tambaú, João Pessoa/PB",(83) 99546-9394,lucas.lima.alme@email.com,Unimed,Dra. Cláudia Melo Gusmão,10987/PB,Clínica Geral,30
1351,112,12,12,2026-04-29 11:00:00,Fadiga crônica e mal-estar,Não Compareceu,Sala 102,180.0,Lucas Lima Almeida,552.524.379-37,2009-08-20,Masculino,"Rua dos Ipês, 1770 - Tambaú, João Pessoa/PB",(83) 99546-9394,lucas.lima.alme@email.com,Unimed,Dra. Cláudia Melo Gusmão,10987/PB,Clínica Geral,30
1211,69,12,12,2026-03-03 10:45:00,Sintomas gripais,Realizada,Sala 102,180.0,Gabriel Rodrigues Nunes,221.671.882-63,1993-02-08,Masculino,"Rua Bancários, 1855 - Torre, João Pessoa/PB",(83) 99241-4697,gabriel.rodrigu@email.com,Unimed,Dra. Cláudia Melo Gusmão,10987/PB,Clínica Geral,30
911,97,12,12,2025-11-12 15:30:00,Avaliação de exames laboratoriais,Cancelada,Sala 102,176.0,Daniela Souza Souza,497.564.479-95,1985-09-05,Feminino,"Rua Epitácio Pessoa, 642 - Bancários, João Pessoa/PB",(83) 99944-9850,daniela.souza.s@email.com,Bradesco Saúde,Dra. Cláudia Melo Gusmão,10987/PB,Clínica Geral,30
1354,64,12,12,2026-04-30 13:15:00,Avaliação de exames laboratoriais,Realizada,Sala 102,176.0,Thiago Pereira Martins,695.477.584-80,1986-05-22,Masculino,"Rua Esperança, 2264 - Bancários, João Pessoa/PB",(83) 99087-6632,thiago.pereira.@email.com,Bradesco Saúde,Dra. Cláudia Melo Gusmão,10987/PB,Clínica Geral,30
1436,64,12,12,2026-05-27 14:30:00,Check-up preventivo geral,Realizada,Sala 102,176.0,Thiago Pereira Martins,695.477.584-80,1986-05-22,Masculino,"Rua Esperança, 2264 - Bancários, João Pessoa/PB",(83) 99087-6632,thiago.pereira.@email.com,Bradesco Saúde,Dra. Cláudia Melo Gusmão,10987/PB,Clínica Geral,30
805,37,12,12,2025-10-07 15:45:00,Fadiga crônica e mal-estar,Não Compareceu,Sala 102,180.0,Rodrigo Rodrigues Santos,981.140.466-36,1994-06-26,Masculino,"Rua dos Ipês, 2303 - Tambaú, João Pessoa/PB",(83) 99396-5088,rodrigo.rodrigu@email.com,Unimed,Dra. Cláudia Melo Gusmão,10987/PB,Clínica Geral,30
405,78,12,12,2025-05-22 09:15:00,Avaliação de exames laboratoriais,Realizada,Sala 102,180.0,Fernando Ribeiro Barbosa,878.152.308-44,2018-11-15,Masculino,"Rua Bancários, 1995 - Altiplano, João Pessoa/PB",(83) 99124-3146,fernando.ribeir@email.com,Unimed,Dra. Cláudia Melo Gusmão,10987/PB,Clínica Geral,30
499,78,12,12,2025-06-25 09:00:00,Fadiga crônica e mal-estar,Realizada,Sala 102,180.0,Fernando Ribeiro Barbosa,878.152.308-44,2018-11-15,Masculino,"Rua Bancários, 1995 - Altiplano, João Pessoa/PB",(83) 99124-3146,fernando.ribeir@email.com,Unimed,Dra. Cláudia Melo Gusmão,10987/PB,Clínica Geral,30
528,80,12,12,2025-07-03 10:00:00,Check-up preventivo geral,Realizada,Sala 102,180.0,Gabriel Lopes Freitas,379.525.954-71,1992-09-23,Masculino,"Rua Epitácio Pessoa, 602 - Centro, João Pessoa/PB",(83) 98967-4993,gabriel.lopes.f@email.com,Unimed,Dra. Cláudia Melo Gusmão,10987/PB,Clínica Geral,30
996,28,12,12,2025-12-13 08:15:00,Check-up preventivo geral,Realizada,Sala 102,176.0,Tatiane Farias Medeiros,853.655.162-50,1982-01-19,Feminino,"Rua Bancários, 2069 - Jaguaribe, João Pessoa/PB",(83) 98117-1821,tatiane.farias.@email.com,Bradesco Saúde,Dra. Cláudia Melo Gusmão,10987/PB,Clínica Geral,30
1583,10,4,4,2026-07-16 10:30:00,Alergia alimentar infantil,Realizada,Sala 301,213.2,Camila Farias Albuquerque,246.371.242-41,2005-11-15,Feminino,"Rua Esperança, 2404 - Altiplano, João Pessoa/PB",(83) 99525-9830,camila.farias.a@email.com,Amil,Dra. Vanessa Lins Bezerra,10234/PB,Pediatria,45
2,84,4,4,2025-01-01 13:45:00,Consulta de puericultura de rotina,Realizada,Sala 301,234.0,Fernanda Machado Machado,567.115.839-28,2011-02-17,Feminino,"Rua Bancários, 1095 - Tambaú, João Pessoa/PB",(83) 98839-3529,fernanda.machad@email.com,Unimed,Dra. Vanessa Lins Bezerra,10234/PB,Pediatria,45
1442,84,4,4,2026-05-30 13:45:00,Consulta de puericultura de rotina,Realizada,Sala 301,234.0,Fernanda Machado Machado,567.115.839-28,2011-02-17,Feminino,"Rua Bancários, 1095 - Tambaú, João Pessoa/PB",(83) 98839-3529,fernanda.machad@email.com,Unimed,Dra. Vanessa Lins Bezerra,10234/PB,Pediatria,45
1559,84,4,4,2026-07-08 13:45:00,Consulta de puericultura de rotina,Realizada,Sala 301,234.0,Fernanda Machado Machado,567.115.839-28,2011-02-17,Feminino,"Rua Bancários, 1095 - Tambaú, João Pessoa/PB",(83) 98839-3529,fernanda.machad@email.com,Unimed,Dra. Vanessa Lins Bezerra,10234/PB,Pediatria,45
665,72,4,4,2025-08-22 11:00:00,Consulta de puericultura de rotina,Realizada,Sala 301,234.0,Débora Oliveira Dias,910.740.703-94,1984-05-26,Feminino,"Rua Principal, 2240 - Bancários, João Pessoa/PB",(83) 99646-4241,débora.oliveira@email.com,Unimed,Dra. Vanessa Lins Bezerra,10234/PB,Pediatria,45
290,91,4,4,2025-04-15 12:30:00,Alergia alimentar infantil,Realizada,Sala 301,234.0,Maria Vieira Machado,608.952.393-39,1961-10-24,Feminino,"Rua Esperança, 788 - Bessa, João Pessoa/PB",(83) 99243-6772,maria.vieira.ma@email.com,Unimed,Dra. Vanessa Lins Bezerra,10234/PB,Pediatria,45
10,24,4,4,2025-01-03 13:45:00,Quadro febril e tosse,Não Compareceu,Sala 301,228.8,Isabela Duarte Correia,294.649.559-27,1968-04-07,Feminino,"Rua Bancários, 1033 - Altiplano, João Pessoa/PB",(83) 98864-4006,isabela.duarte.@email.com,Bradesco Saúde,Dra. Vanessa Lins Bezerra,10234/PB,Pediatria,45
532,24,4,4,2025-07-05 16:45:00,Consulta de puericultura de rotina,Realizada,Sala 301,228.8,Isabela Duarte Correia,294.649.559-27,1968-04-07,Feminino,"Rua Bancários, 1033 - Altiplano, João Pessoa/PB",(83) 98864-4006,isabela.duarte.@email.com,Bradesco Saúde,Dra. Vanessa Lins Bezerra,10234/PB,Pediatria,45
1315,24,4,4,2026-04-16 16:30:00,Alergia alimentar infantil,Realizada,Sala 301,228.8,Isabela Duarte Correia,294.649.559-27,1968-04-07,Feminino,"Rua Bancários, 1033 - Altiplano, João Pessoa/PB",(83) 98864-4006,isabela.duarte.@email.com,Bradesco Saúde,Dra. Vanessa Lins Bezerra,10234/PB,Pediatria,45
1350,31,4,4,2026-04-28 09:00:00,Consulta de puericultura de rotina,Não Compareceu,Sala 301,221.0,Guilherme Sampaio Neves,505.234.787-92,1995-04-09,Masculino,"Rua Principal, 48 - Mangabeira, João Pessoa/PB",(83) 98614-8491,guilherme.sampa@email.com,SulAmérica,Dra. Vanessa Lins Bezerra,10234/PB,Pediatria,45
18,117,4,4,2025-01-07 15:30:00,Alergia alimentar infantil,Realizada,Sala 301,213.2,Rodrigo Vieira Martins,417.863.447-38,1965-07-28,Masculino,"Rua Epitácio Pessoa, 477 - Tambaú, João Pessoa/PB",(83) 98682-3754,rodrigo.vieira.@email.com,Amil,Dra. Vanessa Lins Bezerra,10234/PB,Pediatria,45
402,117,4,4,2025-05-22 16:45:00,Vacinação e desenvolvimento infantil,Cancelada,Sala 301,213.2,Rodrigo Vieira Martins,417.863.447-38,1965-07-28,Masculino,"Rua Epitácio Pessoa, 477 - Tambaú, João Pessoa/PB",(83) 98682-3754,rodrigo.vieira.@email.com,Amil,Dra. Vanessa Lins Bezerra,10234/PB,Pediatria,45
1159,117,4,4,2026-02-10 08:15:00,Quadro febril e tosse,Realizada,Sala 301,213.2,Rodrigo Vieira Martins,417.863.447-38,1965-07-28,Masculino,"Rua Epitácio Pessoa, 477 - Tambaú, João Pessoa/PB",(83) 98682-3754,rodrigo.vieira.@email.com,Amil,Dra. Vanessa Lins Bezerra,10234/PB,Pediatria,45
1385,117,4,4,2026-05-12 13:15:00,Vacinação e desenvolvimento infantil,Realizada,Sala 301,213.2,Rodrigo Vieira Martins,417.863.447-38,1965-07-28,Masculino,"Rua Epitácio Pessoa, 477 - Tambaú, João Pessoa/PB",(83) 98682-3754,rodrigo.vieira.@email.com,Amil,Dra. Vanessa Lins Bezerra,10234/PB,Pediatria,45
209,118,4,4,2025-03-17 10:30:00,Consulta de puericultura de rotina,Realizada,Sala 301,234.0,Bruno Ribeiro Andrade,249.362.302-32,1973-04-04,Masculino,"Rua das Flores, 2033 - Tambaú, João Pessoa/PB",(83) 99233-3504,bruno.ribeiro.a@email.com,Unimed,Dra. Vanessa Lins Bezerra,10234/PB,Pediatria,45
22,33,4,4,2025-01-08 10:45:00,Vacinação e desenvolvimento infantil,Não Compareceu,Sala 301,234.0,Bruno Gomes Ferreira,409.726.926-93,2011-09-23,Masculino,"Rua dos Ipês, 434 - Torre, João Pessoa/PB",(83) 99083-1128,bruno.gomes.fer@email.com,Unimed,Dra. Vanessa Lins Bezerra,10234/PB,Pediatria,45
117,33,4,4,2025-02-10 13:00:00,Vacinação e desenvolvimento infantil,Realizada,Sala 301,234.0,Bruno Gomes Ferreira,409.726.926-93,2011-09-23,Masculino,"Rua dos Ipês, 434 - Torre, João Pessoa/PB",(83) 99083-1128,bruno.gomes.fer@email.com,Unimed,Dra. Vanessa Lins Bezerra,10234/PB,Pediatria,45
244,77,4,4,2025-03-31 08:30:00,Alergia alimentar infantil,Não Compareceu,Sala 301,213.2,Felipe Lima Costa,626.944.101-94,1969-07-28,Masculino,"Rua Bancários, 232 - Centro, João Pessoa/PB",(83) 99780-9889,felipe.lima.cos@email.com,Amil,Dra. Vanessa Lins Bezerra,10234/PB,Pediatria,45
471,77,4,4,2025-06-17 08:30:00,Alergia alimentar infantil,Não Compareceu,Sala 301,213.2,Felipe Lima Costa,626.944.101-94,1969-07-28,Masculino,"Rua Bancários, 232 - Centro, João Pessoa/PB",(83) 99780-9889,felipe.lima.cos@email.com,Amil,Dra. Vanessa Lins Bezerra,10234/PB,Pediatria,45
806,77,4,4,2025-10-07 12:15:00,Alergia alimentar infantil,Realizada,Sala 301,213.2,Felipe Lima Costa,626.944.101-94,1969-07-28,Masculino,"Rua Bancários, 232 - Centro, João Pessoa/PB",(83) 99780-9889,felipe.lima.cos@email.com,Amil,Dra. Vanessa Lins Bezerra,10234/PB,Pediatria,45
1376,77,4,4,2026-05-07 13:00:00,Alergia alimentar infantil,Não Compareceu,Sala 301,213.2,Felipe Lima Costa,626.944.101-94,1969-07-28,Masculino,"Rua Bancários, 232 - Centro, João Pessoa/PB",(83) 99780-9889,felipe.lima.cos@email.com,Amil,Dra. Vanessa Lins Bezerra,10234/PB,Pediatria,45
347,79,4,4,2025-05-03 11:00:00,Alergia alimentar infantil,Realizada,Sala 301,228.8,João Rocha Barbosa,418.664.114-80,1985-12-06,Masculino,"Rua Principal, 1900 - Bessa, João Pessoa/PB",(83) 98835-2527,joão.rocha.barb@email.com,Bradesco Saúde,Dra. Vanessa Lins Bezerra,10234/PB,Pediatria,45
1539,79,4,4,2026-07-01 10:45:00,Vacinação e desenvolvimento infantil,Realizada,Sala 301,228.8,João Rocha Barbosa,418.664.114-80,1985-12-06,Masculino,"Rua Principal, 1900 - Bessa, João Pessoa/PB",(83) 98835-2527,joão.rocha.barb@email.com,Bradesco Saúde,Dra. Vanessa Lins Bezerra,10234/PB,Pediatria,45
367,68,4,4,2025-05-12 10:00:00,Quadro febril e tosse,Realizada,Sala 301,213.2,Daniela Lopes Almeida,358.982.589-24,1998-03-02,Feminino,"Rua Bancários, 313 - Bancários, João Pessoa/PB",(83) 99683-2070,daniela.lopes.a@email.com,Amil,Dra. Vanessa Lins Bezerra,10234/PB,Pediatria,45
441,107,4,4,2025-06-06 17:30:00,Consulta de puericultura de rotina,Não Compareceu,Sala 301,228.8,Lucas Marques Oliveira,862.856.481-26,1966-07-04,Masculino,"Rua Epitácio Pessoa, 2310 - Jaguaribe, João Pessoa/PB",(83) 99139-1982,lucas.marques.o@email.com,Bradesco Saúde,Dra. Vanessa Lins Bezerra,10234/PB,Pediatria,45
1627,107,4,4,2026-07-30 10:45:00,Alergia alimentar infantil,Cancelada,Sala 301,228.8,Lucas Marques Oliveira,862.856.481-26,1966-07-04,Masculino,"Rua Epitácio Pessoa, 2310 - Jaguaribe, João Pessoa/PB",(83) 99139-1982,lucas.marques.o@email.com,Bradesco Saúde,Dra. Vanessa Lins Bezerra,10234/PB,Pediatria,45
650,5,4,4,2025-08-16 08:15:00,Consulta de puericultura de rotina,Realizada,Sala 301,234.0,Roberto Alves Monteiro,649.227.487-20,1960-12-15,Masculino,"Rua dos Ipês, 2374 - Jaguaribe, João Pessoa/PB",(83) 99130-5803,roberto.alves.m@email.com,Unimed,Dra. Vanessa Lins Bezerra,10234/PB,Pediatria,45
1084,5,4,4,2026-01-14 10:30:00,Quadro febril e tosse,Realizada,Sala 301,234.0,Roberto Alves Monteiro,649.227.487-20,1960-12-15,Masculino,"Rua dos Ipês, 2374 - Jaguaribe, João Pessoa/PB",(83) 99130-5803,roberto.alves.m@email.com,Unimed,Dra. Vanessa Lins Bezerra,10234/PB,Pediatria,45
1215,5,4,4,2026-03-05 11:45:00,Quadro febril e tosse,Realizada,Sala 301,234.0,Roberto Alves Monteiro,649.227.487-20,1960-12-15,Masculino,"Rua dos Ipês, 2374 - Jaguaribe, João Pessoa/PB",(83) 99130-5803,roberto.alves.m@email.com,Unimed,Dra. Vanessa Lins Bezerra,10234/PB,Pediatria,45
46,66,4,4,2025-01-17 09:15:00,Quadro febril e tosse,Realizada,Sala 301,228.8,Rafael Andrade Lopes,878.637.711-46,1990-12-19,Masculino,"Rua das Flores, 1488 - Altiplano, João Pessoa/PB",(83) 98205-4180,rafael.andrade.@email.com,Bradesco Saúde,Dra. Vanessa Lins Bezerra,10234/PB,Pediatria,45
791,111,4,4,2025-10-01 15:45:00,Alergia alimentar infantil,Não Compareceu,Sala 301,234.0,Fernando Alves Martins,261.478.419-51,2008-08-11,Masculino,"Rua das Flores, 654 - Manaíra, João Pessoa/PB",(83) 99590-2391,fernando.alves.@email.com,Unimed,Dra. Vanessa Lins Bezerra,10234/PB,Pediatria,45
1143,106,4,4,2026-02-03 16:00:00,Vacinação e desenvolvimento infantil,Não Compareceu,Sala 301,234.0,Aline Marques Almeida,197.420.537-50,2006-07-24,Feminino,"Rua das Flores, 1952 - Mangabeira, João Pessoa/PB",(83) 99362-5176,aline.marques.a@email.com,Unimed,Dra. Vanessa Lins Bezerra,10234/PB,Pediatria,45
863,109,4,4,2025-10-25 15:45:00,Consulta de puericultura de rotina,Realizada,Sala 301,234.0,Mateus Ribeiro Machado,385.687.331-64,2002-02-25,Masculino,"Rua Esperança, 1105 - Jaguaribe, João Pessoa/PB",(83) 99730-1430,mateus.ribeiro.@email.com,Unimed,Dra. Vanessa Lins Bezerra,10234/PB,Pediatria,45
1612,109,4,4,2026-07-24 10:00:00,Quadro febril e tosse,Não Compareceu,Sala 301,234.0,Mateus Ribeiro Machado,385.687.331-64,2002-02-25,Masculino,"Rua Esperança, 1105 - Jaguaribe, João Pessoa/PB",(83) 99730-1430,mateus.ribeiro.@email.com,Unimed,Dra. Vanessa Lins Bezerra,10234/PB,Pediatria,45
1173,32,4,4,2026-02-14 11:00:00,Consulta de puericultura de rotina,Realizada,Sala 301,234.0,Daniela Coutinho Lins,202.175.650-37,2013-10-19,Feminino,"Rua dos Ipês, 291 - Cabo Branco, João Pessoa/PB",(83) 99036-5345,daniela.coutinh@email.com,Unimed,Dra. Vanessa Lins Bezerra,10234/PB,Pediatria,45
272,34,4,4,2025-04-09 12:00:00,Consulta de puericultura de rotina,Não Compareceu,Sala 301,260.0,Diego Souza Mendes,259.378.388-87,1968-12-18,Masculino,"Rua Esperança, 1091 - Bessa, João Pessoa/PB",(83) 98431-6617,diego.souza.men@email.com,Particular,Dra. Vanessa Lins Bezerra,10234/PB,Pediatria,45
183,18,4,4,2025-03-07 11:00:00,Vacinação e desenvolvimento infantil,Realizada,Sala 301,228.8,Clarice Lispector Cunha,993.721.533-37,1976-05-17,Feminino,"Rua Esperança, 1286 - Bessa, João Pessoa/PB",(83) 99902-9835,clarice.lispect@email.com,Bradesco Saúde,Dra. Vanessa Lins Bezerra,10234/PB,Pediatria,45
237,9,4,4,2025-03-27 15:15:00,Vacinação e desenvolvimento infantil,Não Compareceu,Sala 301,221.0,Thiago Rocha Cavalcanti,374.167.316-82,1959-06-13,Masculino,"Rua Esperança, 2054 - Bessa, João Pessoa/PB",(83) 99794-6155,thiago.rocha.ca@email.com,SulAmérica,Dra. Vanessa Lins Bezerra,10234/PB,Pediatria,45
1473,9,4,4,2026-06-11 16:15:00,Consulta de puericultura de rotina,Realizada,Sala 301,221.0,Thiago Rocha Cavalcanti,374.167.316-82,1959-06-13,Masculino,"Rua Esperança, 2054 - Bessa, João Pessoa/PB",(83) 99794-6155,thiago.rocha.ca@email.com,SulAmérica,Dra. Vanessa Lins Bezerra,10234/PB,Pediatria,45
1154,17,4,4,2026-02-09 09:30:00,Consulta de puericultura de rotina,Não Compareceu,Sala 301,234.0,Marcos Vinicius Sales,935.170.878-78,1965-12-16,Masculino,"Rua Esperança, 1956 - Cabo Branco, João Pessoa/PB",(83) 99568-3060,marcos.vinicius@email.com,Unimed,Dra. Vanessa Lins Bezerra,10234/PB,Pediatria,45
1703,115,4,4,2026-08-26 13:00:00,Alergia alimentar infantil,Realizada,Sala 301,221.0,Juliana Martins Machado,570.179.982-50,1960-07-01,Feminino,"Rua Bancários, 1720 - Jaguaribe, João Pessoa/PB",(83) 99179-8033,juliana.martins@email.com,SulAmérica,Dra. Vanessa Lins Bezerra,10234/PB,Pediatria,45
658,108,4,4,2025-08-20 08:15:00,Consulta de puericultura de rotina,Cancelada,Sala 301,213.2,Fernanda Carvalho Ribeiro,394.714.419-55,2009-12-02,Feminino,"Rua das Flores, 1985 - Bessa, João Pessoa/PB",(83) 98212-9313,fernanda.carval@email.com,Amil,Dra. Vanessa Lins Bezerra,10234/PB,Pediatria,45
56,62,4,4,2025-01-21 14:30:00,Consulta de puericultura de rotina,Realizada,Sala 301,234.0,Aline Silva Lopes,317.463.916-43,1996-03-16,Feminino,"Rua Esperança, 1141 - Jaguaribe, João Pessoa/PB",(83) 98697-5581,aline.silva.lop@email.com,Unimed,Dra. Vanessa Lins Bezerra,10234/PB,Pediatria,45
119,62,4,4,2025-02-11 13:30:00,Consulta de puericultura de rotina,Realizada,Sala 301,234.0,Aline Silva Lopes,317.463.916-43,1996-03-16,Feminino,"Rua Esperança, 1141 - Jaguaribe, João Pessoa/PB",(83) 98697-5581,aline.silva.lop@email.com,Unimed,Dra. Vanessa Lins Bezerra,10234/PB,Pediatria,45
778,52,4,4,2025-09-27 09:15:00,Quadro febril e tosse,Não Compareceu,Sala 301,213.2,Bruno Gomes Moreira,865.852.659-87,2004-07-18,Masculino,"Rua das Flores, 1127 - Centro, João Pessoa/PB",(83) 99838-4613,bruno.gomes.mor@email.com,Amil,Dra. Vanessa Lins Bezerra,10234/PB,Pediatria,45
59,58,4,4,2025-01-22 10:00:00,Alergia alimentar infantil,Não Compareceu,Sala 301,234.0,Thiago Vieira Dias,303.177.706-98,2003-07-23,Masculino,"Rua Esperança, 1245 - Tambaú, João Pessoa/PB",(83) 99701-4978,thiago.vieira.d@email.com,Unimed,Dra. Vanessa Lins Bezerra,10234/PB,Pediatria,45
370,58,4,4,2025-05-13 17:15:00,Vacinação e desenvolvimento infantil,Realizada,Sala 301,234.0,Thiago Vieira Dias,303.177.706-98,2003-07-23,Masculino,"Rua Esperança, 1245 - Tambaú, João Pessoa/PB",(83) 99701-4978,thiago.vieira.d@email.com,Unimed,Dra. Vanessa Lins Bezerra,10234/PB,Pediatria,45
118,93,4,4,2025-02-10 08:30:00,Consulta de puericultura de rotina,Realizada,Sala 301,213.2,Camila Alves Rodrigues,379.950.268-42,2001-09-17,Feminino,"Rua Esperança, 1397 - Altiplano, João Pessoa/PB",(83) 99871-8894,camila.alves.ro@email.com,Amil,Dra. Vanessa Lins Bezerra,10234/PB,Pediatria,45
852,93,4,4,2025-10-22 15:30:00,Quadro febril e tosse,Realizada,Sala 301,213.2,Camila Alves Rodrigues,379.950.268-42,2001-09-17,Feminino,"Rua Esperança, 1397 - Altiplano, João Pessoa/PB",(83) 99871-8894,camila.alves.ro@email.com,Amil,Dra. Vanessa Lins Bezerra,10234/PB,Pediatria,45
843,2,4,4,2025-10-20 09:00:00,Quadro febril e tosse,Realizada,Sala 301,208.0,Mariana Souza Lima,195.323.338-74,2009-01-01,Feminino,"Rua das Flores, 2242 - Torre, João Pessoa/PB",(83) 99232-1434,mariana.souza.l@email.com,Cassi,Dra. Vanessa Lins Bezerra,10234/PB,Pediatria,45
1230,42,4,4,2026-03-11 09:00:00,Consulta de puericultura de rotina,Não Compareceu,Sala 301,228.8,Leonardo Mendes Vieira,825.546.101-76,1979-05-02,Masculino,"Rua dos Ipês, 1776 - Bessa, João Pessoa/PB",(83) 99895-9821,leonardo.mendes@email.com,Bradesco Saúde,Dra. Vanessa Lins Bezerra,10234/PB,Pediatria,45
1417,42,4,4,2026-05-21 14:00:00,Vacinação e desenvolvimento infantil,Não Compareceu,Sala 301,228.8,Leonardo Mendes Vieira,825.546.101-76,1979-05-02,Masculino,"Rua dos Ipês, 1776 - Bessa, João Pessoa/PB",(83) 99895-9821,leonardo.mendes@email.com,Bradesco Saúde,Dra. Vanessa Lins Bezerra,10234/PB,Pediatria,45
266,43,4,4,2025-04-07 11:45:00,Vacinação e desenvolvimento infantil,Realizada,Sala 301,234.0,Felipe Barbosa Costa,619.416.782-62,1970-12-10,Masculino,"Rua Epitácio Pessoa, 531 - Altiplano, João Pessoa/PB",(83) 98668-7592,felipe.barbosa.@email.com,Unimed,Dra. Vanessa Lins Bezerra,10234/PB,Pediatria,45
965,43,4,4,2025-12-03 13:30:00,Vacinação e desenvolvimento infantil,Cancelada,Sala 301,234.0,Felipe Barbosa Costa,619.416.782-62,1970-12-10,Masculino,"Rua Epitácio Pessoa, 531 - Altiplano, João Pessoa/PB",(83) 98668-7592,felipe.barbosa.@email.com,Unimed,Dra. Vanessa Lins Bezerra,10234/PB,Pediatria,45
714,19,4,4,2025-09-09 12:45:00,Vacinação e desenvolvimento infantil,Realizada,Sala 301,228.8,Otávio Mesquita Barros,482.548.629-67,2006-11-21,Masculino,"Rua Principal, 1394 - Bessa, João Pessoa/PB",(83) 98247-5061,otávio.mesquita@email.com,Bradesco Saúde,Dra. Vanessa Lins Bezerra,10234/PB,Pediatria,45
912,44,4,4,2025-11-12 15:30:00,Quadro febril e tosse,Não Compareceu,Sala 301,260.0,Rodrigo Dias Martins,408.515.661-10,1977-10-19,Masculino,"Rua Bancários, 2385 - Bessa, João Pessoa/PB",(83) 98622-5700,rodrigo.dias.ma@email.com,Particular,Dra. Vanessa Lins Bezerra,10234/PB,Pediatria,45
972,44,4,4,2025-12-05 14:45:00,Alergia alimentar infantil,Realizada,Sala 301,260.0,Rodrigo Dias Martins,408.515.661-10,1977-10-19,Masculino,"Rua Bancários, 2385 - Bessa, João Pessoa/PB",(83) 98622-5700,rodrigo.dias.ma@email.com,Particular,Dra. Vanessa Lins Bezerra,10234/PB,Pediatria,45
1558,44,4,4,2026-07-07 12:15:00,Vacinação e desenvolvimento infantil,Não Compareceu,Sala 301,260.0,Rodrigo Dias Martins,408.515.661-10,1977-10-19,Masculino,"Rua Bancários, 2385 - Bessa, João Pessoa/PB",(83) 98622-5700,rodrigo.dias.ma@email.com,Particular,Dra. Vanessa Lins Bezerra,10234/PB,Pediatria,45
509,29,4,4,2025-06-27 13:00:00,Vacinação e desenvolvimento infantil,Realizada,Sala 301,221.0,Vinicius Albuquerque Luz,182.971.290-18,1975-01-17,Masculino,"Rua Bancários, 501 - Bessa, João Pessoa/PB",(83) 99218-2113,vinicius.albuqu@email.com,SulAmérica,Dra. Vanessa Lins Bezerra,10234/PB,Pediatria,45
1480,29,4,4,2026-06-15 12:15:00,Vacinação e desenvolvimento infantil,Não Compareceu,Sala 301,221.0,Vinicius Albuquerque Luz,182.971.290-18,1975-01-17,Masculino,"Rua Bancários, 501 - Bessa, João Pessoa/PB",(83) 99218-2113,vinicius.albuqu@email.com,SulAmérica,Dra. Vanessa Lins Bezerra,10234/PB,Pediatria,45
1085,71,4,4,2026-01-14 17:30:00,Alergia alimentar infantil,Não Compareceu,Sala 301,213.2,André Ferreira Fernandes,518.561.805-86,1964-03-01,Masculino,"Rua das Flores, 1190 - Manaíra, João Pessoa/PB",(83) 98962-5771,andré.ferreira.@email.com,Amil,Dra. Vanessa Lins Bezerra,10234/PB,Pediatria,45
289,113,4,4,2025-04-14 08:15:00,Consulta de puericultura de rotina,Não Compareceu,Sala 301,260.0,Thiago Dias Dias,415.146.325-60,2017-09-22,Masculino,"Rua das Flores, 1244 - Manaíra, João Pessoa/PB",(83) 99227-1897,thiago.dias.dia@email.com,Particular,Dra. Vanessa Lins Bezerra,10234/PB,Pediatria,45
440,95,4,4,2025-06-06 11:15:00,Quadro febril e tosse,Realizada,Sala 301,213.2,Marcelo Ribeiro Dias,942.753.480-23,1988-10-13,Masculino,"Rua Principal, 2309 - Centro, João Pessoa/PB",(83) 99382-4830,marcelo.ribeiro@email.com,Amil,Dra. Vanessa Lins Bezerra,10234/PB,Pediatria,45
927,95,4,4,2025-11-19 14:00:00,Quadro febril e tosse,Realizada,Sala 301,213.2,Marcelo Ribeiro Dias,942.753.480-23,1988-10-13,Masculino,"Rua Principal, 2309 - Centro, João Pessoa/PB",(83) 99382-4830,marcelo.ribeiro@email.com,Amil,Dra. Vanessa Lins Bezerra,10234/PB,Pediatria,45
1560,95,4,4,2026-07-08 13:00:00,Consulta de puericultura de rotina,Realizada,Sala 301,213.2,Marcelo Ribeiro Dias,942.753.480-23,1988-10-13,Masculino,"Rua Principal, 2309 - Centro, João Pessoa/PB",(83) 99382-4830,marcelo.ribeiro@email.com,Amil,Dra. Vanessa Lins Bezerra,10234/PB,Pediatria,45
210,8,4,4,2025-03-18 09:45:00,Consulta de puericultura de rotina,Não Compareceu,Sala 301,260.0,Beatriz Nogueira Mendes,488.376.755-98,1986-03-15,Feminino,"Rua Principal, 948 - Mangabeira, João Pessoa/PB",(83) 99140-4598,beatriz.nogueir@email.com,Particular,Dra. Vanessa Lins Bezerra,10234/PB,Pediatria,45
284,89,4,4,2025-04-11 08:45:00,Vacinação e desenvolvimento infantil,Realizada,Sala 301,260.0,Marcelo Mendes Gomes,453.701.406-91,1975-02-15,Masculino,"Rua Bancários, 1247 - Altiplano, João Pessoa/PB",(83) 99970-7951,marcelo.mendes.@email.com,Particular,Dra. Vanessa Lins Bezerra,10234/PB,Pediatria,45
1419,88,4,4,2026-05-22 08:30:00,Quadro febril e tosse,Não Compareceu,Sala 301,221.0,Carlos Oliveira Barbosa,346.609.697-28,2003-10-22,Masculino,"Rua Bancários, 1055 - Altiplano, João Pessoa/PB",(83) 98475-8555,carlos.oliveira@email.com,SulAmérica,Dra. Vanessa Lins Bezerra,10234/PB,Pediatria,45
1115,15,4,4,2026-01-26 12:00:00,Alergia alimentar infantil,Não Compareceu,Sala 301,234.0,Bruno Cardoso Tavares,723.303.256-57,1993-11-17,Masculino,"Rua Epitácio Pessoa, 12 - Torre, João Pessoa/PB",(83) 99561-3646,bruno.cardoso.t@email.com,Unimed,Dra. Vanessa Lins Bezerra,10234/PB,Pediatria,45
1241,15,4,4,2026-03-17 08:30:00,Consulta de puericultura de rotina,Não Compareceu,Sala 301,234.0,Bruno Cardoso Tavares,723.303.256-57,1993-11-17,Masculino,"Rua Epitácio Pessoa, 12 - Torre, João Pessoa/PB",(83) 99561-3646,bruno.cardoso.t@email.com,Unimed,Dra. Vanessa Lins Bezerra,10234/PB,Pediatria,45
678,110,4,4,2025-08-27 09:45:00,Alergia alimentar infantil,Realizada,Sala 301,234.0,Carlos Lima Nascimento,106.285.990-28,1994-06-12,Masculino,"Rua das Flores, 135 - Tambaú, João Pessoa/PB",(83) 99159-7566,carlos.lima.nas@email.com,Unimed,Dra. Vanessa Lins Bezerra,10234/PB,Pediatria,45
1471,110,4,4,2026-06-10 17:00:00,Vacinação e desenvolvimento infantil,Cancelada,Sala 301,234.0,Carlos Lima Nascimento,106.285.990-28,1994-06-12,Masculino,"Rua das Flores, 135 - Tambaú, João Pessoa/PB",(83) 99159-7566,carlos.lima.nas@email.com,Unimed,Dra. Vanessa Lins Bezerra,10234/PB,Pediatria,45
247,23,4,4,2025-03-31 17:30:00,Vacinação e desenvolvimento infantil,Realizada,Sala 301,234.0,Henrique Fagundes Moura,846.155.789-93,2007-08-28,Masculino,"Rua Bancários, 1399 - Manaíra, João Pessoa/PB",(83) 99323-2612,henrique.fagund@email.com,Unimed,Dra. Vanessa Lins Bezerra,10234/PB,Pediatria,45
855,23,4,4,2025-10-22 10:45:00,Alergia alimentar infantil,Não Compareceu,Sala 301,234.0,Henrique Fagundes Moura,846.155.789-93,2007-08-28,Masculino,"Rua Bancários, 1399 - Manaíra, João Pessoa/PB",(83) 99323-2612,henrique.fagund@email.com,Unimed,Dra. Vanessa Lins Bezerra,10234/PB,Pediatria,45
948,23,4,4,2025-11-27 12:15:00,Quadro febril e tosse,Cancelada,Sala 301,234.0,Henrique Fagundes Moura,846.155.789-93,2007-08-28,Masculino,"Rua Bancários, 1399 - Manaíra, João Pessoa/PB",(83) 99323-2612,henrique.fagund@email.com,Unimed,Dra. Vanessa Lins Bezerra,10234/PB,Pediatria,45
949,23,4,4,2025-11-27 08:15:00,Consulta de puericultura de rotina,Realizada,Sala 301,234.0,Henrique Fagundes Moura,846.155.789-93,2007-08-28,Masculino,"Rua Bancários, 1399 - Manaíra, João Pessoa/PB",(83) 99323-2612,henrique.fagund@email.com,Unimed,Dra. Vanessa Lins Bezerra,10234/PB,Pediatria,45
1244,23,4,4,2026-03-18 12:45:00,Vacinação e desenvolvimento infantil,Não Compareceu,Sala 301,234.0,Henrique Fagundes Moura,846.155.789-93,2007-08-28,Masculino,"Rua Bancários, 1399 - Manaíra, João Pessoa/PB",(83) 99323-2612,henrique.fagund@email.com,Unimed,Dra. Vanessa Lins Bezerra,10234/PB,Pediatria,45
856,39,4,4,2025-10-23 11:00:00,Vacinação e desenvolvimento infantil,Realizada,Sala 301,221.0,Camila Nunes Nascimento,139.979.581-38,1968-07-28,Feminino,"Rua dos Ipês, 942 - Mangabeira, João Pessoa/PB",(83) 98408-8541,camila.nunes.na@email.com,SulAmérica,Dra. Vanessa Lins Bezerra,10234/PB,Pediatria,45
111,70,4,4,2025-02-07 08:15:00,Vacinação e desenvolvimento infantil,Realizada,Sala 301,208.0,Patrícia Machado Vieira,735.161.724-22,2009-05-19,Feminino,"Rua dos Ipês, 342 - Bessa, João Pessoa/PB",(83) 99940-4404,patrícia.machad@email.com,Cassi,Dra. Vanessa Lins Bezerra,10234/PB,Pediatria,45
1521,70,4,4,2026-06-25 08:30:00,Quadro febril e tosse,Realizada,Sala 301,208.0,Patrícia Machado Vieira,735.161.724-22,2009-05-19,Feminino,"Rua dos Ipês, 342 - Bessa, João Pessoa/PB",(83) 99940-4404,patrícia.machad@email.com,Cassi,Dra. Vanessa Lins Bezerra,10234/PB,Pediatria,45
1587,74,4,4,2026-07-17 16:00:00,Vacinação e desenvolvimento infantil,Realizada,Sala 301,213.2,Bruna Lima Soares,712.140.542-51,2018-08-03,Feminino,"Rua Principal, 947 - Manaíra, João Pessoa/PB",(83) 99236-5102,bruna.lima.soar@email.com,Amil,Dra. Vanessa Lins Bezerra,10234/PB,Pediatria,45
546,53,4,4,2025-07-10 11:15:00,Alergia alimentar infantil,Não Compareceu,Sala 301,260.0,Daniela Silva Martins,917.514.841-31,1998-11-22,Feminino,"Rua Epitácio Pessoa, 2197 - Cabo Branco, João Pessoa/PB",(83) 99721-8657,daniela.silva.m@email.com,Particular,Dra. Vanessa Lins Bezerra,10234/PB,Pediatria,45
1523,53,4,4,2026-06-26 08:45:00,Vacinação e desenvolvimento infantil,Realizada,Sala 301,260.0,Daniela Silva Martins,917.514.841-31,1998-11-22,Feminino,"Rua Epitácio Pessoa, 2197 - Cabo Branco, João Pessoa/PB",(83) 99721-8657,daniela.silva.m@email.com,Particular,Dra. Vanessa Lins Bezerra,10234/PB,Pediatria,45
893,11,4,4,2025-11-05 17:00:00,Quadro febril e tosse,Realizada,Sala 301,234.0,Antônio Moreira Guimarães,470.324.241-75,2009-10-13,Masculino,"Rua Principal, 636 - Manaíra, João Pessoa/PB",(83) 99010-2489,antônio.moreira@email.com,Unimed,Dra. Vanessa Lins Bezerra,10234/PB,Pediatria,45
1366,11,4,4,2026-05-05 16:30:00,Alergia alimentar infantil,Cancelada,Sala 301,234.0,Antônio Moreira Guimarães,470.324.241-75,2009-10-13,Masculino,"Rua Principal, 636 - Manaíra, João Pessoa/PB",(83) 99010-2489,antônio.moreira@email.com,Unimed,Dra. Vanessa Lins Bezerra,10234/PB,Pediatria,45
1701,50,4,4,2026-08-25 13:00:00,Alergia alimentar infantil,Realizada,Sala 301,234.0,Débora Oliveira Nascimento,443.427.653-20,1991-04-09,Feminino,"Rua Bancários, 635 - Bessa, João Pessoa/PB",(83) 98283-3471,débora.oliveira@email.com,Unimed,Dra. Vanessa Lins Bezerra,10234/PB,Pediatria,45
140,56,4,4,2025-02-19 09:30:00,Alergia alimentar infantil,Realizada,Sala 301,260.0,Lucas Moreira Rocha,304.959.120-89,1960-01-08,Masculino,"Rua Bancários, 478 - Cabo Branco, João Pessoa/PB",(83) 98312-4908,lucas.moreira.r@email.com,Particular,Dra. Vanessa Lins Bezerra,10234/PB,Pediatria,45
229,35,4,4,2025-03-25 09:15:00,Consulta de puericultura de rotina,Não Compareceu,Sala 301,208.0,Letícia Mendes Freitas,533.949.383-15,1961-02-21,Feminino,"Rua Esperança, 1082 - Cabo Branco, João Pessoa/PB",(83) 98007-6464,letícia.mendes.@email.com,Cassi,Dra. Vanessa Lins Bezerra,10234/PB,Pediatria,45
1279,35,4,4,2026-04-01 09:00:00,Alergia alimentar infantil,Não Compareceu,Sala 301,208.0,Letícia Mendes Freitas,533.949.383-15,1961-02-21,Feminino,"Rua Esperança, 1082 - Cabo Branco, João Pessoa/PB",(83) 98007-6464,letícia.mendes.@email.com,Cassi,Dra. Vanessa Lins Bezerra,10234/PB,Pediatria,45
605,12,4,4,2025-07-31 10:00:00,Quadro febril e tosse,Realizada,Sala 301,208.0,Larissa Vasconcelos Brito,710.165.494-58,1975-11-14,Feminino,"Rua dos Ipês, 2276 - Torre, João Pessoa/PB",(83) 99220-8668,larissa.vasconc@email.com,Cassi,Dra. Vanessa Lins Bezerra,10234/PB,Pediatria,45
820,12,4,4,2025-10-13 12:15:00,Vacinação e desenvolvimento infantil,Realizada,Sala 301,208.0,Larissa Vasconcelos Brito,710.165.494-58,1975-11-14,Feminino,"Rua dos Ipês, 2276 - Torre, João Pessoa/PB",(83) 99220-8668,larissa.vasconc@email.com,Cassi,Dra. Vanessa Lins Bezerra,10234/PB,Pediatria,45
231,46,4,4,2025-03-25 15:30:00,Consulta de puericultura de rotina,Realizada,Sala 301,221.0,André Dias Gomes,125.147.350-70,1983-04-05,Masculino,"Rua Bancários, 2367 - Centro, João Pessoa/PB",(83) 99251-2193,andré.dias.gome@email.com,SulAmérica,Dra. Vanessa Lins Bezerra,10234/PB,Pediatria,45
439,46,4,4,2025-06-05 17:30:00,Quadro febril e tosse,Não Compareceu,Sala 301,221.0,André Dias Gomes,125.147.350-70,1983-04-05,Masculino,"Rua Bancários, 2367 - Centro, João Pessoa/PB",(83) 99251-2193,andré.dias.gome@email.com,SulAmérica,Dra. Vanessa Lins Bezerra,10234/PB,Pediatria,45
189,51,4,4,2025-03-10 14:15:00,Vacinação e desenvolvimento infantil,Realizada,Sala 301,208.0,Lucas Carvalho Carvalho,525.163.311-63,1997-09-15,Masculino,"Rua Bancários, 1963 - Jaguaribe, João Pessoa/PB",(83) 98797-1320,lucas.carvalho.@email.com,Cassi,Dra. Vanessa Lins Bezerra,10234/PB,Pediatria,45
472,51,4,4,2025-06-17 10:45:00,Quadro febril e tosse,Realizada,Sala 301,208.0,Lucas Carvalho Carvalho,525.163.311-63,1997-09-15,Masculino,"Rua Bancários, 1963 - Jaguaribe, João Pessoa/PB",(83) 98797-1320,lucas.carvalho.@email.com,Cassi,Dra. Vanessa Lins Bezerra,10234/PB,Pediatria,45
959,51,4,4,2025-12-02 12:45:00,Quadro febril e tosse,Realizada,Sala 301,208.0,Lucas Carvalho Carvalho,525.163.311-63,1997-09-15,Masculino,"Rua Bancários, 1963 - Jaguaribe, João Pessoa/PB",(83) 98797-1320,lucas.carvalho.@email.com,Cassi,Dra. Vanessa Lins Bezerra,10234/PB,Pediatria,45
1227,51,4,4,2026-03-10 17:45:00,Alergia alimentar infantil,Realizada,Sala 301,208.0,Lucas Carvalho Carvalho,525.163.311-63,1997-09-15,Masculino,"Rua Bancários, 1963 - Jaguaribe, João Pessoa/PB",(83) 98797-1320,lucas.carvalho.@email.com,Cassi,Dra. Vanessa Lins Bezerra,10234/PB,Pediatria,45
1437,51,4,4,2026-05-28 15:30:00,Consulta de puericultura de rotina,Realizada,Sala 301,208.0,Lucas Carvalho Carvalho,525.163.311-63,1997-09-15,Masculino,"Rua Bancários, 1963 - Jaguaribe, João Pessoa/PB",(83) 98797-1320,lucas.carvalho.@email.com,Cassi,Dra. Vanessa Lins Bezerra,10234/PB,Pediatria,45
771,55,4,4,2025-09-26 13:00:00,Vacinação e desenvolvimento infantil,Realizada,Sala 301,221.0,Marcelo Costa Costa,951.531.358-20,2003-05-25,Masculino,"Rua Principal, 1443 - Torre, João Pessoa/PB",(83) 98963-1317,marcelo.costa.c@email.com,SulAmérica,Dra. Vanessa Lins Bezerra,10234/PB,Pediatria,45
970,41,4,4,2025-12-04 14:45:00,Alergia alimentar infantil,Não Compareceu,Sala 301,234.0,Maria Souza Mendes,371.139.211-86,1988-03-19,Feminino,"Rua Bancários, 2493 - Mangabeira, João Pessoa/PB",(83) 98889-6663,maria.souza.men@email.com,Unimed,Dra. Vanessa Lins Bezerra,10234/PB,Pediatria,45
1043,41,4,4,2025-12-31 13:45:00,Consulta de puericultura de rotina,Realizada,Sala 301,234.0,Maria Souza Mendes,371.139.211-86,1988-03-19,Feminino,"Rua Bancários, 2493 - Mangabeira, João Pessoa/PB",(83) 98889-6663,maria.souza.men@email.com,Unimed,Dra. Vanessa Lins Bezerra,10234/PB,Pediatria,45
1068,27,4,4,2026-01-08 11:00:00,Consulta de puericultura de rotina,Realizada,Sala 301,234.0,Sérgio Ramos Peixoto,903.565.392-64,2004-05-26,Masculino,"Rua das Flores, 1225 - Cabo Branco, João Pessoa/PB",(83) 99426-8973,sérgio.ramos.pe@email.com,Unimed,Dra. Vanessa Lins Bezerra,10234/PB,Pediatria,45
302,105,4,4,2025-04-18 13:15:00,Alergia alimentar infantil,Realizada,Sala 301,260.0,Bruna Barbosa Soares,719.540.201-99,1992-08-17,Feminino,"Rua Bancários, 945 - Bancários, João Pessoa/PB",(83) 98234-4522,bruna.barbosa.s@email.com,Particular,Dra. Vanessa Lins Bezerra,10234/PB,Pediatria,45
461,94,4,4,2025-06-13 12:00:00,Alergia alimentar infantil,Não Compareceu,Sala 301,221.0,Marcelo Oliveira Rodrigues,790.506.966-81,1983-11-24,Masculino,"Rua Principal, 1093 - Bancários, João Pessoa/PB",(83) 98749-2479,marcelo.oliveir@email.com,SulAmérica,Dra. Vanessa Lins Bezerra,10234/PB,Pediatria,45
1422,94,4,4,2026-05-22 13:00:00,Alergia alimentar infantil,Cancelada,Sala 301,221.0,Marcelo Oliveira Rodrigues,790.506.966-81,1983-11-24,Masculino,"Rua Principal, 1093 - Bancários, João Pessoa/PB",(83) 98749-2479,marcelo.oliveir@email.com,SulAmérica,Dra. Vanessa Lins Bezerra,10234/PB,Pediatria,45
775,67,4,4,2025-09-26 13:45:00,Quadro febril e tosse,Não Compareceu,Sala 301,234.0,Thiago Silva Nascimento,155.666.399-99,1971-05-02,Masculino,"Rua Principal, 60 - Centro, João Pessoa/PB",(83) 99933-3068,thiago.silva.na@email.com,Unimed,Dra. Vanessa Lins Bezerra,10234/PB,Pediatria,45
1562,67,4,4,2026-07-09 11:30:00,Quadro febril e tosse,Realizada,Sala 301,234.0,Thiago Silva Nascimento,155.666.399-99,1971-05-02,Masculino,"Rua Principal, 60 - Centro, João Pessoa/PB",(83) 99933-3068,thiago.silva.na@email.com,Unimed,Dra. Vanessa Lins Bezerra,10234/PB,Pediatria,45
203,101,4,4,2025-03-14 15:45:00,Alergia alimentar infantil,Não Compareceu,Sala 301,234.0,Gabriel Fernandes Lima,987.126.234-11,1977-02-22,Masculino,"Rua dos Ipês, 74 - Jaguaribe, João Pessoa/PB",(83) 98733-4898,gabriel.fernand@email.com,Unimed,Dra. Vanessa Lins Bezerra,10234/PB,Pediatria,45
1224,101,4,4,2026-03-09 16:30:00,Vacinação e desenvolvimento infantil,Não Compareceu,Sala 301,234.0,Gabriel Fernandes Lima,987.126.234-11,1977-02-22,Masculino,"Rua dos Ipês, 74 - Jaguaribe, João Pessoa/PB",(83) 98733-4898,gabriel.fernand@email.com,Unimed,Dra. Vanessa Lins Bezerra,10234/PB,Pediatria,45
1245,102,4,4,2026-03-19 15:45:00,Alergia alimentar infantil,Realizada,Sala 301,221.0,Diego Santos Rodrigues,863.165.587-67,2008-09-04,Masculino,"Rua Epitácio Pessoa, 456 - Torre, João Pessoa/PB",(83) 99593-6931,diego.santos.ro@email.com,SulAmérica,Dra. Vanessa Lins Bezerra,10234/PB,Pediatria,45
1626,102,4,4,2026-07-30 10:00:00,Consulta de puericultura de rotina,Não Compareceu,Sala 301,221.0,Diego Santos Rodrigues,863.165.587-67,2008-09-04,Masculino,"Rua Epitácio Pessoa, 456 - Torre, João Pessoa/PB",(83) 99593-6931,diego.santos.ro@email.com,SulAmérica,Dra. Vanessa Lins Bezerra,10234/PB,Pediatria,45
1450,90,4,4,2026-06-03 11:00:00,Vacinação e desenvolvimento infantil,Realizada,Sala 301,228.8,Leonardo Machado Lopes,685.467.688-47,1968-04-13,Masculino,"Rua Esperança, 1631 - Manaíra, João Pessoa/PB",(83) 99432-5837,leonardo.machad@email.com,Bradesco Saúde,Dra. Vanessa Lins Bezerra,10234/PB,Pediatria,45
1365,96,4,4,2026-05-05 10:00:00,Vacinação e desenvolvimento infantil,Cancelada,Sala 301,228.8,Isabela Pereira Rocha,575.817.409-93,1963-11-27,Feminino,"Rua Principal, 162 - Cabo Branco, João Pessoa/PB",(83) 98836-2911,isabela.pereira@email.com,Bradesco Saúde,Dra. Vanessa Lins Bezerra,10234/PB,Pediatria,45
464,30,4,4,2025-06-14 12:45:00,Quadro febril e tosse,Realizada,Sala 301,234.0,Letícia Holanda Freire,140.734.183-63,1986-10-20,Feminino,"Rua dos Ipês, 846 - Mangabeira, João Pessoa/PB",(83) 99346-9565,letícia.holanda@email.com,Unimed,Dra. Vanessa Lins Bezerra,10234/PB,Pediatria,45
1002,30,4,4,2025-12-17 09:30:00,Consulta de puericultura de rotina,Cancelada,Sala 301,234.0,Letícia Holanda Freire,140.734.183-63,1986-10-20,Feminino,"Rua dos Ipês, 846 - Mangabeira, João Pessoa/PB",(83) 99346-9565,letícia.holanda@email.com,Unimed,Dra. Vanessa Lins Bezerra,10234/PB,Pediatria,45
233,92,4,4,2025-03-25 13:45:00,Vacinação e desenvolvimento infantil,Realizada,Sala 301,213.2,Beatriz Rocha Souza,551.134.693-56,1960-05-26,Feminino,"Rua dos Ipês, 1348 - Tambaú, João Pessoa/PB",(83) 99499-3153,beatriz.rocha.s@email.com,Amil,Dra. Vanessa Lins Bezerra,10234/PB,Pediatria,45
354,26,4,4,2025-05-07 17:30:00,Quadro febril e tosse,Realizada,Sala 301,213.2,Renata Vasconcelos Paiva,592.318.985-61,1976-07-16,Feminino,"Rua Bancários, 18 - Cabo Branco, João Pessoa/PB",(83) 99848-1960,renata.vasconce@email.com,Amil,Dra. Vanessa Lins Bezerra,10234/PB,Pediatria,45
588,26,4,4,2025-07-25 12:30:00,Alergia alimentar infantil,Realizada,Sala 301,213.2,Renata Vasconcelos Paiva,592.318.985-61,1976-07-16,Feminino,"Rua Bancários, 18 - Cabo Branco, João Pessoa/PB",(83) 99848-1960,renata.vasconce@email.com,Amil,Dra. Vanessa Lins Bezerra,10234/PB,Pediatria,45
1071,16,4,4,2026-01-09 14:45:00,Quadro febril e tosse,Cancelada,Sala 301,234.0,Aline Meireles Pontes,214.471.999-49,1996-08-01,Feminino,"Rua Epitácio Pessoa, 332 - Bessa, João Pessoa/PB",(83) 98490-1949,aline.meireles.@email.com,Unimed,Dra. Vanessa Lins Bezerra,10234/PB,Pediatria,45
269,4,4,4,2025-04-08 10:30:00,Alergia alimentar infantil,Realizada,Sala 301,221.0,Fernanda Costa Oliveira,444.204.194-58,1974-04-25,Feminino,"Rua Epitácio Pessoa, 1093 - Mangabeira, João Pessoa/PB",(83) 98198-6881,fernanda.costa.@email.com,SulAmérica,Dra. Vanessa Lins Bezerra,10234/PB,Pediatria,45
1184,4,4,4,2026-02-20 12:15:00,Consulta de puericultura de rotina,Realizada,Sala 301,221.0,Fernanda Costa Oliveira,444.204.194-58,1974-04-25,Feminino,"Rua Epitácio Pessoa, 1093 - Mangabeira, João Pessoa/PB",(83) 98198-6881,fernanda.costa.@email.com,SulAmérica,Dra. Vanessa Lins Bezerra,10234/PB,Pediatria,45
1347,4,4,4,2026-04-27 16:45:00,Consulta de puericultura de rotina,Realizada,Sala 301,221.0,Fernanda Costa Oliveira,444.204.194-58,1974-04-25,Feminino,"Rua Epitácio Pessoa, 1093 - Mangabeira, João Pessoa/PB",(83) 98198-6881,fernanda.costa.@email.com,SulAmérica,Dra. Vanessa Lins Bezerra,10234/PB,Pediatria,45
1500,4,4,4,2026-06-19 17:15:00,Vacinação e desenvolvimento infantil,Realizada,Sala 301,221.0,Fernanda Costa Oliveira,444.204.194-58,1974-04-25,Feminino,"Rua Epitácio Pessoa, 1093 - Mangabeira, João Pessoa/PB",(83) 98198-6881,fernanda.costa.@email.com,SulAmérica,Dra. Vanessa Lins Bezerra,10234/PB,Pediatria,45
1552,4,4,4,2026-07-06 13:30:00,Vacinação e desenvolvimento infantil,Realizada,Sala 301,221.0,Fernanda Costa Oliveira,444.204.194-58,1974-04-25,Feminino,"Rua Epitácio Pessoa, 1093 - Mangabeira, João Pessoa/PB",(83) 98198-6881,fernanda.costa.@email.com,SulAmérica,Dra. Vanessa Lins Bezerra,10234/PB,Pediatria,45
969,61,4,4,2025-12-04 16:45:00,Alergia alimentar infantil,Realizada,Sala 301,228.8,Carolina Marques Andrade,351.950.188-45,1989-06-28,Feminino,"Rua Bancários, 2344 - Bessa, João Pessoa/PB",(83) 99805-8385,carolina.marque@email.com,Bradesco Saúde,Dra. Vanessa Lins Bezerra,10234/PB,Pediatria,45
1567,61,4,4,2026-07-11 09:15:00,Vacinação e desenvolvimento infantil,Realizada,Sala 301,228.8,Carolina Marques Andrade,351.950.188-45,1989-06-28,Feminino,"Rua Bancários, 2344 - Bessa, João Pessoa/PB",(83) 99805-8385,carolina.marque@email.com,Bradesco Saúde,Dra. Vanessa Lins Bezerra,10234/PB,Pediatria,45
1705,116,4,4,2026-08-27 13:15:00,Quadro febril e tosse,Realizada,Sala 301,260.0,Fernanda Martins Silva,732.571.951-98,1996-03-26,Feminino,"Rua Bancários, 443 - Tambaú, João Pessoa/PB",(83) 99883-6928,fernanda.martin@email.com,Particular,Dra. Vanessa Lins Bezerra,10234/PB,Pediatria,45
369,38,4,4,2025-05-13 17:45:00,Consulta de puericultura de rotina,Realizada,Sala 301,234.0,Isabela Andrade Rodrigues,930.281.522-13,1985-03-26,Feminino,"Rua Esperança, 1026 - Bancários, João Pessoa/PB",(83) 98367-6442,isabela.andrade@email.com,Unimed,Dra. Vanessa Lins Bezerra,10234/PB,Pediatria,45
1010,38,4,4,2025-12-19 10:45:00,Consulta de puericultura de rotina,Não Compareceu,Sala 301,234.0,Isabela Andrade Rodrigues,930.281.522-13,1985-03-26,Feminino,"Rua Esperança, 1026 - Bancários, João Pessoa/PB",(83) 98367-6442,isabela.andrade@email.com,Unimed,Dra. Vanessa Lins Bezerra,10234/PB,Pediatria,45
515,112,4,4,2025-06-30 17:00:00,Alergia alimentar infantil,Realizada,Sala 301,234.0,Lucas Lima Almeida,552.524.379-37,2009-08-20,Masculino,"Rua dos Ipês, 1770 - Tambaú, João Pessoa/PB",(83) 99546-9394,lucas.lima.alme@email.com,Unimed,Dra. Vanessa Lins Bezerra,10234/PB,Pediatria,45
1411,112,4,4,2026-05-20 11:30:00,Alergia alimentar infantil,Realizada,Sala 301,234.0,Lucas Lima Almeida,552.524.379-37,2009-08-20,Masculino,"Rua dos Ipês, 1770 - Tambaú, João Pessoa/PB",(83) 99546-9394,lucas.lima.alme@email.com,Unimed,Dra. Vanessa Lins Bezerra,10234/PB,Pediatria,45
312,69,4,4,2025-04-23 13:00:00,Quadro febril e tosse,Realizada,Sala 301,234.0,Gabriel Rodrigues Nunes,221.671.882-63,1993-02-08,Masculino,"Rua Bancários, 1855 - Torre, João Pessoa/PB",(83) 99241-4697,gabriel.rodrigu@email.com,Unimed,Dra. Vanessa Lins Bezerra,10234/PB,Pediatria,45
381,69,4,4,2025-05-15 10:45:00,Vacinação e desenvolvimento infantil,Realizada,Sala 301,234.0,Gabriel Rodrigues Nunes,221.671.882-63,1993-02-08,Masculino,"Rua Bancários, 1855 - Torre, João Pessoa/PB",(83) 99241-4697,gabriel.rodrigu@email.com,Unimed,Dra. Vanessa Lins Bezerra,10234/PB,Pediatria,45
1233,69,4,4,2026-03-12 14:30:00,Vacinação e desenvolvimento infantil,Realizada,Sala 301,234.0,Gabriel Rodrigues Nunes,221.671.882-63,1993-02-08,Masculino,"Rua Bancários, 1855 - Torre, João Pessoa/PB",(83) 99241-4697,gabriel.rodrigu@email.com,Unimed,Dra. Vanessa Lins Bezerra,10234/PB,Pediatria,45
316,97,4,4,2025-04-24 10:45:00,Quadro febril e tosse,Não Compareceu,Sala 301,228.8,Daniela Souza Souza,497.564.479-95,1985-09-05,Feminino,"Rua Epitácio Pessoa, 642 - Bancários, João Pessoa/PB",(83) 99944-9850,daniela.souza.s@email.com,Bradesco Saúde,Dra. Vanessa Lins Bezerra,10234/PB,Pediatria,45
1078,97,4,4,2026-01-12 09:15:00,Quadro febril e tosse,Realizada,Sala 301,228.8,Daniela Souza Souza,497.564.479-95,1985-09-05,Feminino,"Rua Epitácio Pessoa, 642 - Bancários, João Pessoa/PB",(83) 99944-9850,daniela.souza.s@email.com,Bradesco Saúde,Dra. Vanessa Lins Bezerra,10234/PB,Pediatria,45
323,64,4,4,2025-04-25 17:15:00,Quadro febril e tosse,Realizada,Sala 301,228.8,Thiago Pereira Martins,695.477.584-80,1986-05-22,Masculino,"Rua Esperança, 2264 - Bancários, João Pessoa/PB",(83) 99087-6632,thiago.pereira.@email.com,Bradesco Saúde,Dra. Vanessa Lins Bezerra,10234/PB,Pediatria,45
1616,64,4,4,2026-07-25 12:45:00,Vacinação e desenvolvimento infantil,Realizada,Sala 301,228.8,Thiago Pereira Martins,695.477.584-80,1986-05-22,Masculino,"Rua Esperança, 2264 - Bancários, João Pessoa/PB",(83) 99087-6632,thiago.pereira.@email.com,Bradesco Saúde,Dra. Vanessa Lins Bezerra,10234/PB,Pediatria,45
873,37,4,4,2025-10-29 09:30:00,Quadro febril e tosse,Realizada,Sala 301,234.0,Rodrigo Rodrigues Santos,981.140.466-36,1994-06-26,Masculino,"Rua dos Ipês, 2303 - Tambaú, João Pessoa/PB",(83) 99396-5088,rodrigo.rodrigu@email.com,Unimed,Dra. Vanessa Lins Bezerra,10234/PB,Pediatria,45
432,78,4,4,2025-06-03 15:45:00,Vacinação e desenvolvimento infantil,Realizada,Sala 301,234.0,Fernando Ribeiro Barbosa,878.152.308-44,2018-11-15,Masculino,"Rua Bancários, 1995 - Altiplano, João Pessoa/PB",(83) 99124-3146,fernando.ribeir@email.com,Unimed,Dra. Vanessa Lins Bezerra,10234/PB,Pediatria,45
1049,78,4,4,2026-01-02 10:00:00,Consulta de puericultura de rotina,Não Compareceu,Sala 301,234.0,Fernando Ribeiro Barbosa,878.152.308-44,2018-11-15,Masculino,"Rua Bancários, 1995 - Altiplano, João Pessoa/PB",(83) 99124-3146,fernando.ribeir@email.com,Unimed,Dra. Vanessa Lins Bezerra,10234/PB,Pediatria,45
858,80,4,4,2025-10-23 09:15:00,Vacinação e desenvolvimento infantil,Realizada,Sala 301,234.0,Gabriel Lopes Freitas,379.525.954-71,1992-09-23,Masculino,"Rua Epitácio Pessoa, 602 - Centro, João Pessoa/PB",(83) 98967-4993,gabriel.lopes.f@email.com,Unimed,Dra. Vanessa Lins Bezerra,10234/PB,Pediatria,45
1222,28,4,4,2026-03-09 15:45:00,Alergia alimentar infantil,Não Compareceu,Sala 301,228.8,Tatiane Farias Medeiros,853.655.162-50,1982-01-19,Feminino,"Rua Bancários, 2069 - Jaguaribe, João Pessoa/PB",(83) 98117-1821,tatiane.farias.@email.com,Bradesco Saúde,Dra. Vanessa Lins Bezerra,10234/PB,Pediatria,45
950,84,2,2,2025-11-28 13:15:00,Avaliação de pintas (nevos),Realizada,Sala 202,225.0,Fernanda Machado Machado,567.115.839-28,2011-02-17,Feminino,"Rua Bancários, 1095 - Tambaú, João Pessoa/PB",(83) 98839-3529,fernanda.machad@email.com,Unimed,Dra. Ana Paula Carvalho,9123/PB,Dermatologia,30
468,104,2,2,2025-06-16 15:30:00,Tratamento de acne severa,Realizada,Sala 202,220.0,Fernanda Lopes Nascimento,429.722.251-18,2011-02-03,Feminino,"Rua Esperança, 2407 - Jaguaribe, João Pessoa/PB",(83) 98258-5505,fernanda.lopes.@email.com,Bradesco Saúde,Dra. Ana Paula Carvalho,9123/PB,Dermatologia,30
1044,104,2,2,2025-12-31 08:45:00,Dermatite atópica,Realizada,Sala 202,220.0,Fernanda Lopes Nascimento,429.722.251-18,2011-02-03,Feminino,"Rua Esperança, 2407 - Jaguaribe, João Pessoa/PB",(83) 98258-5505,fernanda.lopes.@email.com,Bradesco Saúde,Dra. Ana Paula Carvalho,9123/PB,Dermatologia,30
1468,104,2,2,2026-06-09 08:30:00,Avaliação de pintas (nevos),Não Compareceu,Sala 202,220.0,Fernanda Lopes Nascimento,429.722.251-18,2011-02-03,Feminino,"Rua Esperança, 2407 - Jaguaribe, João Pessoa/PB",(83) 98258-5505,fernanda.lopes.@email.com,Bradesco Saúde,Dra. Ana Paula Carvalho,9123/PB,Dermatologia,30
41,57,2,2,2025-01-15 17:15:00,Dermatite atópica,Realizada,Sala 202,225.0,Marcelo Nascimento Lima,721.865.835-24,2002-03-20,Masculino,"Rua Principal, 2380 - Altiplano, João Pessoa/PB",(83) 99592-3683,marcelo.nascime@email.com,Unimed,Dra. Ana Paula Carvalho,9123/PB,Dermatologia,30
1349,57,2,2,2026-04-28 17:30:00,Tratamento de acne severa,Realizada,Sala 202,225.0,Marcelo Nascimento Lima,721.865.835-24,2002-03-20,Masculino,"Rua Principal, 2380 - Altiplano, João Pessoa/PB",(83) 99592-3683,marcelo.nascime@email.com,Unimed,Dra. Ana Paula Carvalho,9123/PB,Dermatologia,30
822,87,2,2,2025-10-13 13:00:00,Alergia na pele e prurido,Realizada,Sala 202,205.0,Pedro Costa Nunes,483.541.249-41,1962-05-12,Masculino,"Rua Esperança, 747 - Jaguaribe, João Pessoa/PB",(83) 99087-7751,pedro.costa.nun@email.com,Amil,Dra. Ana Paula Carvalho,9123/PB,Dermatologia,30
915,87,2,2,2025-11-14 13:45:00,Tratamento de acne severa,Realizada,Sala 202,205.0,Pedro Costa Nunes,483.541.249-41,1962-05-12,Masculino,"Rua Esperança, 747 - Jaguaribe, João Pessoa/PB",(83) 99087-7751,pedro.costa.nun@email.com,Amil,Dra. Ana Paula Carvalho,9123/PB,Dermatologia,30
8,91,2,2,2025-01-02 12:45:00,Tratamento de acne severa,Realizada,Sala 202,225.0,Maria Vieira Machado,608.952.393-39,1961-10-24,Feminino,"Rua Esperança, 788 - Bessa, João Pessoa/PB",(83) 99243-6772,maria.vieira.ma@email.com,Unimed,Dra. Ana Paula Carvalho,9123/PB,Dermatologia,30
375,83,2,2,2025-05-14 10:00:00,Tratamento de acne severa,Realizada,Sala 202,225.0,André Vieira Martins,425.862.584-58,1984-07-02,Masculino,"Rua Principal, 527 - Centro, João Pessoa/PB",(83) 98790-3492,andré.vieira.ma@email.com,Unimed,Dra. Ana Paula Carvalho,9123/PB,Dermatologia,30
963,83,2,2,2025-12-03 13:00:00,Alergia na pele e prurido,Realizada,Sala 202,225.0,André Vieira Martins,425.862.584-58,1984-07-02,Masculino,"Rua Principal, 527 - Centro, João Pessoa/PB",(83) 98790-3492,andré.vieira.ma@email.com,Unimed,Dra. Ana Paula Carvalho,9123/PB,Dermatologia,30
1272,83,2,2,2026-03-30 10:45:00,Alergia na pele e prurido,Realizada,Sala 202,225.0,André Vieira Martins,425.862.584-58,1984-07-02,Masculino,"Rua Principal, 527 - Centro, João Pessoa/PB",(83) 98790-3492,andré.vieira.ma@email.com,Unimed,Dra. Ana Paula Carvalho,9123/PB,Dermatologia,30
638,21,2,2,2025-08-13 12:00:00,Tratamento de acne severa,Realizada,Sala 202,212.5,Felipe Augusto Matos,343.385.785-72,1997-02-17,Masculino,"Rua Esperança, 2348 - Cabo Branco, João Pessoa/PB",(83) 98438-9834,felipe.augusto.@email.com,SulAmérica,Dra. Ana Paula Carvalho,9123/PB,Dermatologia,30
433,65,2,2,2025-06-03 16:00:00,Tratamento de acne severa,Realizada,Sala 202,225.0,Amanda Nascimento Almeida,336.223.838-34,1989-05-09,Feminino,"Rua Esperança, 768 - Torre, João Pessoa/PB",(83) 98646-2958,amanda.nascimen@email.com,Unimed,Dra. Ana Paula Carvalho,9123/PB,Dermatologia,30
795,65,2,2,2025-10-02 13:45:00,Tratamento de acne severa,Realizada,Sala 202,225.0,Amanda Nascimento Almeida,336.223.838-34,1989-05-09,Feminino,"Rua Esperança, 768 - Torre, João Pessoa/PB",(83) 98646-2958,amanda.nascimen@email.com,Unimed,Dra. Ana Paula Carvalho,9123/PB,Dermatologia,30
463,98,2,2,2025-06-13 09:30:00,Alergia na pele e prurido,Realizada,Sala 202,220.0,Fernanda Marques Lopes,806.479.322-66,2007-05-02,Feminino,"Rua Principal, 1514 - Mangabeira, João Pessoa/PB",(83) 98910-4868,fernanda.marque@email.com,Bradesco Saúde,Dra. Ana Paula Carvalho,9123/PB,Dermatologia,30
1459,98,2,2,2026-06-05 11:45:00,Dermatite atópica,Realizada,Sala 202,220.0,Fernanda Marques Lopes,806.479.322-66,2007-05-02,Feminino,"Rua Principal, 1514 - Mangabeira, João Pessoa/PB",(83) 98910-4868,fernanda.marque@email.com,Bradesco Saúde,Dra. Ana Paula Carvalho,9123/PB,Dermatologia,30
1498,98,2,2,2026-06-18 14:15:00,Avaliação de pintas (nevos),Realizada,Sala 202,220.0,Fernanda Marques Lopes,806.479.322-66,2007-05-02,Feminino,"Rua Principal, 1514 - Mangabeira, João Pessoa/PB",(83) 98910-4868,fernanda.marque@email.com,Bradesco Saúde,Dra. Ana Paula Carvalho,9123/PB,Dermatologia,30
583,117,2,2,2025-07-23 15:00:00,Avaliação de pintas (nevos),Realizada,Sala 202,205.0,Rodrigo Vieira Martins,417.863.447-38,1965-07-28,Masculino,"Rua Epitácio Pessoa, 477 - Tambaú, João Pessoa/PB",(83) 98682-3754,rodrigo.vieira.@email.com,Amil,Dra. Ana Paula Carvalho,9123/PB,Dermatologia,30
20,120,2,2,2025-01-08 13:15:00,Tratamento de acne severa,Cancelada,Sala 202,220.0,Débora Rocha Gomes,460.619.175-49,1990-10-02,Feminino,"Rua Principal, 1520 - Manaíra, João Pessoa/PB",(83) 98945-8404,débora.rocha.go@email.com,Bradesco Saúde,Dra. Ana Paula Carvalho,9123/PB,Dermatologia,30
1406,118,2,2,2026-05-19 09:45:00,Dermatite atópica,Realizada,Sala 202,225.0,Bruno Ribeiro Andrade,249.362.302-32,1973-04-04,Masculino,"Rua das Flores, 2033 - Tambaú, João Pessoa/PB",(83) 99233-3504,bruno.ribeiro.a@email.com,Unimed,Dra. Ana Paula Carvalho,9123/PB,Dermatologia,30
193,33,2,2,2025-03-11 13:15:00,Tratamento de acne severa,Não Compareceu,Sala 202,225.0,Bruno Gomes Ferreira,409.726.926-93,2011-09-23,Masculino,"Rua dos Ipês, 434 - Torre, João Pessoa/PB",(83) 99083-1128,bruno.gomes.fer@email.com,Unimed,Dra. Ana Paula Carvalho,9123/PB,Dermatologia,30
1276,48,2,2,2026-03-31 08:45:00,Dermatite atópica,Realizada,Sala 202,220.0,Ana Fernandes Pereira,920.575.783-77,1970-08-05,Feminino,"Rua Epitácio Pessoa, 2077 - Centro, João Pessoa/PB",(83) 99144-6198,ana.fernandes.p@email.com,Bradesco Saúde,Dra. Ana Paula Carvalho,9123/PB,Dermatologia,30
1688,48,2,2,2026-08-20 10:15:00,Dermatite atópica,Realizada,Sala 202,220.0,Ana Fernandes Pereira,920.575.783-77,1970-08-05,Feminino,"Rua Epitácio Pessoa, 2077 - Centro, João Pessoa/PB",(83) 99144-6198,ana.fernandes.p@email.com,Bradesco Saúde,Dra. Ana Paula Carvalho,9123/PB,Dermatologia,30
373,66,2,2,2025-05-14 09:15:00,Alergia na pele e prurido,Realizada,Sala 202,220.0,Rafael Andrade Lopes,878.637.711-46,1990-12-19,Masculino,"Rua das Flores, 1488 - Altiplano, João Pessoa/PB",(83) 98205-4180,rafael.andrade.@email.com,Bradesco Saúde,Dra. Ana Paula Carvalho,9123/PB,Dermatologia,30
670,66,2,2,2025-08-26 09:15:00,Tratamento de acne severa,Realizada,Sala 202,220.0,Rafael Andrade Lopes,878.637.711-46,1990-12-19,Masculino,"Rua das Flores, 1488 - Altiplano, João Pessoa/PB",(83) 98205-4180,rafael.andrade.@email.com,Bradesco Saúde,Dra. Ana Paula Carvalho,9123/PB,Dermatologia,30
1377,66,2,2,2026-05-08 11:15:00,Tratamento de acne severa,Realizada,Sala 202,220.0,Rafael Andrade Lopes,878.637.711-46,1990-12-19,Masculino,"Rua das Flores, 1488 - Altiplano, João Pessoa/PB",(83) 98205-4180,rafael.andrade.@email.com,Bradesco Saúde,Dra. Ana Paula Carvalho,9123/PB,Dermatologia,30
504,114,2,2,2025-06-26 10:15:00,Tratamento de acne severa,Realizada,Sala 202,205.0,Gabriel Moreira Lima,107.609.864-65,1992-06-04,Masculino,"Rua Epitácio Pessoa, 952 - Bancários, João Pessoa/PB",(83) 98359-3116,gabriel.moreira@email.com,Amil,Dra. Ana Paula Carvalho,9123/PB,Dermatologia,30
928,40,2,2,2025-11-19 09:00:00,Alergia na pele e prurido,Realizada,Sala 202,220.0,João Dias Alves,985.171.891-45,2006-06-09,Masculino,"Rua Esperança, 2206 - Bancários, João Pessoa/PB",(83) 98719-9346,joão.dias.alves@email.com,Bradesco Saúde,Dra. Ana Paula Carvalho,9123/PB,Dermatologia,30
1689,45,2,2,2026-08-21 10:30:00,Dermatite atópica,Realizada,Sala 202,225.0,Débora Almeida Almeida,912.915.853-31,1982-09-16,Feminino,"Rua Epitácio Pessoa, 1382 - Altiplano, João Pessoa/PB",(83) 99349-2389,débora.almeida.@email.com,Unimed,Dra. Ana Paula Carvalho,9123/PB,Dermatologia,30
1532,109,2,2,2026-06-30 09:45:00,Alergia na pele e prurido,Realizada,Sala 202,225.0,Mateus Ribeiro Machado,385.687.331-64,2002-02-25,Masculino,"Rua Esperança, 1105 - Jaguaribe, João Pessoa/PB",(83) 99730-1430,mateus.ribeiro.@email.com,Unimed,Dra. Ana Paula Carvalho,9123/PB,Dermatologia,30
42,32,2,2,2025-01-15 08:15:00,Dermatite atópica,Realizada,Sala 202,225.0,Daniela Coutinho Lins,202.175.650-37,2013-10-19,Feminino,"Rua dos Ipês, 291 - Cabo Branco, João Pessoa/PB",(83) 99036-5345,daniela.coutinh@email.com,Unimed,Dra. Ana Paula Carvalho,9123/PB,Dermatologia,30
263,34,2,2,2025-04-07 09:30:00,Dermatite atópica,Cancelada,Sala 202,250.0,Diego Souza Mendes,259.378.388-87,1968-12-18,Masculino,"Rua Esperança, 1091 - Bessa, João Pessoa/PB",(83) 98431-6617,diego.souza.men@email.com,Particular,Dra. Ana Paula Carvalho,9123/PB,Dermatologia,30
436,34,2,2,2025-06-04 14:15:00,Avaliação de pintas (nevos),Realizada,Sala 202,250.0,Diego Souza Mendes,259.378.388-87,1968-12-18,Masculino,"Rua Esperança, 1091 - Bessa, João Pessoa/PB",(83) 98431-6617,diego.souza.men@email.com,Particular,Dra. Ana Paula Carvalho,9123/PB,Dermatologia,30
814,34,2,2,2025-10-09 13:00:00,Dermatite atópica,Realizada,Sala 202,250.0,Diego Souza Mendes,259.378.388-87,1968-12-18,Masculino,"Rua Esperança, 1091 - Bessa, João Pessoa/PB",(83) 98431-6617,diego.souza.men@email.com,Particular,Dra. Ana Paula Carvalho,9123/PB,Dermatologia,30
1274,34,2,2,2026-03-31 16:00:00,Avaliação de pintas (nevos),Realizada,Sala 202,250.0,Diego Souza Mendes,259.378.388-87,1968-12-18,Masculino,"Rua Esperança, 1091 - Bessa, João Pessoa/PB",(83) 98431-6617,diego.souza.men@email.com,Particular,Dra. Ana Paula Carvalho,9123/PB,Dermatologia,30
44,18,2,2,2025-01-16 15:15:00,Dermatite atópica,Realizada,Sala 202,220.0,Clarice Lispector Cunha,993.721.533-37,1976-05-17,Feminino,"Rua Esperança, 1286 - Bessa, João Pessoa/PB",(83) 99902-9835,clarice.lispect@email.com,Bradesco Saúde,Dra. Ana Paula Carvalho,9123/PB,Dermatologia,30
200,18,2,2,2025-03-13 17:45:00,Dermatite atópica,Realizada,Sala 202,220.0,Clarice Lispector Cunha,993.721.533-37,1976-05-17,Feminino,"Rua Esperança, 1286 - Bessa, João Pessoa/PB",(83) 99902-9835,clarice.lispect@email.com,Bradesco Saúde,Dra. Ana Paula Carvalho,9123/PB,Dermatologia,30
1261,18,2,2,2026-03-25 13:45:00,Alergia na pele e prurido,Realizada,Sala 202,220.0,Clarice Lispector Cunha,993.721.533-37,1976-05-17,Feminino,"Rua Esperança, 1286 - Bessa, João Pessoa/PB",(83) 99902-9835,clarice.lispect@email.com,Bradesco Saúde,Dra. Ana Paula Carvalho,9123/PB,Dermatologia,30
1076,17,2,2,2026-01-10 13:00:00,Avaliação de pintas (nevos),Realizada,Sala 202,225.0,Marcos Vinicius Sales,935.170.878-78,1965-12-16,Masculino,"Rua Esperança, 1956 - Cabo Branco, João Pessoa/PB",(83) 99568-3060,marcos.vinicius@email.com,Unimed,Dra. Ana Paula Carvalho,9123/PB,Dermatologia,30
1118,17,2,2,2026-01-27 09:00:00,Tratamento de acne severa,Cancelada,Sala 202,225.0,Marcos Vinicius Sales,935.170.878-78,1965-12-16,Masculino,"Rua Esperança, 1956 - Cabo Branco, João Pessoa/PB",(83) 99568-3060,marcos.vinicius@email.com,Unimed,Dra. Ana Paula Carvalho,9123/PB,Dermatologia,30
823,76,2,2,2025-10-13 13:15:00,Dermatite atópica,Não Compareceu,Sala 202,205.0,Carolina Costa Costa,521.810.607-46,1968-03-11,Feminino,"Rua Principal, 1872 - Torre, João Pessoa/PB",(83) 99356-7561,carolina.costa.@email.com,Amil,Dra. Ana Paula Carvalho,9123/PB,Dermatologia,30
230,20,2,2,2025-03-25 10:45:00,Dermatite atópica,Realizada,Sala 202,225.0,Luciana Guedes Nogueira,335.702.325-10,1957-10-18,Feminino,"Rua Principal, 138 - Bessa, João Pessoa/PB",(83) 98145-1964,luciana.guedes.@email.com,Unimed,Dra. Ana Paula Carvalho,9123/PB,Dermatologia,30
1610,108,2,2,2026-07-24 14:30:00,Alergia na pele e prurido,Realizada,Sala 202,205.0,Fernanda Carvalho Ribeiro,394.714.419-55,2009-12-02,Feminino,"Rua das Flores, 1985 - Bessa, João Pessoa/PB",(83) 98212-9313,fernanda.carval@email.com,Amil,Dra. Ana Paula Carvalho,9123/PB,Dermatologia,30
195,62,2,2,2025-03-11 10:15:00,Dermatite atópica,Realizada,Sala 202,225.0,Aline Silva Lopes,317.463.916-43,1996-03-16,Feminino,"Rua Esperança, 1141 - Jaguaribe, João Pessoa/PB",(83) 98697-5581,aline.silva.lop@email.com,Unimed,Dra. Ana Paula Carvalho,9123/PB,Dermatologia,30
1619,54,2,2,2026-07-28 09:45:00,Dermatite atópica,Realizada,Sala 202,250.0,Leonardo Vieira Vieira,538.238.987-69,1958-02-21,Masculino,"Rua Bancários, 1350 - Altiplano, João Pessoa/PB",(83) 98372-1823,leonardo.vieira@email.com,Particular,Dra. Ana Paula Carvalho,9123/PB,Dermatologia,30
220,52,2,2,2025-03-21 15:30:00,Tratamento de acne severa,Realizada,Sala 202,205.0,Bruno Gomes Moreira,865.852.659-87,2004-07-18,Masculino,"Rua das Flores, 1127 - Centro, João Pessoa/PB",(83) 99838-4613,bruno.gomes.mor@email.com,Amil,Dra. Ana Paula Carvalho,9123/PB,Dermatologia,30
740,93,2,2,2025-09-17 11:45:00,Avaliação de pintas (nevos),Realizada,Sala 202,205.0,Camila Alves Rodrigues,379.950.268-42,2001-09-17,Feminino,"Rua Esperança, 1397 - Altiplano, João Pessoa/PB",(83) 99871-8894,camila.alves.ro@email.com,Amil,Dra. Ana Paula Carvalho,9123/PB,Dermatologia,30
1544,93,2,2,2026-07-02 08:00:00,Dermatite atópica,Realizada,Sala 202,205.0,Camila Alves Rodrigues,379.950.268-42,2001-09-17,Feminino,"Rua Esperança, 1397 - Altiplano, João Pessoa/PB",(83) 99871-8894,camila.alves.ro@email.com,Amil,Dra. Ana Paula Carvalho,9123/PB,Dermatologia,30
62,3,2,2,2025-01-23 14:45:00,Avaliação de pintas (nevos),Realizada,Sala 202,205.0,Lucas Pereira Ramos,703.384.928-10,2008-04-15,Masculino,"Rua dos Ipês, 1148 - Bancários, João Pessoa/PB",(83) 99554-3615,lucas.pereira.r@email.com,Amil,Dra. Ana Paula Carvalho,9123/PB,Dermatologia,30
191,3,2,2,2025-03-11 10:45:00,Dermatite atópica,Realizada,Sala 202,205.0,Lucas Pereira Ramos,703.384.928-10,2008-04-15,Masculino,"Rua dos Ipês, 1148 - Bancários, João Pessoa/PB",(83) 99554-3615,lucas.pereira.r@email.com,Amil,Dra. Ana Paula Carvalho,9123/PB,Dermatologia,30
84,7,2,2,2025-01-29 14:30:00,Alergia na pele e prurido,Realizada,Sala 202,225.0,Gabriel Martins Ferreira,473.266.479-55,2013-11-27,Masculino,"Rua Epitácio Pessoa, 710 - Tambaú, João Pessoa/PB",(83) 98429-5374,gabriel.martins@email.com,Unimed,Dra. Ana Paula Carvalho,9123/PB,Dermatologia,30
752,7,2,2,2025-09-20 15:00:00,Dermatite atópica,Realizada,Sala 202,225.0,Gabriel Martins Ferreira,473.266.479-55,2013-11-27,Masculino,"Rua Epitácio Pessoa, 710 - Tambaú, João Pessoa/PB",(83) 98429-5374,gabriel.martins@email.com,Unimed,Dra. Ana Paula Carvalho,9123/PB,Dermatologia,30
64,2,2,2,2025-01-23 14:15:00,Tratamento de acne severa,Realizada,Sala 202,200.0,Mariana Souza Lima,195.323.338-74,2009-01-01,Feminino,"Rua das Flores, 2242 - Torre, João Pessoa/PB",(83) 99232-1434,mariana.souza.l@email.com,Cassi,Dra. Ana Paula Carvalho,9123/PB,Dermatologia,30
612,2,2,2,2025-08-04 08:15:00,Dermatite atópica,Realizada,Sala 202,200.0,Mariana Souza Lima,195.323.338-74,2009-01-01,Feminino,"Rua das Flores, 2242 - Torre, João Pessoa/PB",(83) 99232-1434,mariana.souza.l@email.com,Cassi,Dra. Ana Paula Carvalho,9123/PB,Dermatologia,30
1368,2,2,2,2026-05-05 12:30:00,Avaliação de pintas (nevos),Realizada,Sala 202,200.0,Mariana Souza Lima,195.323.338-74,2009-01-01,Feminino,"Rua das Flores, 2242 - Torre, João Pessoa/PB",(83) 99232-1434,mariana.souza.l@email.com,Cassi,Dra. Ana Paula Carvalho,9123/PB,Dermatologia,30
669,6,2,2,2025-08-25 08:15:00,Alergia na pele e prurido,Cancelada,Sala 202,225.0,Juliana Barbosa Dias,146.777.333-47,1979-12-03,Feminino,"Rua Bancários, 1148 - Tambaú, João Pessoa/PB",(83) 98163-4814,juliana.barbosa@email.com,Unimed,Dra. Ana Paula Carvalho,9123/PB,Dermatologia,30
564,43,2,2,2025-07-17 08:00:00,Avaliação de pintas (nevos),Realizada,Sala 202,225.0,Felipe Barbosa Costa,619.416.782-62,1970-12-10,Masculino,"Rua Epitácio Pessoa, 531 - Altiplano, João Pessoa/PB",(83) 98668-7592,felipe.barbosa.@email.com,Unimed,Dra. Ana Paula Carvalho,9123/PB,Dermatologia,30
1465,43,2,2,2026-06-08 13:30:00,Alergia na pele e prurido,Realizada,Sala 202,225.0,Felipe Barbosa Costa,619.416.782-62,1970-12-10,Masculino,"Rua Epitácio Pessoa, 531 - Altiplano, João Pessoa/PB",(83) 98668-7592,felipe.barbosa.@email.com,Unimed,Dra. Ana Paula Carvalho,9123/PB,Dermatologia,30
786,19,2,2,2025-09-30 10:15:00,Dermatite atópica,Realizada,Sala 202,220.0,Otávio Mesquita Barros,482.548.629-67,2006-11-21,Masculino,"Rua Principal, 1394 - Bessa, João Pessoa/PB",(83) 98247-5061,otávio.mesquita@email.com,Bradesco Saúde,Dra. Ana Paula Carvalho,9123/PB,Dermatologia,30
147,100,2,2,2025-02-22 16:15:00,Avaliação de pintas (nevos),Realizada,Sala 202,225.0,Gustavo Alves Oliveira,932.990.338-52,1981-10-07,Masculino,"Rua Principal, 1145 - Jaguaribe, João Pessoa/PB",(83) 99585-3417,gustavo.alves.o@email.com,Unimed,Dra. Ana Paula Carvalho,9123/PB,Dermatologia,30
281,100,2,2,2025-04-11 12:30:00,Tratamento de acne severa,Realizada,Sala 202,225.0,Gustavo Alves Oliveira,932.990.338-52,1981-10-07,Masculino,"Rua Principal, 1145 - Jaguaribe, João Pessoa/PB",(83) 99585-3417,gustavo.alves.o@email.com,Unimed,Dra. Ana Paula Carvalho,9123/PB,Dermatologia,30
1680,100,2,2,2026-08-18 17:00:00,Avaliação de pintas (nevos),Realizada,Sala 202,225.0,Gustavo Alves Oliveira,932.990.338-52,1981-10-07,Masculino,"Rua Principal, 1145 - Jaguaribe, João Pessoa/PB",(83) 99585-3417,gustavo.alves.o@email.com,Unimed,Dra. Ana Paula Carvalho,9123/PB,Dermatologia,30
1418,85,2,2,2026-05-21 13:45:00,Dermatite atópica,Realizada,Sala 202,225.0,Isabela Nascimento Martins,790.979.646-58,1965-06-28,Feminino,"Rua Epitácio Pessoa, 157 - Centro, João Pessoa/PB",(83) 99954-6188,isabela.nascime@email.com,Unimed,Dra. Ana Paula Carvalho,9123/PB,Dermatologia,30
625,44,2,2,2025-08-08 10:15:00,Dermatite atópica,Realizada,Sala 202,250.0,Rodrigo Dias Martins,408.515.661-10,1977-10-19,Masculino,"Rua Bancários, 2385 - Bessa, João Pessoa/PB",(83) 98622-5700,rodrigo.dias.ma@email.com,Particular,Dra. Ana Paula Carvalho,9123/PB,Dermatologia,30
500,119,2,2,2025-06-25 15:00:00,Dermatite atópica,Realizada,Sala 202,250.0,Helena Moreira Vieira,758.750.739-51,2012-11-19,Feminino,"Rua Bancários, 289 - Cabo Branco, João Pessoa/PB",(83) 99769-6179,helena.moreira.@email.com,Particular,Dra. Ana Paula Carvalho,9123/PB,Dermatologia,30
662,119,2,2,2025-08-21 17:30:00,Dermatite atópica,Realizada,Sala 202,250.0,Helena Moreira Vieira,758.750.739-51,2012-11-19,Feminino,"Rua Bancários, 289 - Cabo Branco, João Pessoa/PB",(83) 99769-6179,helena.moreira.@email.com,Particular,Dra. Ana Paula Carvalho,9123/PB,Dermatologia,30
462,14,2,2,2025-06-13 09:45:00,Alergia na pele e prurido,Realizada,Sala 202,225.0,Patrícia Cunha Freitas,839.996.836-43,1975-08-01,Feminino,"Rua Epitácio Pessoa, 445 - Cabo Branco, João Pessoa/PB",(83) 99990-9201,patrícia.cunha.@email.com,Unimed,Dra. Ana Paula Carvalho,9123/PB,Dermatologia,30
1717,14,2,2,2026-09-12 12:30:00,Retorno de rotina programado,Agendada,Sala 202,250.0,Patrícia Cunha Freitas,839.996.836-43,1975-08-01,Feminino,"Rua Epitácio Pessoa, 445 - Cabo Branco, João Pessoa/PB",(83) 99990-9201,patrícia.cunha.@email.com,Unimed,Dra. Ana Paula Carvalho,9123/PB,Dermatologia,30
392,71,2,2,2025-05-19 10:00:00,Avaliação de pintas (nevos),Realizada,Sala 202,205.0,André Ferreira Fernandes,518.561.805-86,1964-03-01,Masculino,"Rua das Flores, 1190 - Manaíra, João Pessoa/PB",(83) 98962-5771,andré.ferreira.@email.com,Amil,Dra. Ana Paula Carvalho,9123/PB,Dermatologia,30
960,71,2,2,2025-12-02 10:00:00,Tratamento de acne severa,Realizada,Sala 202,205.0,André Ferreira Fernandes,518.561.805-86,1964-03-01,Masculino,"Rua das Flores, 1190 - Manaíra, João Pessoa/PB",(83) 98962-5771,andré.ferreira.@email.com,Amil,Dra. Ana Paula Carvalho,9123/PB,Dermatologia,30
90,25,2,2,2025-01-31 13:15:00,Tratamento de acne severa,Realizada,Sala 202,220.0,Wagner Mendonça Filho,982.976.663-22,1964-08-26,Masculino,"Rua Principal, 978 - Manaíra, João Pessoa/PB",(83) 98103-9856,wagner.mendonça@email.com,Bradesco Saúde,Dra. Ana Paula Carvalho,9123/PB,Dermatologia,30
696,25,2,2,2025-09-03 08:15:00,Tratamento de acne severa,Realizada,Sala 202,220.0,Wagner Mendonça Filho,982.976.663-22,1964-08-26,Masculino,"Rua Principal, 978 - Manaíra, João Pessoa/PB",(83) 98103-9856,wagner.mendonça@email.com,Bradesco Saúde,Dra. Ana Paula Carvalho,9123/PB,Dermatologia,30
120,95,2,2,2025-02-11 15:15:00,Avaliação de pintas (nevos),Realizada,Sala 202,205.0,Marcelo Ribeiro Dias,942.753.480-23,1988-10-13,Masculino,"Rua Principal, 2309 - Centro, João Pessoa/PB",(83) 99382-4830,marcelo.ribeiro@email.com,Amil,Dra. Ana Paula Carvalho,9123/PB,Dermatologia,30
328,95,2,2,2025-04-29 09:00:00,Avaliação de pintas (nevos),Não Compareceu,Sala 202,205.0,Marcelo Ribeiro Dias,942.753.480-23,1988-10-13,Masculino,"Rua Principal, 2309 - Centro, João Pessoa/PB",(83) 99382-4830,marcelo.ribeiro@email.com,Amil,Dra. Ana Paula Carvalho,9123/PB,Dermatologia,30
623,95,2,2,2025-08-07 17:15:00,Avaliação de pintas (nevos),Realizada,Sala 202,205.0,Marcelo Ribeiro Dias,942.753.480-23,1988-10-13,Masculino,"Rua Principal, 2309 - Centro, João Pessoa/PB",(83) 99382-4830,marcelo.ribeiro@email.com,Amil,Dra. Ana Paula Carvalho,9123/PB,Dermatologia,30
241,8,2,2,2025-03-29 12:45:00,Avaliação de pintas (nevos),Cancelada,Sala 202,250.0,Beatriz Nogueira Mendes,488.376.755-98,1986-03-15,Feminino,"Rua Principal, 948 - Mangabeira, João Pessoa/PB",(83) 99140-4598,beatriz.nogueir@email.com,Particular,Dra. Ana Paula Carvalho,9123/PB,Dermatologia,30
1585,8,2,2,2026-07-16 08:30:00,Tratamento de acne severa,Realizada,Sala 202,250.0,Beatriz Nogueira Mendes,488.376.755-98,1986-03-15,Feminino,"Rua Principal, 948 - Mangabeira, João Pessoa/PB",(83) 99140-4598,beatriz.nogueir@email.com,Particular,Dra. Ana Paula Carvalho,9123/PB,Dermatologia,30
96,89,2,2,2025-02-03 12:30:00,Avaliação de pintas (nevos),Realizada,Sala 202,250.0,Marcelo Mendes Gomes,453.701.406-91,1975-02-15,Masculino,"Rua Bancários, 1247 - Altiplano, João Pessoa/PB",(83) 99970-7951,marcelo.mendes.@email.com,Particular,Dra. Ana Paula Carvalho,9123/PB,Dermatologia,30
722,89,2,2,2025-09-11 13:00:00,Avaliação de pintas (nevos),Realizada,Sala 202,250.0,Marcelo Mendes Gomes,453.701.406-91,1975-02-15,Masculino,"Rua Bancários, 1247 - Altiplano, João Pessoa/PB",(83) 99970-7951,marcelo.mendes.@email.com,Particular,Dra. Ana Paula Carvalho,9123/PB,Dermatologia,30
1283,88,2,2,2026-04-02 10:15:00,Dermatite atópica,Realizada,Sala 202,212.5,Carlos Oliveira Barbosa,346.609.697-28,2003-10-22,Masculino,"Rua Bancários, 1055 - Altiplano, João Pessoa/PB",(83) 98475-8555,carlos.oliveira@email.com,SulAmérica,Dra. Ana Paula Carvalho,9123/PB,Dermatologia,30
496,15,2,2,2025-06-24 16:00:00,Avaliação de pintas (nevos),Não Compareceu,Sala 202,225.0,Bruno Cardoso Tavares,723.303.256-57,1993-11-17,Masculino,"Rua Epitácio Pessoa, 12 - Torre, João Pessoa/PB",(83) 99561-3646,bruno.cardoso.t@email.com,Unimed,Dra. Ana Paula Carvalho,9123/PB,Dermatologia,30
474,110,2,2,2025-06-17 10:15:00,Dermatite atópica,Realizada,Sala 202,225.0,Carlos Lima Nascimento,106.285.990-28,1994-06-12,Masculino,"Rua das Flores, 135 - Tambaú, João Pessoa/PB",(83) 99159-7566,carlos.lima.nas@email.com,Unimed,Dra. Ana Paula Carvalho,9123/PB,Dermatologia,30
275,39,2,2,2025-04-10 14:00:00,Avaliação de pintas (nevos),Realizada,Sala 202,212.5,Camila Nunes Nascimento,139.979.581-38,1968-07-28,Feminino,"Rua dos Ipês, 942 - Mangabeira, João Pessoa/PB",(83) 98408-8541,camila.nunes.na@email.com,SulAmérica,Dra. Ana Paula Carvalho,9123/PB,Dermatologia,30
1263,39,2,2,2026-03-25 12:30:00,Dermatite atópica,Realizada,Sala 202,212.5,Camila Nunes Nascimento,139.979.581-38,1968-07-28,Feminino,"Rua dos Ipês, 942 - Mangabeira, João Pessoa/PB",(83) 98408-8541,camila.nunes.na@email.com,SulAmérica,Dra. Ana Paula Carvalho,9123/PB,Dermatologia,30
1644,39,2,2,2026-08-05 16:45:00,Tratamento de acne severa,Cancelada,Sala 202,212.5,Camila Nunes Nascimento,139.979.581-38,1968-07-28,Feminino,"Rua dos Ipês, 942 - Mangabeira, João Pessoa/PB",(83) 98408-8541,camila.nunes.na@email.com,SulAmérica,Dra. Ana Paula Carvalho,9123/PB,Dermatologia,30
514,49,2,2,2025-06-30 08:30:00,Dermatite atópica,Realizada,Sala 202,220.0,Gabriela Almeida Mendes,586.560.365-41,1975-12-28,Feminino,"Rua Bancários, 989 - Torre, João Pessoa/PB",(83) 99720-5543,gabriela.almeid@email.com,Bradesco Saúde,Dra. Ana Paula Carvalho,9123/PB,Dermatologia,30
827,49,2,2,2025-10-14 14:30:00,Dermatite atópica,Cancelada,Sala 202,220.0,Gabriela Almeida Mendes,586.560.365-41,1975-12-28,Feminino,"Rua Bancários, 989 - Torre, João Pessoa/PB",(83) 99720-5543,gabriela.almeid@email.com,Bradesco Saúde,Dra. Ana Paula Carvalho,9123/PB,Dermatologia,30
878,59,2,2,2025-10-31 10:45:00,Alergia na pele e prurido,Realizada,Sala 202,225.0,Gustavo Nunes Santos,777.479.170-74,1999-09-14,Masculino,"Rua Bancários, 2017 - Manaíra, João Pessoa/PB",(83) 99326-6590,gustavo.nunes.s@email.com,Unimed,Dra. Ana Paula Carvalho,9123/PB,Dermatologia,30
1632,59,2,2,2026-07-31 09:30:00,Tratamento de acne severa,Cancelada,Sala 202,225.0,Gustavo Nunes Santos,777.479.170-74,1999-09-14,Masculino,"Rua Bancários, 2017 - Manaíra, João Pessoa/PB",(83) 99326-6590,gustavo.nunes.s@email.com,Unimed,Dra. Ana Paula Carvalho,9123/PB,Dermatologia,30
159,82,2,2,2025-02-26 09:15:00,Tratamento de acne severa,Realizada,Sala 202,212.5,Helena Vieira Dias,651.595.453-52,2017-03-15,Feminino,"Rua Bancários, 1328 - Bancários, João Pessoa/PB",(83) 99130-9903,helena.vieira.d@email.com,SulAmérica,Dra. Ana Paula Carvalho,9123/PB,Dermatologia,30
258,82,2,2,2025-04-04 13:45:00,Avaliação de pintas (nevos),Não Compareceu,Sala 202,212.5,Helena Vieira Dias,651.595.453-52,2017-03-15,Feminino,"Rua Bancários, 1328 - Bancários, João Pessoa/PB",(83) 99130-9903,helena.vieira.d@email.com,SulAmérica,Dra. Ana Paula Carvalho,9123/PB,Dermatologia,30
1594,82,2,2,2026-07-20 09:00:00,Alergia na pele e prurido,Realizada,Sala 202,212.5,Helena Vieira Dias,651.595.453-52,2017-03-15,Feminino,"Rua Bancários, 1328 - Bancários, João Pessoa/PB",(83) 99130-9903,helena.vieira.d@email.com,SulAmérica,Dra. Ana Paula Carvalho,9123/PB,Dermatologia,30
1712,82,2,2,2026-09-07 11:00:00,Retorno de rotina programado,Agendada,Sala 202,250.0,Helena Vieira Dias,651.595.453-52,2017-03-15,Feminino,"Rua Bancários, 1328 - Bancários, João Pessoa/PB",(83) 99130-9903,helena.vieira.d@email.com,SulAmérica,Dra. Ana Paula Carvalho,9123/PB,Dermatologia,30
136,73,2,2,2025-02-17 16:00:00,Dermatite atópica,Realizada,Sala 202,225.0,Gabriel Freitas Lima,269.911.414-86,1973-02-02,Masculino,"Rua Principal, 1929 - Centro, João Pessoa/PB",(83) 99533-5728,gabriel.freitas@email.com,Unimed,Dra. Ana Paula Carvalho,9123/PB,Dermatologia,30
1476,12,2,2,2026-06-12 09:15:00,Avaliação de pintas (nevos),Realizada,Sala 202,200.0,Larissa Vasconcelos Brito,710.165.494-58,1975-11-14,Feminino,"Rua dos Ipês, 2276 - Torre, João Pessoa/PB",(83) 99220-8668,larissa.vasconc@email.com,Cassi,Dra. Ana Paula Carvalho,9123/PB,Dermatologia,30
707,46,2,2,2025-09-08 13:00:00,Avaliação de pintas (nevos),Realizada,Sala 202,212.5,André Dias Gomes,125.147.350-70,1983-04-05,Masculino,"Rua Bancários, 2367 - Centro, João Pessoa/PB",(83) 99251-2193,andré.dias.gome@email.com,SulAmérica,Dra. Ana Paula Carvalho,9123/PB,Dermatologia,30
875,46,2,2,2025-10-30 08:00:00,Alergia na pele e prurido,Realizada,Sala 202,212.5,André Dias Gomes,125.147.350-70,1983-04-05,Masculino,"Rua Bancários, 2367 - Centro, João Pessoa/PB",(83) 99251-2193,andré.dias.gome@email.com,SulAmérica,Dra. Ana Paula Carvalho,9123/PB,Dermatologia,30
1161,46,2,2,2026-02-11 17:30:00,Alergia na pele e prurido,Não Compareceu,Sala 202,212.5,André Dias Gomes,125.147.350-70,1983-04-05,Masculino,"Rua Bancários, 2367 - Centro, João Pessoa/PB",(83) 99251-2193,andré.dias.gome@email.com,SulAmérica,Dra. Ana Paula Carvalho,9123/PB,Dermatologia,30
1650,46,2,2,2026-08-06 08:00:00,Dermatite atópica,Realizada,Sala 202,212.5,André Dias Gomes,125.147.350-70,1983-04-05,Masculino,"Rua Bancários, 2367 - Centro, João Pessoa/PB",(83) 99251-2193,andré.dias.gome@email.com,SulAmérica,Dra. Ana Paula Carvalho,9123/PB,Dermatologia,30
453,51,2,2,2025-06-11 10:00:00,Tratamento de acne severa,Realizada,Sala 202,200.0,Lucas Carvalho Carvalho,525.163.311-63,1997-09-15,Masculino,"Rua Bancários, 1963 - Jaguaribe, João Pessoa/PB",(83) 98797-1320,lucas.carvalho.@email.com,Cassi,Dra. Ana Paula Carvalho,9123/PB,Dermatologia,30
1236,51,2,2,2026-03-14 15:00:00,Dermatite atópica,Realizada,Sala 202,200.0,Lucas Carvalho Carvalho,525.163.311-63,1997-09-15,Masculino,"Rua Bancários, 1963 - Jaguaribe, João Pessoa/PB",(83) 98797-1320,lucas.carvalho.@email.com,Cassi,Dra. Ana Paula Carvalho,9123/PB,Dermatologia,30
1280,51,2,2,2026-04-02 11:30:00,Avaliação de pintas (nevos),Realizada,Sala 202,200.0,Lucas Carvalho Carvalho,525.163.311-63,1997-09-15,Masculino,"Rua Bancários, 1963 - Jaguaribe, João Pessoa/PB",(83) 98797-1320,lucas.carvalho.@email.com,Cassi,Dra. Ana Paula Carvalho,9123/PB,Dermatologia,30
964,13,2,2,2025-12-03 09:30:00,Avaliação de pintas (nevos),Não Compareceu,Sala 202,205.0,Rodrigo Teixeira Santos,217.798.649-44,1956-11-24,Masculino,"Rua dos Ipês, 1790 - Tambaú, João Pessoa/PB",(83) 99574-6573,rodrigo.teixeir@email.com,Amil,Dra. Ana Paula Carvalho,9123/PB,Dermatologia,30
1021,55,2,2,2025-12-23 12:15:00,Avaliação de pintas (nevos),Realizada,Sala 202,212.5,Marcelo Costa Costa,951.531.358-20,2003-05-25,Masculino,"Rua Principal, 1443 - Torre, João Pessoa/PB",(83) 98963-1317,marcelo.costa.c@email.com,SulAmérica,Dra. Ana Paula Carvalho,9123/PB,Dermatologia,30
1187,41,2,2,2026-02-20 12:00:00,Tratamento de acne severa,Realizada,Sala 202,225.0,Maria Souza Mendes,371.139.211-86,1988-03-19,Feminino,"Rua Bancários, 2493 - Mangabeira, João Pessoa/PB",(83) 98889-6663,maria.souza.men@email.com,Unimed,Dra. Ana Paula Carvalho,9123/PB,Dermatologia,30
1608,27,2,2,2026-07-23 16:30:00,Alergia na pele e prurido,Realizada,Sala 202,225.0,Sérgio Ramos Peixoto,903.565.392-64,2004-05-26,Masculino,"Rua das Flores, 1225 - Cabo Branco, João Pessoa/PB",(83) 99426-8973,sérgio.ramos.pe@email.com,Unimed,Dra. Ana Paula Carvalho,9123/PB,Dermatologia,30
591,22,2,2,2025-07-25 12:30:00,Alergia na pele e prurido,Realizada,Sala 202,225.0,Débora Silveira Campos,584.926.516-34,2015-04-26,Feminino,"Rua dos Ipês, 1744 - Bancários, João Pessoa/PB",(83) 98193-2588,débora.silveira@email.com,Unimed,Dra. Ana Paula Carvalho,9123/PB,Dermatologia,30
995,22,2,2,2025-12-12 08:30:00,Tratamento de acne severa,Cancelada,Sala 202,225.0,Débora Silveira Campos,584.926.516-34,2015-04-26,Feminino,"Rua dos Ipês, 1744 - Bancários, João Pessoa/PB",(83) 98193-2588,débora.silveira@email.com,Unimed,Dra. Ana Paula Carvalho,9123/PB,Dermatologia,30
1401,22,2,2,2026-05-18 12:30:00,Avaliação de pintas (nevos),Realizada,Sala 202,225.0,Débora Silveira Campos,584.926.516-34,2015-04-26,Feminino,"Rua dos Ipês, 1744 - Bancários, João Pessoa/PB",(83) 98193-2588,débora.silveira@email.com,Unimed,Dra. Ana Paula Carvalho,9123/PB,Dermatologia,30
196,105,2,2,2025-03-12 14:15:00,Avaliação de pintas (nevos),Realizada,Sala 202,250.0,Bruna Barbosa Soares,719.540.201-99,1992-08-17,Feminino,"Rua Bancários, 945 - Bancários, João Pessoa/PB",(83) 98234-4522,bruna.barbosa.s@email.com,Particular,Dra. Ana Paula Carvalho,9123/PB,Dermatologia,30
450,105,2,2,2025-06-10 12:15:00,Dermatite atópica,Realizada,Sala 202,250.0,Bruna Barbosa Soares,719.540.201-99,1992-08-17,Feminino,"Rua Bancários, 945 - Bancários, João Pessoa/PB",(83) 98234-4522,bruna.barbosa.s@email.com,Particular,Dra. Ana Paula Carvalho,9123/PB,Dermatologia,30
197,94,2,2,2025-03-12 09:30:00,Tratamento de acne severa,Realizada,Sala 202,212.5,Marcelo Oliveira Rodrigues,790.506.966-81,1983-11-24,Masculino,"Rua Principal, 1093 - Bancários, João Pessoa/PB",(83) 98749-2479,marcelo.oliveir@email.com,SulAmérica,Dra. Ana Paula Carvalho,9123/PB,Dermatologia,30
502,67,2,2,2025-06-25 09:15:00,Avaliação de pintas (nevos),Realizada,Sala 202,225.0,Thiago Silva Nascimento,155.666.399-99,1971-05-02,Masculino,"Rua Principal, 60 - Centro, João Pessoa/PB",(83) 99933-3068,thiago.silva.na@email.com,Unimed,Dra. Ana Paula Carvalho,9123/PB,Dermatologia,30
346,90,2,2,2025-05-03 08:15:00,Dermatite atópica,Realizada,Sala 202,220.0,Leonardo Machado Lopes,685.467.688-47,1968-04-13,Masculino,"Rua Esperança, 1631 - Manaíra, João Pessoa/PB",(83) 99432-5837,leonardo.machad@email.com,Bradesco Saúde,Dra. Ana Paula Carvalho,9123/PB,Dermatologia,30
1443,90,2,2,2026-05-30 14:15:00,Avaliação de pintas (nevos),Realizada,Sala 202,220.0,Leonardo Machado Lopes,685.467.688-47,1968-04-13,Masculino,"Rua Esperança, 1631 - Manaíra, João Pessoa/PB",(83) 99432-5837,leonardo.machad@email.com,Bradesco Saúde,Dra. Ana Paula Carvalho,9123/PB,Dermatologia,30
1664,90,2,2,2026-08-11 11:00:00,Dermatite atópica,Não Compareceu,Sala 202,220.0,Leonardo Machado Lopes,685.467.688-47,1968-04-13,Masculino,"Rua Esperança, 1631 - Manaíra, João Pessoa/PB",(83) 99432-5837,leonardo.machad@email.com,Bradesco Saúde,Dra. Ana Paula Carvalho,9123/PB,Dermatologia,30
770,96,2,2,2025-09-25 17:00:00,Tratamento de acne severa,Realizada,Sala 202,220.0,Isabela Pereira Rocha,575.817.409-93,1963-11-27,Feminino,"Rua Principal, 162 - Cabo Branco, João Pessoa/PB",(83) 98836-2911,isabela.pereira@email.com,Bradesco Saúde,Dra. Ana Paula Carvalho,9123/PB,Dermatologia,30
404,30,2,2,2025-05-22 16:30:00,Avaliação de pintas (nevos),Realizada,Sala 202,225.0,Letícia Holanda Freire,140.734.183-63,1986-10-20,Feminino,"Rua dos Ipês, 846 - Mangabeira, João Pessoa/PB",(83) 99346-9565,letícia.holanda@email.com,Unimed,Dra. Ana Paula Carvalho,9123/PB,Dermatologia,30
1111,26,2,2,2026-01-23 16:15:00,Dermatite atópica,Realizada,Sala 202,205.0,Renata Vasconcelos Paiva,592.318.985-61,1976-07-16,Feminino,"Rua Bancários, 18 - Cabo Branco, João Pessoa/PB",(83) 99848-1960,renata.vasconce@email.com,Amil,Dra. Ana Paula Carvalho,9123/PB,Dermatologia,30
442,16,2,2,2025-06-06 15:00:00,Alergia na pele e prurido,Realizada,Sala 202,225.0,Aline Meireles Pontes,214.471.999-49,1996-08-01,Feminino,"Rua Epitácio Pessoa, 332 - Bessa, João Pessoa/PB",(83) 98490-1949,aline.meireles.@email.com,Unimed,Dra. Ana Paula Carvalho,9123/PB,Dermatologia,30
737,4,2,2,2025-09-16 10:30:00,Tratamento de acne severa,Realizada,Sala 202,212.5,Fernanda Costa Oliveira,444.204.194-58,1974-04-25,Feminino,"Rua Epitácio Pessoa, 1093 - Mangabeira, João Pessoa/PB",(83) 98198-6881,fernanda.costa.@email.com,SulAmérica,Dra. Ana Paula Carvalho,9123/PB,Dermatologia,30
1286,61,2,2,2026-04-03 08:00:00,Tratamento de acne severa,Realizada,Sala 202,220.0,Carolina Marques Andrade,351.950.188-45,1989-06-28,Feminino,"Rua Bancários, 2344 - Bessa, João Pessoa/PB",(83) 99805-8385,carolina.marque@email.com,Bradesco Saúde,Dra. Ana Paula Carvalho,9123/PB,Dermatologia,30
1295,37,2,2,2026-04-08 08:45:00,Avaliação de pintas (nevos),Realizada,Sala 202,225.0,Rodrigo Rodrigues Santos,981.140.466-36,1994-06-26,Masculino,"Rua dos Ipês, 2303 - Tambaú, João Pessoa/PB",(83) 99396-5088,rodrigo.rodrigu@email.com,Unimed,Dra. Ana Paula Carvalho,9123/PB,Dermatologia,30
994,78,2,2,2025-12-12 10:30:00,Dermatite atópica,Cancelada,Sala 202,225.0,Fernando Ribeiro Barbosa,878.152.308-44,2018-11-15,Masculino,"Rua Bancários, 1995 - Altiplano, João Pessoa/PB",(83) 99124-3146,fernando.ribeir@email.com,Unimed,Dra. Ana Paula Carvalho,9123/PB,Dermatologia,30
1045,78,2,2,2025-12-31 16:30:00,Avaliação de pintas (nevos),Realizada,Sala 202,225.0,Fernando Ribeiro Barbosa,878.152.308-44,2018-11-15,Masculino,"Rua Bancários, 1995 - Altiplano, João Pessoa/PB",(83) 99124-3146,fernando.ribeir@email.com,Unimed,Dra. Ana Paula Carvalho,9123/PB,Dermatologia,30
1260,80,2,2,2026-03-25 08:15:00,Alergia na pele e prurido,Não Compareceu,Sala 202,225.0,Gabriel Lopes Freitas,379.525.954-71,1992-09-23,Masculino,"Rua Epitácio Pessoa, 602 - Centro, João Pessoa/PB",(83) 98967-4993,gabriel.lopes.f@email.com,Unimed,Dra. Ana Paula Carvalho,9123/PB,Dermatologia,30
116,104,8,8,2025-02-10 08:45:00,Prescrição de óculos / refração,Realizada,Sala 302,237.6,Fernanda Lopes Nascimento,429.722.251-18,2011-02-03,Feminino,"Rua Esperança, 2407 - Jaguaribe, João Pessoa/PB",(83) 98258-5505,fernanda.lopes.@email.com,Bradesco Saúde,Dra. Helena Ribeiro Brandão,9876/PB,Oftalmologia,30
1421,104,8,8,2026-05-22 14:45:00,Acuidade visual diminuída,Realizada,Sala 302,237.6,Fernanda Lopes Nascimento,429.722.251-18,2011-02-03,Feminino,"Rua Esperança, 2407 - Jaguaribe, João Pessoa/PB",(83) 98258-5505,fernanda.lopes.@email.com,Bradesco Saúde,Dra. Helena Ribeiro Brandão,9876/PB,Oftalmologia,30
406,87,8,8,2025-05-22 15:15:00,Avaliação de fundo de olho,Realizada,Sala 302,221.4,Pedro Costa Nunes,483.541.249-41,1962-05-12,Masculino,"Rua Esperança, 747 - Jaguaribe, João Pessoa/PB",(83) 99087-7751,pedro.costa.nun@email.com,Amil,Dra. Helena Ribeiro Brandão,9876/PB,Oftalmologia,30
102,72,8,8,2025-02-05 12:00:00,Acuidade visual diminuída,Realizada,Sala 302,243.0,Débora Oliveira Dias,910.740.703-94,1984-05-26,Feminino,"Rua Principal, 2240 - Bancários, João Pessoa/PB",(83) 99646-4241,débora.oliveira@email.com,Unimed,Dra. Helena Ribeiro Brandão,9876/PB,Oftalmologia,30
1675,72,8,8,2026-08-15 16:00:00,Avaliação de fundo de olho,Realizada,Sala 302,243.0,Débora Oliveira Dias,910.740.703-94,1984-05-26,Feminino,"Rua Principal, 2240 - Bancários, João Pessoa/PB",(83) 99646-4241,débora.oliveira@email.com,Unimed,Dra. Helena Ribeiro Brandão,9876/PB,Oftalmologia,30
673,75,8,8,2025-08-26 08:45:00,Avaliação de fundo de olho,Cancelada,Sala 302,221.4,Diego Vieira Santos,767.552.384-33,1977-08-17,Masculino,"Rua Principal, 1935 - Centro, João Pessoa/PB",(83) 99198-8141,diego.vieira.sa@email.com,Amil,Dra. Helena Ribeiro Brandão,9876/PB,Oftalmologia,30
1264,75,8,8,2026-03-26 09:15:00,Prescrição de óculos / refração,Realizada,Sala 302,221.4,Diego Vieira Santos,767.552.384-33,1977-08-17,Masculino,"Rua Principal, 1935 - Centro, João Pessoa/PB",(83) 99198-8141,diego.vieira.sa@email.com,Amil,Dra. Helena Ribeiro Brandão,9876/PB,Oftalmologia,30
1341,75,8,8,2026-04-24 12:00:00,Avaliação de fundo de olho,Não Compareceu,Sala 302,221.4,Diego Vieira Santos,767.552.384-33,1977-08-17,Masculino,"Rua Principal, 1935 - Centro, João Pessoa/PB",(83) 99198-8141,diego.vieira.sa@email.com,Amil,Dra. Helena Ribeiro Brandão,9876/PB,Oftalmologia,30
1098,91,8,8,2026-01-19 10:45:00,Avaliação de fundo de olho,Realizada,Sala 302,243.0,Maria Vieira Machado,608.952.393-39,1961-10-24,Feminino,"Rua Esperança, 788 - Bessa, João Pessoa/PB",(83) 99243-6772,maria.vieira.ma@email.com,Unimed,Dra. Helena Ribeiro Brandão,9876/PB,Oftalmologia,30
1624,91,8,8,2026-07-29 17:30:00,Prescrição de óculos / refração,Realizada,Sala 302,243.0,Maria Vieira Machado,608.952.393-39,1961-10-24,Feminino,"Rua Esperança, 788 - Bessa, João Pessoa/PB",(83) 99243-6772,maria.vieira.ma@email.com,Unimed,Dra. Helena Ribeiro Brandão,9876/PB,Oftalmologia,30
16,83,8,8,2025-01-07 13:00:00,Acuidade visual diminuída,Realizada,Sala 302,243.0,André Vieira Martins,425.862.584-58,1984-07-02,Masculino,"Rua Principal, 527 - Centro, João Pessoa/PB",(83) 98790-3492,andré.vieira.ma@email.com,Unimed,Dra. Helena Ribeiro Brandão,9876/PB,Oftalmologia,30
66,65,8,8,2025-01-23 16:30:00,Acuidade visual diminuída,Realizada,Sala 302,243.0,Amanda Nascimento Almeida,336.223.838-34,1989-05-09,Feminino,"Rua Esperança, 768 - Torre, João Pessoa/PB",(83) 98646-2958,amanda.nascimen@email.com,Unimed,Dra. Helena Ribeiro Brandão,9876/PB,Oftalmologia,30
1199,65,8,8,2026-02-27 12:00:00,Acuidade visual diminuída,Realizada,Sala 302,243.0,Amanda Nascimento Almeida,336.223.838-34,1989-05-09,Feminino,"Rua Esperança, 768 - Torre, João Pessoa/PB",(83) 98646-2958,amanda.nascimen@email.com,Unimed,Dra. Helena Ribeiro Brandão,9876/PB,Oftalmologia,30
21,118,8,8,2025-01-08 10:45:00,Acuidade visual diminuída,Realizada,Sala 302,243.0,Bruno Ribeiro Andrade,249.362.302-32,1973-04-04,Masculino,"Rua das Flores, 2033 - Tambaú, João Pessoa/PB",(83) 99233-3504,bruno.ribeiro.a@email.com,Unimed,Dra. Helena Ribeiro Brandão,9876/PB,Oftalmologia,30
793,118,8,8,2025-10-02 13:45:00,Irritação ocular crônica e olho seco,Realizada,Sala 302,243.0,Bruno Ribeiro Andrade,249.362.302-32,1973-04-04,Masculino,"Rua das Flores, 2033 - Tambaú, João Pessoa/PB",(83) 99233-3504,bruno.ribeiro.a@email.com,Unimed,Dra. Helena Ribeiro Brandão,9876/PB,Oftalmologia,30
932,118,8,8,2025-11-20 08:30:00,Avaliação de fundo de olho,Realizada,Sala 302,243.0,Bruno Ribeiro Andrade,249.362.302-32,1973-04-04,Masculino,"Rua das Flores, 2033 - Tambaú, João Pessoa/PB",(83) 99233-3504,bruno.ribeiro.a@email.com,Unimed,Dra. Helena Ribeiro Brandão,9876/PB,Oftalmologia,30
505,77,8,8,2025-06-26 13:30:00,Irritação ocular crônica e olho seco,Realizada,Sala 302,221.4,Felipe Lima Costa,626.944.101-94,1969-07-28,Masculino,"Rua Bancários, 232 - Centro, João Pessoa/PB",(83) 99780-9889,felipe.lima.cos@email.com,Amil,Dra. Helena Ribeiro Brandão,9876/PB,Oftalmologia,30
1305,68,8,8,2026-04-10 13:30:00,Avaliação de fundo de olho,Realizada,Sala 302,221.4,Daniela Lopes Almeida,358.982.589-24,1998-03-02,Feminino,"Rua Bancários, 313 - Bancários, João Pessoa/PB",(83) 99683-2070,daniela.lopes.a@email.com,Amil,Dra. Helena Ribeiro Brandão,9876/PB,Oftalmologia,30
728,48,8,8,2025-09-12 14:30:00,Prescrição de óculos / refração,Realizada,Sala 302,237.6,Ana Fernandes Pereira,920.575.783-77,1970-08-05,Feminino,"Rua Epitácio Pessoa, 2077 - Centro, João Pessoa/PB",(83) 99144-6198,ana.fernandes.p@email.com,Bradesco Saúde,Dra. Helena Ribeiro Brandão,9876/PB,Oftalmologia,30
962,48,8,8,2025-12-02 13:30:00,Prescrição de óculos / refração,Realizada,Sala 302,237.6,Ana Fernandes Pereira,920.575.783-77,1970-08-05,Feminino,"Rua Epitácio Pessoa, 2077 - Centro, João Pessoa/PB",(83) 99144-6198,ana.fernandes.p@email.com,Bradesco Saúde,Dra. Helena Ribeiro Brandão,9876/PB,Oftalmologia,30
349,99,8,8,2025-05-05 15:15:00,Acuidade visual diminuída,Realizada,Sala 302,243.0,Ana Martins Lima,943.565.193-94,1979-02-28,Feminino,"Rua dos Ipês, 1007 - Manaíra, João Pessoa/PB",(83) 98434-1349,ana.martins.lim@email.com,Unimed,Dra. Helena Ribeiro Brandão,9876/PB,Oftalmologia,30
845,99,8,8,2025-10-20 10:45:00,Acuidade visual diminuída,Realizada,Sala 302,243.0,Ana Martins Lima,943.565.193-94,1979-02-28,Feminino,"Rua dos Ipês, 1007 - Manaíra, João Pessoa/PB",(83) 98434-1349,ana.martins.lim@email.com,Unimed,Dra. Helena Ribeiro Brandão,9876/PB,Oftalmologia,30
122,66,8,8,2025-02-12 15:00:00,Avaliação de fundo de olho,Realizada,Sala 302,237.6,Rafael Andrade Lopes,878.637.711-46,1990-12-19,Masculino,"Rua das Flores, 1488 - Altiplano, João Pessoa/PB",(83) 98205-4180,rafael.andrade.@email.com,Bradesco Saúde,Dra. Helena Ribeiro Brandão,9876/PB,Oftalmologia,30
619,66,8,8,2025-08-06 17:30:00,Irritação ocular crônica e olho seco,Realizada,Sala 302,237.6,Rafael Andrade Lopes,878.637.711-46,1990-12-19,Masculino,"Rua das Flores, 1488 - Altiplano, João Pessoa/PB",(83) 98205-4180,rafael.andrade.@email.com,Bradesco Saúde,Dra. Helena Ribeiro Brandão,9876/PB,Oftalmologia,30
773,66,8,8,2025-09-26 16:15:00,Prescrição de óculos / refração,Realizada,Sala 302,237.6,Rafael Andrade Lopes,878.637.711-46,1990-12-19,Masculino,"Rua das Flores, 1488 - Altiplano, João Pessoa/PB",(83) 98205-4180,rafael.andrade.@email.com,Bradesco Saúde,Dra. Helena Ribeiro Brandão,9876/PB,Oftalmologia,30
1019,111,8,8,2025-12-23 09:30:00,Prescrição de óculos / refração,Realizada,Sala 302,243.0,Fernando Alves Martins,261.478.419-51,2008-08-11,Masculino,"Rua das Flores, 654 - Manaíra, João Pessoa/PB",(83) 99590-2391,fernando.alves.@email.com,Unimed,Dra. Helena Ribeiro Brandão,9876/PB,Oftalmologia,30
524,106,8,8,2025-07-02 17:15:00,Prescrição de óculos / refração,Realizada,Sala 302,243.0,Aline Marques Almeida,197.420.537-50,2006-07-24,Feminino,"Rua das Flores, 1952 - Mangabeira, João Pessoa/PB",(83) 99362-5176,aline.marques.a@email.com,Unimed,Dra. Helena Ribeiro Brandão,9876/PB,Oftalmologia,30
36,40,8,8,2025-01-13 17:45:00,Avaliação de fundo de olho,Cancelada,Sala 302,237.6,João Dias Alves,985.171.891-45,2006-06-09,Masculino,"Rua Esperança, 2206 - Bancários, João Pessoa/PB",(83) 98719-9346,joão.dias.alves@email.com,Bradesco Saúde,Dra. Helena Ribeiro Brandão,9876/PB,Oftalmologia,30
478,40,8,8,2025-06-18 13:45:00,Acuidade visual diminuída,Realizada,Sala 302,237.6,João Dias Alves,985.171.891-45,2006-06-09,Masculino,"Rua Esperança, 2206 - Bancários, João Pessoa/PB",(83) 98719-9346,joão.dias.alves@email.com,Bradesco Saúde,Dra. Helena Ribeiro Brandão,9876/PB,Oftalmologia,30
37,45,8,8,2025-01-13 08:30:00,Avaliação de fundo de olho,Realizada,Sala 302,243.0,Débora Almeida Almeida,912.915.853-31,1982-09-16,Feminino,"Rua Epitácio Pessoa, 1382 - Altiplano, João Pessoa/PB",(83) 99349-2389,débora.almeida.@email.com,Unimed,Dra. Helena Ribeiro Brandão,9876/PB,Oftalmologia,30
1239,45,8,8,2026-03-16 17:00:00,Irritação ocular crônica e olho seco,Cancelada,Sala 302,243.0,Débora Almeida Almeida,912.915.853-31,1982-09-16,Feminino,"Rua Epitácio Pessoa, 1382 - Altiplano, João Pessoa/PB",(83) 99349-2389,débora.almeida.@email.com,Unimed,Dra. Helena Ribeiro Brandão,9876/PB,Oftalmologia,30
170,86,8,8,2025-03-03 16:30:00,Avaliação de fundo de olho,Realizada,Sala 302,243.0,André Rocha Dias,192.544.200-91,1991-04-24,Masculino,"Rua das Flores, 1236 - Centro, João Pessoa/PB",(83) 99441-2646,andré.rocha.dia@email.com,Unimed,Dra. Helena Ribeiro Brandão,9876/PB,Oftalmologia,30
1284,86,8,8,2026-04-02 14:30:00,Irritação ocular crônica e olho seco,Não Compareceu,Sala 302,243.0,André Rocha Dias,192.544.200-91,1991-04-24,Masculino,"Rua das Flores, 1236 - Centro, João Pessoa/PB",(83) 99441-2646,andré.rocha.dia@email.com,Unimed,Dra. Helena Ribeiro Brandão,9876/PB,Oftalmologia,30
1321,18,8,8,2026-04-17 15:30:00,Prescrição de óculos / refração,Não Compareceu,Sala 302,237.6,Clarice Lispector Cunha,993.721.533-37,1976-05-17,Feminino,"Rua Esperança, 1286 - Bessa, João Pessoa/PB",(83) 99902-9835,clarice.lispect@email.com,Bradesco Saúde,Dra. Helena Ribeiro Brandão,9876/PB,Oftalmologia,30
1604,18,8,8,2026-07-22 09:45:00,Prescrição de óculos / refração,Não Compareceu,Sala 302,237.6,Clarice Lispector Cunha,993.721.533-37,1976-05-17,Feminino,"Rua Esperança, 1286 - Bessa, João Pessoa/PB",(83) 99902-9835,clarice.lispect@email.com,Bradesco Saúde,Dra. Helena Ribeiro Brandão,9876/PB,Oftalmologia,30
1696,18,8,8,2026-08-24 11:30:00,Avaliação de fundo de olho,Realizada,Sala 302,237.6,Clarice Lispector Cunha,993.721.533-37,1976-05-17,Feminino,"Rua Esperança, 1286 - Bessa, João Pessoa/PB",(83) 99902-9835,clarice.lispect@email.com,Bradesco Saúde,Dra. Helena Ribeiro Brandão,9876/PB,Oftalmologia,30
1136,9,8,8,2026-02-02 14:00:00,Irritação ocular crônica e olho seco,Cancelada,Sala 302,229.5,Thiago Rocha Cavalcanti,374.167.316-82,1959-06-13,Masculino,"Rua Esperança, 2054 - Bessa, João Pessoa/PB",(83) 99794-6155,thiago.rocha.ca@email.com,SulAmérica,Dra. Helena Ribeiro Brandão,9876/PB,Oftalmologia,30
1413,9,8,8,2026-05-20 16:15:00,Acuidade visual diminuída,Realizada,Sala 302,229.5,Thiago Rocha Cavalcanti,374.167.316-82,1959-06-13,Masculino,"Rua Esperança, 2054 - Bessa, João Pessoa/PB",(83) 99794-6155,thiago.rocha.ca@email.com,SulAmérica,Dra. Helena Ribeiro Brandão,9876/PB,Oftalmologia,30
701,17,8,8,2025-09-04 12:30:00,Acuidade visual diminuída,Cancelada,Sala 302,243.0,Marcos Vinicius Sales,935.170.878-78,1965-12-16,Masculino,"Rua Esperança, 1956 - Cabo Branco, João Pessoa/PB",(83) 99568-3060,marcos.vinicius@email.com,Unimed,Dra. Helena Ribeiro Brandão,9876/PB,Oftalmologia,30
1318,76,8,8,2026-04-16 13:30:00,Acuidade visual diminuída,Realizada,Sala 302,221.4,Carolina Costa Costa,521.810.607-46,1968-03-11,Feminino,"Rua Principal, 1872 - Torre, João Pessoa/PB",(83) 99356-7561,carolina.costa.@email.com,Amil,Dra. Helena Ribeiro Brandão,9876/PB,Oftalmologia,30
97,20,8,8,2025-02-03 17:30:00,Avaliação de fundo de olho,Realizada,Sala 302,243.0,Luciana Guedes Nogueira,335.702.325-10,1957-10-18,Feminino,"Rua Principal, 138 - Bessa, João Pessoa/PB",(83) 98145-1964,luciana.guedes.@email.com,Unimed,Dra. Helena Ribeiro Brandão,9876/PB,Oftalmologia,30
1690,20,8,8,2026-08-21 08:00:00,Acuidade visual diminuída,Realizada,Sala 302,243.0,Luciana Guedes Nogueira,335.702.325-10,1957-10-18,Feminino,"Rua Principal, 138 - Bessa, João Pessoa/PB",(83) 98145-1964,luciana.guedes.@email.com,Unimed,Dra. Helena Ribeiro Brandão,9876/PB,Oftalmologia,30
866,115,8,8,2025-10-27 16:30:00,Avaliação de fundo de olho,Realizada,Sala 302,229.5,Juliana Martins Machado,570.179.982-50,1960-07-01,Feminino,"Rua Bancários, 1720 - Jaguaribe, João Pessoa/PB",(83) 99179-8033,juliana.martins@email.com,SulAmérica,Dra. Helena Ribeiro Brandão,9876/PB,Oftalmologia,30
1213,115,8,8,2026-03-04 10:45:00,Acuidade visual diminuída,Realizada,Sala 302,229.5,Juliana Martins Machado,570.179.982-50,1960-07-01,Feminino,"Rua Bancários, 1720 - Jaguaribe, João Pessoa/PB",(83) 99179-8033,juliana.martins@email.com,SulAmérica,Dra. Helena Ribeiro Brandão,9876/PB,Oftalmologia,30
1273,115,8,8,2026-03-30 10:30:00,Avaliação de fundo de olho,Não Compareceu,Sala 302,229.5,Juliana Martins Machado,570.179.982-50,1960-07-01,Feminino,"Rua Bancários, 1720 - Jaguaribe, João Pessoa/PB",(83) 99179-8033,juliana.martins@email.com,SulAmérica,Dra. Helena Ribeiro Brandão,9876/PB,Oftalmologia,30
679,108,8,8,2025-08-28 12:00:00,Prescrição de óculos / refração,Realizada,Sala 302,221.4,Fernanda Carvalho Ribeiro,394.714.419-55,2009-12-02,Feminino,"Rua das Flores, 1985 - Bessa, João Pessoa/PB",(83) 98212-9313,fernanda.carval@email.com,Amil,Dra. Helena Ribeiro Brandão,9876/PB,Oftalmologia,30
1040,62,8,8,2025-12-30 09:00:00,Acuidade visual diminuída,Não Compareceu,Sala 302,243.0,Aline Silva Lopes,317.463.916-43,1996-03-16,Feminino,"Rua Esperança, 1141 - Jaguaribe, João Pessoa/PB",(83) 98697-5581,aline.silva.lop@email.com,Unimed,Dra. Helena Ribeiro Brandão,9876/PB,Oftalmologia,30
57,54,8,8,2025-01-21 15:15:00,Prescrição de óculos / refração,Realizada,Sala 302,270.0,Leonardo Vieira Vieira,538.238.987-69,1958-02-21,Masculino,"Rua Bancários, 1350 - Altiplano, João Pessoa/PB",(83) 98372-1823,leonardo.vieira@email.com,Particular,Dra. Helena Ribeiro Brandão,9876/PB,Oftalmologia,30
225,54,8,8,2025-03-24 08:15:00,Acuidade visual diminuída,Realizada,Sala 302,270.0,Leonardo Vieira Vieira,538.238.987-69,1958-02-21,Masculino,"Rua Bancários, 1350 - Altiplano, João Pessoa/PB",(83) 98372-1823,leonardo.vieira@email.com,Particular,Dra. Helena Ribeiro Brandão,9876/PB,Oftalmologia,30
848,54,8,8,2025-10-21 17:30:00,Avaliação de fundo de olho,Não Compareceu,Sala 302,270.0,Leonardo Vieira Vieira,538.238.987-69,1958-02-21,Masculino,"Rua Bancários, 1350 - Altiplano, João Pessoa/PB",(83) 98372-1823,leonardo.vieira@email.com,Particular,Dra. Helena Ribeiro Brandão,9876/PB,Oftalmologia,30
1117,54,8,8,2026-01-26 16:45:00,Prescrição de óculos / refração,Realizada,Sala 302,270.0,Leonardo Vieira Vieira,538.238.987-69,1958-02-21,Masculino,"Rua Bancários, 1350 - Altiplano, João Pessoa/PB",(83) 98372-1823,leonardo.vieira@email.com,Particular,Dra. Helena Ribeiro Brandão,9876/PB,Oftalmologia,30
234,52,8,8,2025-03-26 16:15:00,Acuidade visual diminuída,Não Compareceu,Sala 302,221.4,Bruno Gomes Moreira,865.852.659-87,2004-07-18,Masculino,"Rua das Flores, 1127 - Centro, João Pessoa/PB",(83) 99838-4613,bruno.gomes.mor@email.com,Amil,Dra. Helena Ribeiro Brandão,9876/PB,Oftalmologia,30
331,52,8,8,2025-04-29 12:45:00,Avaliação de fundo de olho,Realizada,Sala 302,221.4,Bruno Gomes Moreira,865.852.659-87,2004-07-18,Masculino,"Rua das Flores, 1127 - Centro, João Pessoa/PB",(83) 99838-4613,bruno.gomes.mor@email.com,Amil,Dra. Helena Ribeiro Brandão,9876/PB,Oftalmologia,30
682,58,8,8,2025-08-28 11:00:00,Acuidade visual diminuída,Realizada,Sala 302,243.0,Thiago Vieira Dias,303.177.706-98,2003-07-23,Masculino,"Rua Esperança, 1245 - Tambaú, João Pessoa/PB",(83) 99701-4978,thiago.vieira.d@email.com,Unimed,Dra. Helena Ribeiro Brandão,9876/PB,Oftalmologia,30
691,58,8,8,2025-09-01 16:00:00,Irritação ocular crônica e olho seco,Realizada,Sala 302,243.0,Thiago Vieira Dias,303.177.706-98,2003-07-23,Masculino,"Rua Esperança, 1245 - Tambaú, João Pessoa/PB",(83) 99701-4978,thiago.vieira.d@email.com,Unimed,Dra. Helena Ribeiro Brandão,9876/PB,Oftalmologia,30
749,93,8,8,2025-09-19 12:30:00,Avaliação de fundo de olho,Realizada,Sala 302,221.4,Camila Alves Rodrigues,379.950.268-42,2001-09-17,Feminino,"Rua Esperança, 1397 - Altiplano, João Pessoa/PB",(83) 99871-8894,camila.alves.ro@email.com,Amil,Dra. Helena Ribeiro Brandão,9876/PB,Oftalmologia,30
1369,3,8,8,2026-05-05 08:45:00,Irritação ocular crônica e olho seco,Não Compareceu,Sala 302,221.4,Lucas Pereira Ramos,703.384.928-10,2008-04-15,Masculino,"Rua dos Ipês, 1148 - Bancários, João Pessoa/PB",(83) 99554-3615,lucas.pereira.r@email.com,Amil,Dra. Helena Ribeiro Brandão,9876/PB,Oftalmologia,30
1254,7,8,8,2026-03-23 15:00:00,Avaliação de fundo de olho,Realizada,Sala 302,243.0,Gabriel Martins Ferreira,473.266.479-55,2013-11-27,Masculino,"Rua Epitácio Pessoa, 710 - Tambaú, João Pessoa/PB",(83) 98429-5374,gabriel.martins@email.com,Unimed,Dra. Helena Ribeiro Brandão,9876/PB,Oftalmologia,30
1605,7,8,8,2026-07-23 15:45:00,Avaliação de fundo de olho,Realizada,Sala 302,243.0,Gabriel Martins Ferreira,473.266.479-55,2013-11-27,Masculino,"Rua Epitácio Pessoa, 710 - Tambaú, João Pessoa/PB",(83) 98429-5374,gabriel.martins@email.com,Unimed,Dra. Helena Ribeiro Brandão,9876/PB,Oftalmologia,30
1297,2,8,8,2026-04-08 08:15:00,Acuidade visual diminuída,Realizada,Sala 302,216.0,Mariana Souza Lima,195.323.338-74,2009-01-01,Feminino,"Rua das Flores, 2242 - Torre, João Pessoa/PB",(83) 99232-1434,mariana.souza.l@email.com,Cassi,Dra. Helena Ribeiro Brandão,9876/PB,Oftalmologia,30
681,6,8,8,2025-08-28 16:00:00,Avaliação de fundo de olho,Realizada,Sala 302,243.0,Juliana Barbosa Dias,146.777.333-47,1979-12-03,Feminino,"Rua Bancários, 1148 - Tambaú, João Pessoa/PB",(83) 98163-4814,juliana.barbosa@email.com,Unimed,Dra. Helena Ribeiro Brandão,9876/PB,Oftalmologia,30
961,6,8,8,2025-12-02 16:30:00,Avaliação de fundo de olho,Realizada,Sala 302,243.0,Juliana Barbosa Dias,146.777.333-47,1979-12-03,Feminino,"Rua Bancários, 1148 - Tambaú, João Pessoa/PB",(83) 98163-4814,juliana.barbosa@email.com,Unimed,Dra. Helena Ribeiro Brandão,9876/PB,Oftalmologia,30
69,103,8,8,2025-01-24 16:45:00,Prescrição de óculos / refração,Cancelada,Sala 302,243.0,Eduarda Pereira Barbosa,987.774.633-48,1960-12-26,Feminino,"Rua Bancários, 1655 - Manaíra, João Pessoa/PB",(83) 98938-1510,eduarda.pereira@email.com,Unimed,Dra. Helena Ribeiro Brandão,9876/PB,Oftalmologia,30
860,103,8,8,2025-10-23 09:00:00,Acuidade visual diminuída,Realizada,Sala 302,243.0,Eduarda Pereira Barbosa,987.774.633-48,1960-12-26,Feminino,"Rua Bancários, 1655 - Manaíra, João Pessoa/PB",(83) 98938-1510,eduarda.pereira@email.com,Unimed,Dra. Helena Ribeiro Brandão,9876/PB,Oftalmologia,30
533,43,8,8,2025-07-07 14:15:00,Irritação ocular crônica e olho seco,Não Compareceu,Sala 302,243.0,Felipe Barbosa Costa,619.416.782-62,1970-12-10,Masculino,"Rua Epitácio Pessoa, 531 - Altiplano, João Pessoa/PB",(83) 98668-7592,felipe.barbosa.@email.com,Unimed,Dra. Helena Ribeiro Brandão,9876/PB,Oftalmologia,30
1551,43,8,8,2026-07-04 12:30:00,Prescrição de óculos / refração,Realizada,Sala 302,243.0,Felipe Barbosa Costa,619.416.782-62,1970-12-10,Masculino,"Rua Epitácio Pessoa, 531 - Altiplano, João Pessoa/PB",(83) 98668-7592,felipe.barbosa.@email.com,Unimed,Dra. Helena Ribeiro Brandão,9876/PB,Oftalmologia,30
77,85,8,8,2025-01-27 16:45:00,Prescrição de óculos / refração,Realizada,Sala 302,243.0,Isabela Nascimento Martins,790.979.646-58,1965-06-28,Feminino,"Rua Epitácio Pessoa, 157 - Centro, João Pessoa/PB",(83) 99954-6188,isabela.nascime@email.com,Unimed,Dra. Helena Ribeiro Brandão,9876/PB,Oftalmologia,30
498,85,8,8,2025-06-25 16:30:00,Prescrição de óculos / refração,Não Compareceu,Sala 302,243.0,Isabela Nascimento Martins,790.979.646-58,1965-06-28,Feminino,"Rua Epitácio Pessoa, 157 - Centro, João Pessoa/PB",(83) 99954-6188,isabela.nascime@email.com,Unimed,Dra. Helena Ribeiro Brandão,9876/PB,Oftalmologia,30
626,85,8,8,2025-08-08 10:15:00,Irritação ocular crônica e olho seco,Realizada,Sala 302,243.0,Isabela Nascimento Martins,790.979.646-58,1965-06-28,Feminino,"Rua Epitácio Pessoa, 157 - Centro, João Pessoa/PB",(83) 99954-6188,isabela.nascime@email.com,Unimed,Dra. Helena Ribeiro Brandão,9876/PB,Oftalmologia,30
1114,85,8,8,2026-01-24 10:15:00,Avaliação de fundo de olho,Realizada,Sala 302,243.0,Isabela Nascimento Martins,790.979.646-58,1965-06-28,Feminino,"Rua Epitácio Pessoa, 157 - Centro, João Pessoa/PB",(83) 99954-6188,isabela.nascime@email.com,Unimed,Dra. Helena Ribeiro Brandão,9876/PB,Oftalmologia,30
767,44,8,8,2025-09-25 16:30:00,Irritação ocular crônica e olho seco,Cancelada,Sala 302,270.0,Rodrigo Dias Martins,408.515.661-10,1977-10-19,Masculino,"Rua Bancários, 2385 - Bessa, João Pessoa/PB",(83) 98622-5700,rodrigo.dias.ma@email.com,Particular,Dra. Helena Ribeiro Brandão,9876/PB,Oftalmologia,30
398,29,8,8,2025-05-21 11:00:00,Prescrição de óculos / refração,Realizada,Sala 302,229.5,Vinicius Albuquerque Luz,182.971.290-18,1975-01-17,Masculino,"Rua Bancários, 501 - Bessa, João Pessoa/PB",(83) 99218-2113,vinicius.albuqu@email.com,SulAmérica,Dra. Helena Ribeiro Brandão,9876/PB,Oftalmologia,30
82,119,8,8,2025-01-28 12:45:00,Irritação ocular crônica e olho seco,Realizada,Sala 302,270.0,Helena Moreira Vieira,758.750.739-51,2012-11-19,Feminino,"Rua Bancários, 289 - Cabo Branco, João Pessoa/PB",(83) 99769-6179,helena.moreira.@email.com,Particular,Dra. Helena Ribeiro Brandão,9876/PB,Oftalmologia,30
584,119,8,8,2025-07-23 16:30:00,Prescrição de óculos / refração,Realizada,Sala 302,270.0,Helena Moreira Vieira,758.750.739-51,2012-11-19,Feminino,"Rua Bancários, 289 - Cabo Branco, João Pessoa/PB",(83) 99769-6179,helena.moreira.@email.com,Particular,Dra. Helena Ribeiro Brandão,9876/PB,Oftalmologia,30
594,119,8,8,2025-07-28 17:15:00,Avaliação de fundo de olho,Não Compareceu,Sala 302,270.0,Helena Moreira Vieira,758.750.739-51,2012-11-19,Feminino,"Rua Bancários, 289 - Cabo Branco, João Pessoa/PB",(83) 99769-6179,helena.moreira.@email.com,Particular,Dra. Helena Ribeiro Brandão,9876/PB,Oftalmologia,30
257,14,8,8,2025-04-03 10:30:00,Prescrição de óculos / refração,Realizada,Sala 302,243.0,Patrícia Cunha Freitas,839.996.836-43,1975-08-01,Feminino,"Rua Epitácio Pessoa, 445 - Cabo Branco, João Pessoa/PB",(83) 99990-9201,patrícia.cunha.@email.com,Unimed,Dra. Helena Ribeiro Brandão,9876/PB,Oftalmologia,30
1221,14,8,8,2026-03-09 17:00:00,Acuidade visual diminuída,Realizada,Sala 302,243.0,Patrícia Cunha Freitas,839.996.836-43,1975-08-01,Feminino,"Rua Epitácio Pessoa, 445 - Cabo Branco, João Pessoa/PB",(83) 99990-9201,patrícia.cunha.@email.com,Unimed,Dra. Helena Ribeiro Brandão,9876/PB,Oftalmologia,30
221,71,8,8,2025-03-21 08:30:00,Irritação ocular crônica e olho seco,Realizada,Sala 302,221.4,André Ferreira Fernandes,518.561.805-86,1964-03-01,Masculino,"Rua das Flores, 1190 - Manaíra, João Pessoa/PB",(83) 98962-5771,andré.ferreira.@email.com,Amil,Dra. Helena Ribeiro Brandão,9876/PB,Oftalmologia,30
1102,71,8,8,2026-01-20 08:45:00,Prescrição de óculos / refração,Realizada,Sala 302,221.4,André Ferreira Fernandes,518.561.805-86,1964-03-01,Masculino,"Rua das Flores, 1190 - Manaíra, João Pessoa/PB",(83) 98962-5771,andré.ferreira.@email.com,Amil,Dra. Helena Ribeiro Brandão,9876/PB,Oftalmologia,30
1611,113,8,8,2026-07-24 08:30:00,Irritação ocular crônica e olho seco,Realizada,Sala 302,270.0,Thiago Dias Dias,415.146.325-60,2017-09-22,Masculino,"Rua das Flores, 1244 - Manaíra, João Pessoa/PB",(83) 99227-1897,thiago.dias.dia@email.com,Particular,Dra. Helena Ribeiro Brandão,9876/PB,Oftalmologia,30
975,25,8,8,2025-12-08 09:30:00,Avaliação de fundo de olho,Realizada,Sala 302,237.6,Wagner Mendonça Filho,982.976.663-22,1964-08-26,Masculino,"Rua Principal, 978 - Manaíra, João Pessoa/PB",(83) 98103-9856,wagner.mendonça@email.com,Bradesco Saúde,Dra. Helena Ribeiro Brandão,9876/PB,Oftalmologia,30
470,89,8,8,2025-06-16 15:30:00,Avaliação de fundo de olho,Não Compareceu,Sala 302,270.0,Marcelo Mendes Gomes,453.701.406-91,1975-02-15,Masculino,"Rua Bancários, 1247 - Altiplano, João Pessoa/PB",(83) 99970-7951,marcelo.mendes.@email.com,Particular,Dra. Helena Ribeiro Brandão,9876/PB,Oftalmologia,30
1179,88,8,8,2026-02-18 16:30:00,Irritação ocular crônica e olho seco,Realizada,Sala 302,229.5,Carlos Oliveira Barbosa,346.609.697-28,2003-10-22,Masculino,"Rua Bancários, 1055 - Altiplano, João Pessoa/PB",(83) 98475-8555,carlos.oliveira@email.com,SulAmérica,Dra. Helena Ribeiro Brandão,9876/PB,Oftalmologia,30
656,15,8,8,2025-08-19 17:15:00,Prescrição de óculos / refração,Não Compareceu,Sala 302,243.0,Bruno Cardoso Tavares,723.303.256-57,1993-11-17,Masculino,"Rua Epitácio Pessoa, 12 - Torre, João Pessoa/PB",(83) 99561-3646,bruno.cardoso.t@email.com,Unimed,Dra. Helena Ribeiro Brandão,9876/PB,Oftalmologia,30
676,15,8,8,2025-08-27 15:45:00,Irritação ocular crônica e olho seco,Cancelada,Sala 302,243.0,Bruno Cardoso Tavares,723.303.256-57,1993-11-17,Masculino,"Rua Epitácio Pessoa, 12 - Torre, João Pessoa/PB",(83) 99561-3646,bruno.cardoso.t@email.com,Unimed,Dra. Helena Ribeiro Brandão,9876/PB,Oftalmologia,30
1051,15,8,8,2026-01-02 16:15:00,Prescrição de óculos / refração,Realizada,Sala 302,243.0,Bruno Cardoso Tavares,723.303.256-57,1993-11-17,Masculino,"Rua Epitácio Pessoa, 12 - Torre, João Pessoa/PB",(83) 99561-3646,bruno.cardoso.t@email.com,Unimed,Dra. Helena Ribeiro Brandão,9876/PB,Oftalmologia,30
1586,15,8,8,2026-07-16 10:00:00,Avaliação de fundo de olho,Realizada,Sala 302,243.0,Bruno Cardoso Tavares,723.303.256-57,1993-11-17,Masculino,"Rua Epitácio Pessoa, 12 - Torre, João Pessoa/PB",(83) 99561-3646,bruno.cardoso.t@email.com,Unimed,Dra. Helena Ribeiro Brandão,9876/PB,Oftalmologia,30
338,110,8,8,2025-05-01 10:00:00,Irritação ocular crônica e olho seco,Realizada,Sala 302,243.0,Carlos Lima Nascimento,106.285.990-28,1994-06-12,Masculino,"Rua das Flores, 135 - Tambaú, João Pessoa/PB",(83) 99159-7566,carlos.lima.nas@email.com,Unimed,Dra. Helena Ribeiro Brandão,9876/PB,Oftalmologia,30
1655,110,8,8,2026-08-07 17:00:00,Avaliação de fundo de olho,Realizada,Sala 302,243.0,Carlos Lima Nascimento,106.285.990-28,1994-06-12,Masculino,"Rua das Flores, 135 - Tambaú, João Pessoa/PB",(83) 99159-7566,carlos.lima.nas@email.com,Unimed,Dra. Helena Ribeiro Brandão,9876/PB,Oftalmologia,30
249,23,8,8,2025-04-01 08:00:00,Prescrição de óculos / refração,Não Compareceu,Sala 302,243.0,Henrique Fagundes Moura,846.155.789-93,2007-08-28,Masculino,"Rua Bancários, 1399 - Manaíra, João Pessoa/PB",(83) 99323-2612,henrique.fagund@email.com,Unimed,Dra. Helena Ribeiro Brandão,9876/PB,Oftalmologia,30
513,23,8,8,2025-06-30 17:00:00,Irritação ocular crônica e olho seco,Realizada,Sala 302,243.0,Henrique Fagundes Moura,846.155.789-93,2007-08-28,Masculino,"Rua Bancários, 1399 - Manaíra, João Pessoa/PB",(83) 99323-2612,henrique.fagund@email.com,Unimed,Dra. Helena Ribeiro Brandão,9876/PB,Oftalmologia,30
107,39,8,8,2025-02-06 16:45:00,Prescrição de óculos / refração,Realizada,Sala 302,229.5,Camila Nunes Nascimento,139.979.581-38,1968-07-28,Feminino,"Rua dos Ipês, 942 - Mangabeira, João Pessoa/PB",(83) 98408-8541,camila.nunes.na@email.com,SulAmérica,Dra. Helena Ribeiro Brandão,9876/PB,Oftalmologia,30
829,39,8,8,2025-10-15 14:30:00,Prescrição de óculos / refração,Realizada,Sala 302,229.5,Camila Nunes Nascimento,139.979.581-38,1968-07-28,Feminino,"Rua dos Ipês, 942 - Mangabeira, João Pessoa/PB",(83) 98408-8541,camila.nunes.na@email.com,SulAmérica,Dra. Helena Ribeiro Brandão,9876/PB,Oftalmologia,30
1416,70,8,8,2026-05-21 12:00:00,Irritação ocular crônica e olho seco,Realizada,Sala 302,216.0,Patrícia Machado Vieira,735.161.724-22,2009-05-19,Feminino,"Rua dos Ipês, 342 - Bessa, João Pessoa/PB",(83) 99940-4404,patrícia.machad@email.com,Cassi,Dra. Helena Ribeiro Brandão,9876/PB,Oftalmologia,30
1629,70,8,8,2026-07-31 09:30:00,Irritação ocular crônica e olho seco,Realizada,Sala 302,216.0,Patrícia Machado Vieira,735.161.724-22,2009-05-19,Feminino,"Rua dos Ipês, 342 - Bessa, João Pessoa/PB",(83) 99940-4404,patrícia.machad@email.com,Cassi,Dra. Helena Ribeiro Brandão,9876/PB,Oftalmologia,30
615,74,8,8,2025-08-05 11:30:00,Irritação ocular crônica e olho seco,Realizada,Sala 302,221.4,Bruna Lima Soares,712.140.542-51,2018-08-03,Feminino,"Rua Principal, 947 - Manaíra, João Pessoa/PB",(83) 99236-5102,bruna.lima.soar@email.com,Amil,Dra. Helena Ribeiro Brandão,9876/PB,Oftalmologia,30
758,74,8,8,2025-09-23 15:15:00,Avaliação de fundo de olho,Realizada,Sala 302,221.4,Bruna Lima Soares,712.140.542-51,2018-08-03,Feminino,"Rua Principal, 947 - Manaíra, João Pessoa/PB",(83) 99236-5102,bruna.lima.soar@email.com,Amil,Dra. Helena Ribeiro Brandão,9876/PB,Oftalmologia,30
1336,74,8,8,2026-04-22 16:30:00,Prescrição de óculos / refração,Realizada,Sala 302,221.4,Bruna Lima Soares,712.140.542-51,2018-08-03,Feminino,"Rua Principal, 947 - Manaíra, João Pessoa/PB",(83) 99236-5102,bruna.lima.soar@email.com,Amil,Dra. Helena Ribeiro Brandão,9876/PB,Oftalmologia,30
1325,49,8,8,2026-04-20 17:15:00,Irritação ocular crônica e olho seco,Realizada,Sala 302,237.6,Gabriela Almeida Mendes,586.560.365-41,1975-12-28,Feminino,"Rua Bancários, 989 - Torre, João Pessoa/PB",(83) 99720-5543,gabriela.almeid@email.com,Bradesco Saúde,Dra. Helena Ribeiro Brandão,9876/PB,Oftalmologia,30
340,11,8,8,2025-05-01 15:45:00,Avaliação de fundo de olho,Não Compareceu,Sala 302,243.0,Antônio Moreira Guimarães,470.324.241-75,2009-10-13,Masculino,"Rua Principal, 636 - Manaíra, João Pessoa/PB",(83) 99010-2489,antônio.moreira@email.com,Unimed,Dra. Helena Ribeiro Brandão,9876/PB,Oftalmologia,30
1697,11,8,8,2026-08-25 08:45:00,Avaliação de fundo de olho,Não Compareceu,Sala 302,243.0,Antônio Moreira Guimarães,470.324.241-75,2009-10-13,Masculino,"Rua Principal, 636 - Manaíra, João Pessoa/PB",(83) 99010-2489,antônio.moreira@email.com,Unimed,Dra. Helena Ribeiro Brandão,9876/PB,Oftalmologia,30
1265,82,8,8,2026-03-26 09:15:00,Avaliação de fundo de olho,Realizada,Sala 302,229.5,Helena Vieira Dias,651.595.453-52,2017-03-15,Feminino,"Rua Bancários, 1328 - Bancários, João Pessoa/PB",(83) 99130-9903,helena.vieira.d@email.com,SulAmérica,Dra. Helena Ribeiro Brandão,9876/PB,Oftalmologia,30
1516,82,8,8,2026-06-24 14:30:00,Avaliação de fundo de olho,Realizada,Sala 302,229.5,Helena Vieira Dias,651.595.453-52,2017-03-15,Feminino,"Rua Bancários, 1328 - Bancários, João Pessoa/PB",(83) 99130-9903,helena.vieira.d@email.com,SulAmérica,Dra. Helena Ribeiro Brandão,9876/PB,Oftalmologia,30
616,73,8,8,2025-08-05 13:00:00,Acuidade visual diminuída,Realizada,Sala 302,243.0,Gabriel Freitas Lima,269.911.414-86,1973-02-02,Masculino,"Rua Principal, 1929 - Centro, João Pessoa/PB",(83) 99533-5728,gabriel.freitas@email.com,Unimed,Dra. Helena Ribeiro Brandão,9876/PB,Oftalmologia,30
1197,73,8,8,2026-02-26 08:30:00,Avaliação de fundo de olho,Realizada,Sala 302,243.0,Gabriel Freitas Lima,269.911.414-86,1973-02-02,Masculino,"Rua Principal, 1929 - Centro, João Pessoa/PB",(83) 99533-5728,gabriel.freitas@email.com,Unimed,Dra. Helena Ribeiro Brandão,9876/PB,Oftalmologia,30
1025,50,8,8,2025-12-24 12:00:00,Acuidade visual diminuída,Realizada,Sala 302,243.0,Débora Oliveira Nascimento,443.427.653-20,1991-04-09,Feminino,"Rua Bancários, 635 - Bessa, João Pessoa/PB",(83) 98283-3471,débora.oliveira@email.com,Unimed,Dra. Helena Ribeiro Brandão,9876/PB,Oftalmologia,30
1201,50,8,8,2026-02-27 09:30:00,Avaliação de fundo de olho,Realizada,Sala 302,243.0,Débora Oliveira Nascimento,443.427.653-20,1991-04-09,Feminino,"Rua Bancários, 635 - Bessa, João Pessoa/PB",(83) 98283-3471,débora.oliveira@email.com,Unimed,Dra. Helena Ribeiro Brandão,9876/PB,Oftalmologia,30
1360,50,8,8,2026-05-02 08:45:00,Acuidade visual diminuída,Realizada,Sala 302,243.0,Débora Oliveira Nascimento,443.427.653-20,1991-04-09,Feminino,"Rua Bancários, 635 - Bessa, João Pessoa/PB",(83) 98283-3471,débora.oliveira@email.com,Unimed,Dra. Helena Ribeiro Brandão,9876/PB,Oftalmologia,30
1346,56,8,8,2026-04-27 12:15:00,Acuidade visual diminuída,Não Compareceu,Sala 302,270.0,Lucas Moreira Rocha,304.959.120-89,1960-01-08,Masculino,"Rua Bancários, 478 - Cabo Branco, João Pessoa/PB",(83) 98312-4908,lucas.moreira.r@email.com,Particular,Dra. Helena Ribeiro Brandão,9876/PB,Oftalmologia,30
1164,35,8,8,2026-02-11 13:30:00,Acuidade visual diminuída,Realizada,Sala 302,216.0,Letícia Mendes Freitas,533.949.383-15,1961-02-21,Feminino,"Rua Esperança, 1082 - Cabo Branco, João Pessoa/PB",(83) 98007-6464,letícia.mendes.@email.com,Cassi,Dra. Helena Ribeiro Brandão,9876/PB,Oftalmologia,30
359,46,8,8,2025-05-09 09:15:00,Avaliação de fundo de olho,Realizada,Sala 302,229.5,André Dias Gomes,125.147.350-70,1983-04-05,Masculino,"Rua Bancários, 2367 - Centro, João Pessoa/PB",(83) 99251-2193,andré.dias.gome@email.com,SulAmérica,Dra. Helena Ribeiro Brandão,9876/PB,Oftalmologia,30
919,36,8,8,2025-11-14 17:15:00,Avaliação de fundo de olho,Não Compareceu,Sala 302,221.4,Marcelo Fernandes Nascimento,214.177.807-29,2009-09-01,Masculino,"Rua Epitácio Pessoa, 2273 - Mangabeira, João Pessoa/PB",(83) 99117-1590,marcelo.fernand@email.com,Amil,Dra. Helena Ribeiro Brandão,9876/PB,Oftalmologia,30
1204,36,8,8,2026-02-28 08:15:00,Prescrição de óculos / refração,Realizada,Sala 302,221.4,Marcelo Fernandes Nascimento,214.177.807-29,2009-09-01,Masculino,"Rua Epitácio Pessoa, 2273 - Mangabeira, João Pessoa/PB",(83) 99117-1590,marcelo.fernand@email.com,Amil,Dra. Helena Ribeiro Brandão,9876/PB,Oftalmologia,30
164,13,8,8,2025-02-28 15:30:00,Acuidade visual diminuída,Não Compareceu,Sala 302,221.4,Rodrigo Teixeira Santos,217.798.649-44,1956-11-24,Masculino,"Rua dos Ipês, 1790 - Tambaú, João Pessoa/PB",(83) 99574-6573,rodrigo.teixeir@email.com,Amil,Dra. Helena Ribeiro Brandão,9876/PB,Oftalmologia,30
595,13,8,8,2025-07-28 12:45:00,Prescrição de óculos / refração,Realizada,Sala 302,221.4,Rodrigo Teixeira Santos,217.798.649-44,1956-11-24,Masculino,"Rua dos Ipês, 1790 - Tambaú, João Pessoa/PB",(83) 99574-6573,rodrigo.teixeir@email.com,Amil,Dra. Helena Ribeiro Brandão,9876/PB,Oftalmologia,30
175,41,8,8,2025-03-05 17:00:00,Acuidade visual diminuída,Realizada,Sala 302,243.0,Maria Souza Mendes,371.139.211-86,1988-03-19,Feminino,"Rua Bancários, 2493 - Mangabeira, João Pessoa/PB",(83) 98889-6663,maria.souza.men@email.com,Unimed,Dra. Helena Ribeiro Brandão,9876/PB,Oftalmologia,30
903,41,8,8,2025-11-10 16:45:00,Acuidade visual diminuída,Não Compareceu,Sala 302,243.0,Maria Souza Mendes,371.139.211-86,1988-03-19,Feminino,"Rua Bancários, 2493 - Mangabeira, João Pessoa/PB",(83) 98889-6663,maria.souza.men@email.com,Unimed,Dra. Helena Ribeiro Brandão,9876/PB,Oftalmologia,30
403,63,8,8,2025-05-22 17:00:00,Prescrição de óculos / refração,Realizada,Sala 302,221.4,Fernando Alves Oliveira,600.668.876-40,1985-12-14,Masculino,"Rua Bancários, 80 - Centro, João Pessoa/PB",(83) 99414-8800,fernando.alves.@email.com,Amil,Dra. Helena Ribeiro Brandão,9876/PB,Oftalmologia,30
545,63,8,8,2025-07-09 10:15:00,Acuidade visual diminuída,Realizada,Sala 302,221.4,Fernando Alves Oliveira,600.668.876-40,1985-12-14,Masculino,"Rua Bancários, 80 - Centro, João Pessoa/PB",(83) 99414-8800,fernando.alves.@email.com,Amil,Dra. Helena Ribeiro Brandão,9876/PB,Oftalmologia,30
846,63,8,8,2025-10-21 08:45:00,Prescrição de óculos / refração,Realizada,Sala 302,221.4,Fernando Alves Oliveira,600.668.876-40,1985-12-14,Masculino,"Rua Bancários, 80 - Centro, João Pessoa/PB",(83) 99414-8800,fernando.alves.@email.com,Amil,Dra. Helena Ribeiro Brandão,9876/PB,Oftalmologia,30
1034,22,8,8,2025-12-27 08:00:00,Avaliação de fundo de olho,Não Compareceu,Sala 302,243.0,Débora Silveira Campos,584.926.516-34,2015-04-26,Feminino,"Rua dos Ipês, 1744 - Bancários, João Pessoa/PB",(83) 98193-2588,débora.silveira@email.com,Unimed,Dra. Helena Ribeiro Brandão,9876/PB,Oftalmologia,30
1457,22,8,8,2026-06-05 08:30:00,Acuidade visual diminuída,Não Compareceu,Sala 302,243.0,Débora Silveira Campos,584.926.516-34,2015-04-26,Feminino,"Rua dos Ipês, 1744 - Bancários, João Pessoa/PB",(83) 98193-2588,débora.silveira@email.com,Unimed,Dra. Helena Ribeiro Brandão,9876/PB,Oftalmologia,30
1494,22,8,8,2026-06-18 08:15:00,Prescrição de óculos / refração,Realizada,Sala 302,243.0,Débora Silveira Campos,584.926.516-34,2015-04-26,Feminino,"Rua dos Ipês, 1744 - Bancários, João Pessoa/PB",(83) 98193-2588,débora.silveira@email.com,Unimed,Dra. Helena Ribeiro Brandão,9876/PB,Oftalmologia,30
854,102,8,8,2025-10-22 10:15:00,Acuidade visual diminuída,Realizada,Sala 302,229.5,Diego Santos Rodrigues,863.165.587-67,2008-09-04,Masculino,"Rua Epitácio Pessoa, 456 - Torre, João Pessoa/PB",(83) 99593-6931,diego.santos.ro@email.com,SulAmérica,Dra. Helena Ribeiro Brandão,9876/PB,Oftalmologia,30
1549,102,8,8,2026-07-03 11:30:00,Acuidade visual diminuída,Não Compareceu,Sala 302,229.5,Diego Santos Rodrigues,863.165.587-67,2008-09-04,Masculino,"Rua Epitácio Pessoa, 456 - Torre, João Pessoa/PB",(83) 99593-6931,diego.santos.ro@email.com,SulAmérica,Dra. Helena Ribeiro Brandão,9876/PB,Oftalmologia,30
286,96,8,8,2025-04-12 13:30:00,Acuidade visual diminuída,Realizada,Sala 302,237.6,Isabela Pereira Rocha,575.817.409-93,1963-11-27,Feminino,"Rua Principal, 162 - Cabo Branco, João Pessoa/PB",(83) 98836-2911,isabela.pereira@email.com,Bradesco Saúde,Dra. Helena Ribeiro Brandão,9876/PB,Oftalmologia,30
1590,30,8,8,2026-07-17 13:30:00,Irritação ocular crônica e olho seco,Realizada,Sala 302,243.0,Letícia Holanda Freire,140.734.183-63,1986-10-20,Feminino,"Rua dos Ipês, 846 - Mangabeira, João Pessoa/PB",(83) 99346-9565,letícia.holanda@email.com,Unimed,Dra. Helena Ribeiro Brandão,9876/PB,Oftalmologia,30
779,60,8,8,2025-09-29 16:45:00,Acuidade visual diminuída,Realizada,Sala 302,243.0,Rodrigo Ribeiro Rocha,545.280.851-76,2013-12-05,Masculino,"Rua Epitácio Pessoa, 1990 - Jaguaribe, João Pessoa/PB",(83) 99977-5425,rodrigo.ribeiro@email.com,Unimed,Dra. Helena Ribeiro Brandão,9876/PB,Oftalmologia,30
882,92,8,8,2025-11-01 10:00:00,Avaliação de fundo de olho,Realizada,Sala 302,221.4,Beatriz Rocha Souza,551.134.693-56,1960-05-26,Feminino,"Rua dos Ipês, 1348 - Tambaú, João Pessoa/PB",(83) 99499-3153,beatriz.rocha.s@email.com,Amil,Dra. Helena Ribeiro Brandão,9876/PB,Oftalmologia,30
993,92,8,8,2025-12-12 10:45:00,Prescrição de óculos / refração,Realizada,Sala 302,221.4,Beatriz Rocha Souza,551.134.693-56,1960-05-26,Feminino,"Rua dos Ipês, 1348 - Tambaú, João Pessoa/PB",(83) 99499-3153,beatriz.rocha.s@email.com,Amil,Dra. Helena Ribeiro Brandão,9876/PB,Oftalmologia,30
1023,92,8,8,2025-12-24 11:15:00,Acuidade visual diminuída,Realizada,Sala 302,221.4,Beatriz Rocha Souza,551.134.693-56,1960-05-26,Feminino,"Rua dos Ipês, 1348 - Tambaú, João Pessoa/PB",(83) 99499-3153,beatriz.rocha.s@email.com,Amil,Dra. Helena Ribeiro Brandão,9876/PB,Oftalmologia,30
1444,26,8,8,2026-06-01 09:00:00,Avaliação de fundo de olho,Realizada,Sala 302,221.4,Renata Vasconcelos Paiva,592.318.985-61,1976-07-16,Feminino,"Rua Bancários, 18 - Cabo Branco, João Pessoa/PB",(83) 99848-1960,renata.vasconce@email.com,Amil,Dra. Helena Ribeiro Brandão,9876/PB,Oftalmologia,30
1338,16,8,8,2026-04-23 11:00:00,Irritação ocular crônica e olho seco,Realizada,Sala 302,243.0,Aline Meireles Pontes,214.471.999-49,1996-08-01,Feminino,"Rua Epitácio Pessoa, 332 - Bessa, João Pessoa/PB",(83) 98490-1949,aline.meireles.@email.com,Unimed,Dra. Helena Ribeiro Brandão,9876/PB,Oftalmologia,30
1511,16,8,8,2026-06-23 15:30:00,Irritação ocular crônica e olho seco,Não Compareceu,Sala 302,243.0,Aline Meireles Pontes,214.471.999-49,1996-08-01,Feminino,"Rua Epitácio Pessoa, 332 - Bessa, João Pessoa/PB",(83) 98490-1949,aline.meireles.@email.com,Unimed,Dra. Helena Ribeiro Brandão,9876/PB,Oftalmologia,30
1607,16,8,8,2026-07-23 17:30:00,Irritação ocular crônica e olho seco,Realizada,Sala 302,243.0,Aline Meireles Pontes,214.471.999-49,1996-08-01,Feminino,"Rua Epitácio Pessoa, 332 - Bessa, João Pessoa/PB",(83) 98490-1949,aline.meireles.@email.com,Unimed,Dra. Helena Ribeiro Brandão,9876/PB,Oftalmologia,30
270,61,8,8,2025-04-09 12:00:00,Avaliação de fundo de olho,Realizada,Sala 302,237.6,Carolina Marques Andrade,351.950.188-45,1989-06-28,Feminino,"Rua Bancários, 2344 - Bessa, João Pessoa/PB",(83) 99805-8385,carolina.marque@email.com,Bradesco Saúde,Dra. Helena Ribeiro Brandão,9876/PB,Oftalmologia,30
1149,116,8,8,2026-02-05 09:45:00,Prescrição de óculos / refração,Cancelada,Sala 302,270.0,Fernanda Martins Silva,732.571.951-98,1996-03-26,Feminino,"Rua Bancários, 443 - Tambaú, João Pessoa/PB",(83) 99883-6928,fernanda.martin@email.com,Particular,Dra. Helena Ribeiro Brandão,9876/PB,Oftalmologia,30
1713,116,8,8,2026-09-08 09:00:00,Retorno de rotina programado,Agendada,Sala 302,270.0,Fernanda Martins Silva,732.571.951-98,1996-03-26,Feminino,"Rua Bancários, 443 - Tambaú, João Pessoa/PB",(83) 99883-6928,fernanda.martin@email.com,Particular,Dra. Helena Ribeiro Brandão,9876/PB,Oftalmologia,30
1059,69,8,8,2026-01-06 13:15:00,Irritação ocular crônica e olho seco,Realizada,Sala 302,243.0,Gabriel Rodrigues Nunes,221.671.882-63,1993-02-08,Masculino,"Rua Bancários, 1855 - Torre, João Pessoa/PB",(83) 99241-4697,gabriel.rodrigu@email.com,Unimed,Dra. Helena Ribeiro Brandão,9876/PB,Oftalmologia,30
560,64,8,8,2025-07-15 16:00:00,Avaliação de fundo de olho,Realizada,Sala 302,237.6,Thiago Pereira Martins,695.477.584-80,1986-05-22,Masculino,"Rua Esperança, 2264 - Bancários, João Pessoa/PB",(83) 99087-6632,thiago.pereira.@email.com,Bradesco Saúde,Dra. Helena Ribeiro Brandão,9876/PB,Oftalmologia,30
380,37,8,8,2025-05-15 14:45:00,Acuidade visual diminuída,Realizada,Sala 302,243.0,Rodrigo Rodrigues Santos,981.140.466-36,1994-06-26,Masculino,"Rua dos Ipês, 2303 - Tambaú, João Pessoa/PB",(83) 99396-5088,rodrigo.rodrigu@email.com,Unimed,Dra. Helena Ribeiro Brandão,9876/PB,Oftalmologia,30
913,78,8,8,2025-11-13 08:00:00,Avaliação de fundo de olho,Realizada,Sala 302,243.0,Fernando Ribeiro Barbosa,878.152.308-44,2018-11-15,Masculino,"Rua Bancários, 1995 - Altiplano, João Pessoa/PB",(83) 99124-3146,fernando.ribeir@email.com,Unimed,Dra. Helena Ribeiro Brandão,9876/PB,Oftalmologia,30
1451,80,8,8,2026-06-03 17:15:00,Prescrição de óculos / refração,Não Compareceu,Sala 302,243.0,Gabriel Lopes Freitas,379.525.954-71,1992-09-23,Masculino,"Rua Epitácio Pessoa, 602 - Centro, João Pessoa/PB",(83) 98967-4993,gabriel.lopes.f@email.com,Unimed,Dra. Helena Ribeiro Brandão,9876/PB,Oftalmologia,30
1485,28,8,8,2026-06-16 12:00:00,Prescrição de óculos / refração,Realizada,Sala 302,237.6,Tatiane Farias Medeiros,853.655.162-50,1982-01-19,Feminino,"Rua Bancários, 2069 - Jaguaribe, João Pessoa/PB",(83) 98117-1821,tatiane.farias.@email.com,Bradesco Saúde,Dra. Helena Ribeiro Brandão,9876/PB,Oftalmologia,30
